datetime,date,hour,day_of_week,month,is_weekend,temperature_2m,relative_humidity_2m,apparent_temperature,precipitation,wind_speed_10m,shortwave_radiation,is_day
2025-05-01T00:00,2025-05-01,0,Thursday,5,0,23.5,44,22.8,0.0,6.1,0.0,0
2025-05-01T01:00,2025-05-01,1,Thursday,5,0,22.9,44,22.0,0.0,5.5,0.0,0
2025-05-01T02:00,2025-05-01,2,Thursday,5,0,22.1,45,21.1,0.0,6.1,0.0,0
2025-05-01T03:00,2025-05-01,3,Thursday,5,0,21.8,45,20.5,0.0,7.5,0.0,0
2025-05-01T04:00,2025-05-01,4,Thursday,5,0,21.7,44,20.3,0.0,7.9,0.0,0
2025-05-01T05:00,2025-05-01,5,Thursday,5,0,22.0,41,20.2,0.0,8.7,0.0,0
2025-05-01T06:00,2025-05-01,6,Thursday,5,0,25.8,44,25.4,0.0,7.9,16.0,1
2025-05-01T07:00,2025-05-01,7,Thursday,5,0,28.6,39,28.6,0.0,7.5,135.0,1
2025-05-01T08:00,2025-05-01,8,Thursday,5,0,32.0,34,32.1,0.0,8.8,321.0,1
2025-05-01T09:00,2025-05-01,9,Thursday,5,0,33.2,33,32.9,0.0,13.3,516.0,1
2025-05-01T10:00,2025-05-01,10,Thursday,5,0,34.7,30,35.0,0.0,13.2,685.0,1
2025-05-01T11:00,2025-05-01,11,Thursday,5,0,33.0,34,34.6,0.5,10.3,816.0,1
2025-05-01T12:00,2025-05-01,12,Thursday,5,0,29.5,42,27.5,0.0,24.6,411.0,1
2025-05-01T13:00,2025-05-01,13,Thursday,5,0,31.6,33,31.7,0.0,6.7,460.0,1
2025-05-01T14:00,2025-05-01,14,Thursday,5,0,33.2,30,32.8,0.0,9.9,517.0,1
2025-05-01T15:00,2025-05-01,15,Thursday,5,0,33.8,26,34.2,0.0,1.5,439.0,1
2025-05-01T16:00,2025-05-01,16,Thursday,5,0,33.5,27,33.2,0.0,6.1,353.0,1
2025-05-01T17:00,2025-05-01,17,Thursday,5,0,33.0,28,33.7,0.0,0.8,196.0,1
2025-05-01T18:00,2025-05-01,18,Thursday,5,0,29.4,42,30.0,0.0,6.7,73.0,1
2025-05-01T19:00,2025-05-01,19,Thursday,5,0,28.9,43,30.0,0.0,3.3,13.0,0
2025-05-01T20:00,2025-05-01,20,Thursday,5,0,27.8,46,29.2,0.0,2.1,0.0,0
2025-05-01T21:00,2025-05-01,21,Thursday,5,0,27.2,49,28.2,0.0,5.8,0.0,0
2025-05-01T22:00,2025-05-01,22,Thursday,5,0,26.6,51,27.6,0.0,6.6,0.0,0
2025-05-01T23:00,2025-05-01,23,Thursday,5,0,24.7,56,26.1,0.0,3.3,0.0,0
2025-05-02T00:00,2025-05-02,0,Friday,5,1,23.4,62,24.9,0.0,2.4,0.0,0
2025-05-02T01:00,2025-05-02,1,Friday,5,1,22.8,64,24.6,0.0,0.4,0.0,0
2025-05-02T02:00,2025-05-02,2,Friday,5,1,22.5,65,24.4,0.0,0.3,0.0,0
2025-05-02T03:00,2025-05-02,3,Friday,5,1,22.1,65,23.6,0.0,1.5,0.0,0
2025-05-02T04:00,2025-05-02,4,Friday,5,1,21.9,62,22.5,0.0,5.2,0.0,0
2025-05-02T05:00,2025-05-02,5,Friday,5,1,21.5,59,21.5,0.0,6.8,0.0,0
2025-05-02T06:00,2025-05-02,6,Friday,5,1,21.9,60,22.3,0.0,5.6,16.0,1
2025-05-02T07:00,2025-05-02,7,Friday,5,1,24.5,54,25.2,0.0,5.6,128.0,1
2025-05-02T08:00,2025-05-02,8,Friday,5,1,28.3,43,29.8,0.0,0.6,311.0,1
2025-05-02T09:00,2025-05-02,9,Friday,5,1,30.9,39,31.6,0.0,7.1,504.0,1
2025-05-02T10:00,2025-05-02,10,Friday,5,1,31.9,37,33.3,0.0,8.5,677.0,1
2025-05-02T11:00,2025-05-02,11,Friday,5,1,29.6,45,29.7,0.3,22.6,804.0,1
2025-05-02T12:00,2025-05-02,12,Friday,5,1,26.1,62,28.1,6.1,7.7,566.0,1
2025-05-02T13:00,2025-05-02,13,Friday,5,1,24.9,62,26.0,0.0,9.5,114.0,1
2025-05-02T14:00,2025-05-02,14,Friday,5,1,26.0,57,27.4,0.2,7.6,203.0,1
2025-05-02T15:00,2025-05-02,15,Friday,5,1,27.5,53,28.9,0.0,7.8,358.0,1
2025-05-02T16:00,2025-05-02,16,Friday,5,1,27.9,51,28.9,0.0,9.5,282.0,1
2025-05-02T17:00,2025-05-02,17,Friday,5,1,28.2,51,29.8,0.0,6.3,243.0,1
2025-05-02T18:00,2025-05-02,18,Friday,5,1,26.9,54,27.9,0.0,10.0,85.0,1
2025-05-02T19:00,2025-05-02,19,Friday,5,1,25.7,58,26.8,0.0,8.9,23.0,0
2025-05-02T20:00,2025-05-02,20,Friday,5,1,24.5,62,26.7,0.0,1.7,0.0,0
2025-05-02T21:00,2025-05-02,21,Friday,5,1,23.6,66,25.6,0.0,2.8,0.0,0
2025-05-02T22:00,2025-05-02,22,Friday,5,1,23.1,70,25.6,0.0,1.1,0.0,0
2025-05-02T23:00,2025-05-02,23,Friday,5,1,22.0,76,24.6,0.0,0.4,0.0,0
2025-05-03T00:00,2025-05-03,0,Saturday,5,1,21.1,81,23.7,0.0,1.0,0.0,0
2025-05-03T01:00,2025-05-03,1,Saturday,5,1,20.4,85,22.9,0.0,2.0,0.0,0
2025-05-03T02:00,2025-05-03,2,Saturday,5,1,20.3,85,22.8,0.0,2.1,0.0,0
2025-05-03T03:00,2025-05-03,3,Saturday,5,1,19.9,86,22.3,0.0,1.5,0.0,0
2025-05-03T04:00,2025-05-03,4,Saturday,5,1,19.5,86,21.8,0.0,1.1,0.0,0
2025-05-03T05:00,2025-05-03,5,Saturday,5,1,19.0,87,21.1,0.0,2.1,0.0,0
2025-05-03T06:00,2025-05-03,6,Saturday,5,1,20.5,83,22.7,0.0,3.0,17.0,1
2025-05-03T07:00,2025-05-03,7,Saturday,5,1,23.1,71,25.6,0.0,1.0,127.0,1
2025-05-03T08:00,2025-05-03,8,Saturday,5,1,25.5,57,27.6,0.0,0.9,287.0,1
2025-05-03T09:00,2025-05-03,9,Saturday,5,1,28.4,43,29.6,0.0,1.6,459.0,1
2025-05-03T10:00,2025-05-03,10,Saturday,5,1,29.6,38,30.5,0.0,4.0,578.0,1
2025-05-03T11:00,2025-05-03,11,Saturday,5,1,28.5,44,28.6,0.2,10.2,509.0,1
2025-05-03T12:00,2025-05-03,12,Saturday,5,1,28.6,42,29.4,0.9,8.0,640.0,1
2025-05-03T13:00,2025-05-03,13,Saturday,5,1,29.3,40,29.8,0.0,7.6,597.0,1
2025-05-03T14:00,2025-05-03,14,Saturday,5,1,29.9,37,30.1,0.0,8.1,583.0,1
2025-05-03T15:00,2025-05-03,15,Saturday,5,1,30.5,36,31.2,0.0,4.7,571.0,1
2025-05-03T16:00,2025-05-03,16,Saturday,5,1,30.3,36,31.0,0.2,2.4,403.0,1
2025-05-03T17:00,2025-05-03,17,Saturday,5,1,29.5,37,29.9,0.1,4.3,228.0,1
2025-05-03T18:00,2025-05-03,18,Saturday,5,1,28.5,37,27.6,0.0,10.6,136.0,1
2025-05-03T19:00,2025-05-03,19,Saturday,5,1,26.9,40,26.3,0.0,8.3,27.0,0
2025-05-03T20:00,2025-05-03,20,Saturday,5,1,25.2,48,25.8,0.0,3.3,0.0,0
2025-05-03T21:00,2025-05-03,21,Saturday,5,1,24.0,56,25.2,0.0,1.4,0.0,0
2025-05-03T22:00,2025-05-03,22,Saturday,5,1,22.9,62,24.2,0.0,3.0,0.0,0
2025-05-03T23:00,2025-05-03,23,Saturday,5,1,22.2,67,23.6,0.0,4.8,0.0,0
2025-05-04T00:00,2025-05-04,0,Sunday,5,1,21.3,73,22.8,0.0,4.5,0.0,0
2025-05-04T01:00,2025-05-04,1,Sunday,5,1,20.8,74,22.0,0.0,5.2,0.0,0
2025-05-04T02:00,2025-05-04,2,Sunday,5,1,20.0,76,21.2,0.0,4.4,0.0,0
2025-05-04T03:00,2025-05-04,3,Sunday,5,1,19.4,78,20.6,0.0,4.2,0.0,0
2025-05-04T04:00,2025-05-04,4,Sunday,5,1,19.2,78,20.4,0.0,3.6,0.0,0
2025-05-04T05:00,2025-05-04,5,Sunday,5,1,19.1,77,20.2,0.0,4.3,0.0,0
2025-05-04T06:00,2025-05-04,6,Sunday,5,1,22.4,68,24.0,0.0,3.6,18.0,1
2025-05-04T07:00,2025-05-04,7,Sunday,5,1,25.0,57,26.1,0.0,5.2,127.0,1
2025-05-04T08:00,2025-05-04,8,Sunday,5,1,28.2,43,28.9,0.0,6.0,278.0,1
2025-05-04T09:00,2025-05-04,9,Sunday,5,1,26.9,49,27.7,1.1,7.0,422.0,1
2025-05-04T10:00,2025-05-04,10,Sunday,5,1,27.2,48,27.9,0.2,7.0,342.0,1
2025-05-04T11:00,2025-05-04,11,Sunday,5,1,30.6,36,32.1,0.0,4.7,704.0,1
2025-05-04T12:00,2025-05-04,12,Sunday,5,1,30.2,36,31.3,0.5,4.4,643.0,1
2025-05-04T13:00,2025-05-04,13,Sunday,5,1,29.0,40,29.5,0.3,12.3,724.0,1
2025-05-04T14:00,2025-05-04,14,Sunday,5,1,31.3,32,31.7,0.0,4.0,563.0,1
2025-05-04T15:00,2025-05-04,15,Sunday,5,1,31.4,29,31.5,0.0,1.9,534.0,1
2025-05-04T16:00,2025-05-04,16,Sunday,5,1,30.6,32,30.3,0.0,6.3,371.0,1
2025-05-04T17:00,2025-05-04,17,Sunday,5,1,30.4,33,30.7,0.0,2.4,318.0,1
2025-05-04T18:00,2025-05-04,18,Sunday,5,1,26.6,52,27.9,0.0,5.4,141.0,1
2025-05-04T19:00,2025-05-04,19,Sunday,5,1,25.2,59,27.0,0.0,3.7,24.0,0
2025-05-04T20:00,2025-05-04,20,Sunday,5,1,24.6,63,26.8,0.0,2.4,0.0,0
2025-05-04T21:00,2025-05-04,21,Sunday,5,1,23.4,71,25.7,0.0,3.9,0.0,0
2025-05-04T22:00,2025-05-04,22,Sunday,5,1,22.4,78,25.0,0.0,2.8,0.0,0
2025-05-04T23:00,2025-05-04,23,Sunday,5,1,21.4,81,23.9,0.0,2.9,0.0,0
2025-05-05T00:00,2025-05-05,0,Monday,5,0,20.8,83,23.3,0.0,1.7,0.0,0
2025-05-05T01:00,2025-05-05,1,Monday,5,0,20.1,85,22.4,0.0,3.0,0.0,0
2025-05-05T02:00,2025-05-05,2,Monday,5,0,19.9,83,21.7,0.0,3.6,0.0,0
2025-05-05T03:00,2025-05-05,3,Monday,5,0,19.8,78,21.3,0.0,3.7,0.0,0
2025-05-05T04:00,2025-05-05,4,Monday,5,0,19.7,77,21.1,0.0,3.4,0.0,0
2025-05-05T05:00,2025-05-05,5,Monday,5,0,19.6,76,21.1,0.0,2.8,0.0,0
2025-05-05T06:00,2025-05-05,6,Monday,5,0,20.5,74,21.7,0.0,5.2,19.0,1
2025-05-05T07:00,2025-05-05,7,Monday,5,0,22.6,62,23.7,0.0,4.6,120.0,1
2025-05-05T08:00,2025-05-05,8,Monday,5,0,25.8,49,26.8,0.0,2.4,297.0,1
2025-05-05T09:00,2025-05-05,9,Monday,5,0,27.2,48,28.2,0.0,6.1,441.0,1
2025-05-05T10:00,2025-05-05,10,Monday,5,0,28.9,45,30.5,0.0,5.5,626.0,1
2025-05-05T11:00,2025-05-05,11,Monday,5,0,30.2,40,32.3,0.0,6.2,749.0,1
2025-05-05T12:00,2025-05-05,12,Monday,5,0,31.4,36,33.4,0.0,5.7,766.0,1
2025-05-05T13:00,2025-05-05,13,Monday,5,0,31.5,35,32.8,0.0,6.8,687.0,1
2025-05-05T14:00,2025-05-05,14,Monday,5,0,30.6,39,30.8,0.6,15.1,682.0,1
2025-05-05T15:00,2025-05-05,15,Monday,5,0,28.5,50,29.0,0.0,13.2,496.0,1
2025-05-05T16:00,2025-05-05,16,Monday,5,0,27.4,52,28.1,0.0,11.0,330.0,1
2025-05-05T17:00,2025-05-05,17,Monday,5,0,27.5,50,28.7,0.0,7.2,253.0,1
2025-05-05T18:00,2025-05-05,18,Monday,5,0,28.0,48,29.2,0.0,6.1,137.0,1
2025-05-05T19:00,2025-05-05,19,Monday,5,0,26.5,54,27.7,0.0,6.2,26.0,0
2025-05-05T20:00,2025-05-05,20,Monday,5,0,25.0,59,26.6,0.0,4.7,0.0,0
2025-05-05T21:00,2025-05-05,21,Monday,5,0,23.4,68,25.3,0.0,4.0,0.0,0
2025-05-05T22:00,2025-05-05,22,Monday,5,0,22.1,75,24.3,0.0,3.8,0.0,0
2025-05-05T23:00,2025-05-05,23,Monday,5,0,21.2,80,23.5,0.0,3.5,0.0,0
2025-05-06T00:00,2025-05-06,0,Tuesday,5,0,20.9,81,23.2,0.0,2.7,0.0,0
2025-05-06T01:00,2025-05-06,1,Tuesday,5,0,20.5,83,22.7,0.0,2.6,0.0,0
2025-05-06T02:00,2025-05-06,2,Tuesday,5,0,20.2,83,22.5,0.0,2.3,0.0,0
2025-05-06T03:00,2025-05-06,3,Tuesday,5,0,19.9,84,22.1,0.0,2.7,0.0,0
2025-05-06T04:00,2025-05-06,4,Tuesday,5,0,19.5,85,21.4,0.0,3.6,0.0,0
2025-05-06T05:00,2025-05-06,5,Tuesday,5,0,19.4,84,21.0,0.0,4.5,0.0,0
2025-05-06T06:00,2025-05-06,6,Tuesday,5,0,21.5,72,22.9,0.0,4.8,19.0,1
2025-05-06T07:00,2025-05-06,7,Tuesday,5,0,24.2,59,25.5,0.0,4.6,136.0,1
2025-05-06T08:00,2025-05-06,8,Tuesday,5,0,27.1,49,28.1,0.0,5.4,322.0,1
2025-05-06T09:00,2025-05-06,9,Tuesday,5,0,29.0,43,30.0,0.0,5.6,510.0,1
2025-05-06T10:00,2025-05-06,10,Tuesday,5,0,30.5,38,32.0,0.0,5.9,676.0,1
2025-05-06T11:00,2025-05-06,11,Tuesday,5,0,31.4,35,33.2,0.0,6.3,779.0,1
2025-05-06T12:00,2025-05-06,12,Tuesday,5,0,31.9,33,33.9,0.0,5.0,800.0,1
2025-05-06T13:00,2025-05-06,13,Tuesday,5,0,32.6,31,34.8,0.0,3.2,794.0,1
2025-05-06T14:00,2025-05-06,14,Tuesday,5,0,32.7,30,34.1,0.0,2.7,674.0,1
2025-05-06T15:00,2025-05-06,15,Tuesday,5,0,32.7,30,33.2,0.0,3.0,555.0,1
2025-05-06T16:00,2025-05-06,16,Tuesday,5,0,32.8,30,33.3,0.0,3.2,464.0,1
2025-05-06T17:00,2025-05-06,17,Tuesday,5,0,32.5,30,33.0,0.0,2.5,314.0,1
2025-05-06T18:00,2025-05-06,18,Tuesday,5,0,31.8,33,32.4,0.0,2.4,163.0,1
2025-05-06T19:00,2025-05-06,19,Tuesday,5,0,29.8,37,30.3,0.0,4.0,30.0,0
2025-05-06T20:00,2025-05-06,20,Tuesday,5,0,28.4,42,29.5,0.0,2.0,0.0,0
2025-05-06T21:00,2025-05-06,21,Tuesday,5,0,27.0,46,28.3,0.0,1.3,0.0,0
2025-05-06T22:00,2025-05-06,22,Tuesday,5,0,25.5,51,26.6,0.0,3.6,0.0,0
2025-05-06T23:00,2025-05-06,23,Tuesday,5,0,24.5,56,25.3,0.0,5.6,0.0,0
2025-05-07T00:00,2025-05-07,0,Wednesday,5,0,23.4,60,24.4,0.0,5.0,0.0,0
2025-05-07T01:00,2025-05-07,1,Wednesday,5,0,22.5,64,23.5,0.0,5.2,0.0,0
2025-05-07T02:00,2025-05-07,2,Wednesday,5,0,22.0,65,23.1,0.0,4.5,0.0,0
2025-05-07T03:00,2025-05-07,3,Wednesday,5,0,21.7,66,22.7,0.0,4.7,0.0,0
2025-05-07T04:00,2025-05-07,4,Wednesday,5,0,21.4,67,22.4,0.0,4.6,0.0,0
2025-05-07T05:00,2025-05-07,5,Wednesday,5,0,21.0,68,22.0,0.0,4.6,0.0,0
2025-05-07T06:00,2025-05-07,6,Wednesday,5,0,23.4,63,24.5,0.0,6.0,19.0,1
2025-05-07T07:00,2025-05-07,7,Wednesday,5,0,25.9,54,27.3,0.0,3.9,127.0,1
2025-05-07T08:00,2025-05-07,8,Wednesday,5,0,29.0,44,30.4,0.0,3.5,290.0,1
2025-05-07T09:00,2025-05-07,9,Wednesday,5,0,31.3,36,31.9,0.0,5.8,470.0,1
2025-05-07T10:00,2025-05-07,10,Wednesday,5,0,32.2,33,32.8,0.0,6.6,602.0,1
2025-05-07T11:00,2025-05-07,11,Wednesday,5,0,32.2,34,32.2,0.0,10.8,608.0,1
2025-05-07T12:00,2025-05-07,12,Wednesday,5,0,30.7,39,30.5,0.3,12.8,548.0,1
2025-05-07T13:00,2025-05-07,13,Wednesday,5,0,31.2,36,31.4,0.0,9.1,494.0,1
2025-05-07T14:00,2025-05-07,14,Wednesday,5,0,33.1,32,34.6,0.0,5.7,705.0,1
2025-05-07T15:00,2025-05-07,15,Wednesday,5,0,32.6,33,33.8,0.2,3.8,596.0,1
2025-05-07T16:00,2025-05-07,16,Wednesday,5,0,32.8,33,33.4,0.1,5.2,431.0,1
2025-05-07T17:00,2025-05-07,17,Wednesday,5,0,32.5,33,33.5,0.0,2.9,281.0,1
2025-05-07T18:00,2025-05-07,18,Wednesday,5,0,33.1,29,33.6,0.0,2.3,139.0,1
2025-05-07T19:00,2025-05-07,19,Wednesday,5,0,31.0,33,31.4,0.0,3.8,29.0,0
2025-05-07T20:00,2025-05-07,20,Wednesday,5,0,29.4,39,30.0,0.0,4.7,0.0,0
2025-05-07T21:00,2025-05-07,21,Wednesday,5,0,28.0,44,28.8,0.0,5.0,0.0,0
2025-05-07T22:00,2025-05-07,22,Wednesday,5,0,26.2,51,27.5,0.0,3.4,0.0,0
2025-05-07T23:00,2025-05-07,23,Wednesday,5,0,25.4,55,26.8,0.0,3.6,0.0,0
2025-05-08T00:00,2025-05-08,0,Thursday,5,0,24.8,58,25.9,0.0,6.5,0.0,0
2025-05-08T01:00,2025-05-08,1,Thursday,5,0,24.2,59,25.2,0.0,6.3,0.0,0
2025-05-08T02:00,2025-05-08,2,Thursday,5,0,24.1,58,24.9,0.0,7.1,0.0,0
2025-05-08T03:00,2025-05-08,3,Thursday,5,0,23.9,59,24.9,0.0,5.4,0.0,0
2025-05-08T04:00,2025-05-08,4,Thursday,5,0,23.4,61,24.3,0.0,6.0,0.0,0
2025-05-08T05:00,2025-05-08,5,Thursday,5,0,23.1,62,23.9,0.0,7.5,0.0,0
2025-05-08T06:00,2025-05-08,6,Thursday,5,0,24.2,63,25.4,0.0,7.7,21.0,1
2025-05-08T07:00,2025-05-08,7,Thursday,5,0,26.5,53,27.6,0.0,6.7,144.0,1
2025-05-08T08:00,2025-05-08,8,Thursday,5,0,24.5,67,24.3,1.7,20.9,335.0,1
2025-05-08T09:00,2025-05-08,9,Thursday,5,0,26.0,55,26.9,0.0,9.2,279.0,1
2025-05-08T10:00,2025-05-08,10,Thursday,5,0,29.1,47,30.7,0.0,8.3,616.0,1
2025-05-08T11:00,2025-05-08,11,Thursday,5,0,30.5,45,32.7,0.1,9.5,741.0,1
2025-05-08T12:00,2025-05-08,12,Thursday,5,0,31.2,43,34.2,0.1,8.3,829.0,1
2025-05-08T13:00,2025-05-08,13,Thursday,5,0,31.9,40,34.5,0.0,3.6,681.0,1
2025-05-08T14:00,2025-05-08,14,Thursday,5,0,31.3,41,33.5,0.0,2.6,588.0,1
2025-05-08T15:00,2025-05-08,15,Thursday,5,0,31.9,39,33.3,0.0,5.4,478.0,1
2025-05-08T16:00,2025-05-08,16,Thursday,5,0,29.7,46,31.2,0.0,6.0,332.0,1
2025-05-08T17:00,2025-05-08,17,Thursday,5,0,28.9,49,30.5,0.0,6.6,135.0,1
2025-05-08T18:00,2025-05-08,18,Thursday,5,0,26.4,60,28.8,0.0,3.5,136.0,1
2025-05-08T19:00,2025-05-08,19,Thursday,5,0,25.2,66,28.1,0.0,1.0,27.0,0
2025-05-08T20:00,2025-05-08,20,Thursday,5,0,24.8,66,27.7,0.0,0.4,0.0,0
2025-05-08T21:00,2025-05-08,21,Thursday,5,0,24.1,73,27.2,0.0,2.2,0.0,0
2025-05-08T22:00,2025-05-08,22,Thursday,5,0,23.4,81,27.0,0.0,1.5,0.0,0
2025-05-08T23:00,2025-05-08,23,Thursday,5,0,22.7,86,26.5,0.0,0.7,0.0,0
2025-05-09T00:00,2025-05-09,0,Friday,5,1,22.1,88,25.8,0.0,1.5,0.0,0
2025-05-09T01:00,2025-05-09,1,Friday,5,1,21.5,90,25.1,0.0,1.5,0.0,0
2025-05-09T02:00,2025-05-09,2,Friday,5,1,20.7,93,24.1,0.0,1.3,0.0,0
2025-05-09T03:00,2025-05-09,3,Friday,5,1,20.1,94,23.3,0.0,2.1,0.0,0
2025-05-09T04:00,2025-05-09,4,Friday,5,1,19.9,94,22.9,0.0,2.1,0.0,0
2025-05-09T05:00,2025-05-09,5,Friday,5,1,19.6,93,22.3,0.0,2.8,0.0,0
2025-05-09T06:00,2025-05-09,6,Friday,5,1,22.7,70,24.2,0.0,6.8,19.0,1
2025-05-09T07:00,2025-05-09,7,Friday,5,1,24.5,62,26.5,0.0,2.7,140.0,1
2025-05-09T08:00,2025-05-09,8,Friday,5,1,26.5,54,28.1,0.0,5.2,309.0,1
2025-05-09T09:00,2025-05-09,9,Friday,5,1,28.2,48,28.6,0.0,12.2,495.0,1
2025-05-09T10:00,2025-05-09,10,Friday,5,1,29.3,46,30.1,0.0,13.1,635.0,1
2025-05-09T11:00,2025-05-09,11,Friday,5,1,27.0,56,28.3,1.9,11.9,615.0,1
2025-05-09T12:00,2025-05-09,12,Friday,5,1,23.9,73,26.0,4.5,7.8,347.0,1
2025-05-09T13:00,2025-05-09,13,Friday,5,1,26.1,62,27.9,0.0,8.7,397.0,1
2025-05-09T14:00,2025-05-09,14,Friday,5,1,28.5,52,31.1,0.0,7.4,712.0,1
2025-05-09T15:00,2025-05-09,15,Friday,5,1,29.5,48,32.1,0.0,4.9,654.0,1
2025-05-09T16:00,2025-05-09,16,Friday,5,1,29.5,47,32.0,0.0,0.8,460.0,1
2025-05-09T17:00,2025-05-09,17,Friday,5,1,29.6,46,31.7,0.0,1.4,322.0,1
2025-05-09T18:00,2025-05-09,18,Friday,5,1,29.0,46,30.0,0.0,7.4,159.0,1
2025-05-09T19:00,2025-05-09,19,Friday,5,1,27.0,53,28.4,0.0,5.9,33.0,0
2025-05-09T20:00,2025-05-09,20,Friday,5,1,24.5,65,26.7,0.0,3.6,0.0,0
2025-05-09T21:00,2025-05-09,21,Friday,5,1,23.0,76,25.6,0.0,3.1,0.0,0
2025-05-09T22:00,2025-05-09,22,Friday,5,1,22.0,81,24.8,0.0,2.0,0.0,0
2025-05-09T23:00,2025-05-09,23,Friday,5,1,21.2,85,24.1,0.0,2.4,0.0,0
2025-05-10T00:00,2025-05-10,0,Saturday,5,1,20.8,87,23.9,0.0,0.6,0.0,0
2025-05-10T01:00,2025-05-10,1,Saturday,5,1,20.0,90,22.8,0.0,1.9,0.0,0
2025-05-10T02:00,2025-05-10,2,Saturday,5,1,19.4,91,22.0,0.0,2.3,0.0,0
2025-05-10T03:00,2025-05-10,3,Saturday,5,1,19.0,92,21.4,0.0,2.4,0.0,0
2025-05-10T04:00,2025-05-10,4,Saturday,5,1,18.6,92,20.9,0.0,2.6,0.0,0
2025-05-10T05:00,2025-05-10,5,Saturday,5,1,18.5,92,20.6,0.0,2.4,0.0,0
2025-05-10T06:00,2025-05-10,6,Saturday,5,1,20.4,88,22.8,0.0,3.9,23.0,1
2025-05-10T07:00,2025-05-10,7,Saturday,5,1,23.6,72,26.4,0.0,2.2,149.0,1
2025-05-10T08:00,2025-05-10,8,Saturday,5,1,27.0,55,29.4,0.0,1.3,334.0,1
2025-05-10T09:00,2025-05-10,9,Saturday,5,1,29.9,41,31.5,0.0,1.1,525.0,1
2025-05-10T10:00,2025-05-10,10,Saturday,5,1,32.0,34,34.3,0.0,0.9,691.0,1
2025-05-10T11:00,2025-05-10,11,Saturday,5,1,33.6,31,36.6,0.0,0.7,807.0,1
2025-05-10T12:00,2025-05-10,12,Saturday,5,1,35.5,27,38.1,0.0,3.6,837.0,1
2025-05-10T13:00,2025-05-10,13,Saturday,5,1,34.2,26,34.0,0.1,13.1,758.0,1
2025-05-10T14:00,2025-05-10,14,Saturday,5,1,34.8,25,35.3,0.0,8.0,718.0,1
2025-05-10T15:00,2025-05-10,15,Saturday,5,1,35.0,25,34.2,0.0,9.8,537.0,1
2025-05-10T16:00,2025-05-10,16,Saturday,5,1,31.3,32,30.7,0.0,9.6,306.0,1
2025-05-10T17:00,2025-05-10,17,Saturday,5,1,29.2,43,30.1,0.0,6.4,192.0,1
2025-05-10T18:00,2025-05-10,18,Saturday,5,1,33.9,22,33.0,0.0,4.2,166.0,1
2025-05-10T19:00,2025-05-10,19,Saturday,5,1,30.5,29,30.3,0.0,2.8,36.0,0
2025-05-10T20:00,2025-05-10,20,Saturday,5,1,27.5,41,27.9,0.0,3.9,0.0,0
2025-05-10T21:00,2025-05-10,21,Saturday,5,1,25.0,54,25.9,0.0,5.1,0.0,0
2025-05-10T22:00,2025-05-10,22,Saturday,5,1,23.9,59,24.9,0.0,5.5,0.0,0
2025-05-10T23:00,2025-05-10,23,Saturday,5,1,22.9,61,23.8,0.0,4.6,0.0,0
2025-05-11T00:00,2025-05-11,0,Sunday,5,1,21.8,65,22.8,0.0,4.4,0.0,0
2025-05-11T01:00,2025-05-11,1,Sunday,5,1,21.6,63,22.1,0.0,6.4,0.0,0
2025-05-11T02:00,2025-05-11,2,Sunday,5,1,21.2,63,21.7,0.0,5.6,0.0,0
2025-05-11T03:00,2025-05-11,3,Sunday,5,1,20.8,64,21.2,0.0,5.6,0.0,0
2025-05-11T04:00,2025-05-11,4,Sunday,5,1,20.4,65,20.7,0.0,5.4,0.0,0
2025-05-11T05:00,2025-05-11,5,Sunday,5,1,20.0,67,20.5,0.0,5.0,0.0,0
2025-05-11T06:00,2025-05-11,6,Sunday,5,1,23.5,54,24.0,0.0,4.0,24.0,1
2025-05-11T07:00,2025-05-11,7,Sunday,5,1,26.0,48,26.7,0.0,4.1,152.0,1
2025-05-11T08:00,2025-05-11,8,Sunday,5,1,29.2,39,30.0,0.0,3.2,336.0,1
2025-05-11T09:00,2025-05-11,9,Sunday,5,1,32.2,30,32.7,0.0,2.7,527.0,1
2025-05-11T10:00,2025-05-11,10,Sunday,5,1,34.0,27,35.2,0.0,3.8,690.0,1
2025-05-11T11:00,2025-05-11,11,Sunday,5,1,32.1,28,33.2,0.0,2.3,698.0,1
2025-05-11T12:00,2025-05-11,12,Sunday,5,1,33.9,23,34.4,0.1,3.3,703.0,1
2025-05-11T13:00,2025-05-11,13,Sunday,5,1,33.4,25,33.0,0.0,7.5,628.0,1
2025-05-11T14:00,2025-05-11,14,Sunday,5,1,32.8,27,33.4,0.0,2.4,642.0,1
2025-05-11T15:00,2025-05-11,15,Sunday,5,1,33.0,26,32.7,0.0,5.1,544.0,1
2025-05-11T16:00,2025-05-11,16,Sunday,5,1,33.3,26,33.0,0.0,5.2,472.0,1
2025-05-11T17:00,2025-05-11,17,Sunday,5,1,32.2,28,31.5,0.0,8.7,195.0,1
2025-05-11T18:00,2025-05-11,18,Sunday,5,1,30.8,33,31.1,0.0,4.1,142.0,1
2025-05-11T19:00,2025-05-11,19,Sunday,5,1,28.9,39,29.9,0.0,1.0,34.0,0
2025-05-11T20:00,2025-05-11,20,Sunday,5,1,27.5,45,28.6,0.0,2.6,0.0,0
2025-05-11T21:00,2025-05-11,21,Sunday,5,1,25.5,56,26.8,0.0,4.8,0.0,0
2025-05-11T22:00,2025-05-11,22,Sunday,5,1,23.9,65,25.6,0.0,4.5,0.0,0
2025-05-11T23:00,2025-05-11,23,Sunday,5,1,22.2,73,24.2,0.0,3.5,0.0,0
2025-05-12T00:00,2025-05-12,0,Monday,5,0,21.3,77,23.4,0.0,3.2,0.0,0
2025-05-12T01:00,2025-05-12,1,Monday,5,0,20.7,79,22.6,0.0,3.5,0.0,0
2025-05-12T02:00,2025-05-12,2,Monday,5,0,20.3,78,21.9,0.0,3.9,0.0,0
2025-05-12T03:00,2025-05-12,3,Monday,5,0,20.0,77,21.3,0.0,4.3,0.0,0
2025-05-12T04:00,2025-05-12,4,Monday,5,0,19.8,74,20.6,0.0,5.4,0.0,0
2025-05-12T05:00,2025-05-12,5,Monday,5,0,19.9,70,20.4,0.0,5.6,0.0,0
2025-05-12T06:00,2025-05-12,6,Monday,5,0,21.8,66,23.0,0.0,3.6,25.0,1
2025-05-12T07:00,2025-05-12,7,Monday,5,0,24.7,54,26.0,0.0,1.6,154.0,1
2025-05-12T08:00,2025-05-12,8,Monday,5,0,27.6,42,28.7,0.0,0.9,340.0,1
2025-05-12T09:00,2025-05-12,9,Monday,5,0,30.5,33,31.0,0.0,1.5,532.0,1
2025-05-12T10:00,2025-05-12,10,Monday,5,0,32.8,27,33.8,0.0,2.4,701.0,1
2025-05-12T11:00,2025-05-12,11,Monday,5,0,33.9,24,34.6,0.0,7.0,806.0,1
2025-05-12T12:00,2025-05-12,12,Monday,5,0,34.5,23,34.7,0.0,8.5,781.0,1
2025-05-12T13:00,2025-05-12,13,Monday,5,0,32.3,28,31.9,0.3,6.9,570.0,1
2025-05-12T14:00,2025-05-12,14,Monday,5,0,33.1,25,33.5,0.0,2.8,666.0,1
2025-05-12T15:00,2025-05-12,15,Monday,5,0,31.3,30,29.9,0.0,13.3,376.0,1
2025-05-12T16:00,2025-05-12,16,Monday,5,0,31.6,27,31.1,0.0,4.7,326.0,1
2025-05-12T17:00,2025-05-12,17,Monday,5,0,31.5,27,31.0,0.0,4.7,302.0,1
2025-05-12T18:00,2025-05-12,18,Monday,5,0,32.8,21,31.6,0.0,3.7,114.0,1
2025-05-12T19:00,2025-05-12,19,Monday,5,0,30.0,27,29.4,0.0,1.8,33.0,0
2025-05-12T20:00,2025-05-12,20,Monday,5,0,27.2,36,27.0,0.0,2.9,0.0,0
2025-05-12T21:00,2025-05-12,21,Monday,5,0,25.2,49,25.6,0.0,5.3,0.0,0
2025-05-12T22:00,2025-05-12,22,Monday,5,0,23.6,58,24.5,0.0,5.2,0.0,0
2025-05-12T23:00,2025-05-12,23,Monday,5,0,22.3,64,23.5,0.0,3.8,0.0,0
2025-05-13T00:00,2025-05-13,0,Tuesday,5,0,21.9,64,22.7,0.0,4.8,0.0,0
2025-05-13T01:00,2025-05-13,1,Tuesday,5,0,21.2,65,22.1,0.0,3.7,0.0,0
2025-05-13T02:00,2025-05-13,2,Tuesday,5,0,20.9,65,21.8,0.0,2.6,0.0,0
2025-05-13T03:00,2025-05-13,3,Tuesday,5,0,20.4,67,21.3,0.0,3.4,0.0,0
2025-05-13T04:00,2025-05-13,4,Tuesday,5,0,20.0,68,20.7,0.0,3.9,0.0,0
2025-05-13T05:00,2025-05-13,5,Tuesday,5,0,19.9,65,20.2,0.0,4.6,0.0,0
2025-05-13T06:00,2025-05-13,6,Tuesday,5,0,22.8,59,23.3,0.0,6.2,26.0,1
2025-05-13T07:00,2025-05-13,7,Tuesday,5,0,25.8,48,26.4,0.0,4.3,157.0,1
2025-05-13T08:00,2025-05-13,8,Tuesday,5,0,29.7,36,30.5,0.0,0.6,344.0,1
2025-05-13T09:00,2025-05-13,9,Tuesday,5,0,32.7,28,32.9,0.0,1.9,538.0,1
2025-05-13T10:00,2025-05-13,10,Tuesday,5,0,34.5,23,35.3,0.0,2.4,705.0,1
2025-05-13T11:00,2025-05-13,11,Tuesday,5,0,36.0,18,37.0,0.0,2.2,830.0,1
2025-05-13T12:00,2025-05-13,12,Tuesday,5,0,36.8,16,37.8,0.0,1.0,848.0,1
2025-05-13T13:00,2025-05-13,13,Tuesday,5,0,37.6,15,37.9,0.0,5.4,848.0,1
2025-05-13T14:00,2025-05-13,14,Tuesday,5,0,37.0,16,36.3,0.0,7.0,732.0,1
2025-05-13T15:00,2025-05-13,15,Tuesday,5,0,37.3,15,36.3,0.0,4.9,657.0,1
2025-05-13T16:00,2025-05-13,16,Tuesday,5,0,37.2,14,35.3,0.0,4.3,492.0,1
2025-05-13T17:00,2025-05-13,17,Tuesday,5,0,36.4,14,34.6,0.0,2.8,352.0,1
2025-05-13T18:00,2025-05-13,18,Tuesday,5,0,35.9,14,33.1,0.0,9.4,179.0,1
2025-05-13T19:00,2025-05-13,19,Tuesday,5,0,32.5,17,30.6,0.0,4.6,38.0,0
2025-05-13T20:00,2025-05-13,20,Tuesday,5,0,30.2,25,28.3,0.0,8.6,0.0,0
2025-05-13T21:00,2025-05-13,21,Tuesday,5,0,27.5,34,26.8,0.0,4.8,0.0,0
2025-05-13T22:00,2025-05-13,22,Tuesday,5,0,25.5,41,25.4,0.0,3.3,0.0,0
2025-05-13T23:00,2025-05-13,23,Tuesday,5,0,24.5,47,24.5,0.0,5.5,0.0,0
2025-05-14T00:00,2025-05-14,0,Wednesday,5,0,24.0,47,23.6,0.0,6.7,0.0,0
2025-05-14T01:00,2025-05-14,1,Wednesday,5,0,22.9,50,22.8,0.0,4.4,0.0,0
2025-05-14T02:00,2025-05-14,2,Wednesday,5,0,21.9,54,22.3,0.0,1.9,0.0,0
2025-05-14T03:00,2025-05-14,3,Wednesday,5,0,21.2,56,21.5,0.0,2.4,0.0,0
2025-05-14T04:00,2025-05-14,4,Wednesday,5,0,20.9,58,21.0,0.0,3.9,0.0,0
2025-05-14T05:00,2025-05-14,5,Wednesday,5,0,20.4,58,20.3,0.0,4.2,0.0,0
2025-05-14T06:00,2025-05-14,6,Wednesday,5,0,23.4,48,23.4,0.0,4.2,28.0,1
2025-05-14T07:00,2025-05-14,7,Wednesday,5,0,26.5,38,26.1,0.0,4.6,161.0,1
2025-05-14T08:00,2025-05-14,8,Wednesday,5,0,30.6,27,30.1,0.0,3.2,350.0,1
2025-05-14T09:00,2025-05-14,9,Wednesday,5,0,33.8,21,32.7,0.0,4.2,543.0,1
2025-05-14T10:00,2025-05-14,10,Wednesday,5,0,36.0,16,35.2,0.0,5.8,712.0,1
2025-05-14T11:00,2025-05-14,11,Wednesday,5,0,37.7,15,37.8,0.0,5.0,831.0,1
2025-05-14T12:00,2025-05-14,12,Wednesday,5,0,38.8,14,38.7,0.0,7.2,865.0,1
2025-05-14T13:00,2025-05-14,13,Wednesday,5,0,39.6,12,38.9,0.0,8.8,850.0,1
2025-05-14T14:00,2025-05-14,14,Wednesday,5,0,39.8,11,37.8,0.0,11.6,745.0,1
2025-05-14T15:00,2025-05-14,15,Wednesday,5,0,39.0,12,35.5,0.0,14.4,534.0,1
2025-05-14T16:00,2025-05-14,16,Wednesday,5,0,38.8,11,35.0,0.0,15.7,528.0,1
2025-05-14T17:00,2025-05-14,17,Wednesday,5,0,37.9,12,34.6,0.0,12.7,322.0,1
2025-05-14T18:00,2025-05-14,18,Wednesday,5,0,37.0,10,34.5,0.0,3.7,183.0,1
2025-05-14T19:00,2025-05-14,19,Wednesday,5,0,33.0,14,30.7,0.0,4.4,41.0,1
2025-05-14T20:00,2025-05-14,20,Wednesday,5,0,30.2,22,28.5,0.0,5.1,0.0,0
2025-05-14T21:00,2025-05-14,21,Wednesday,5,0,27.7,31,26.7,0.0,4.7,0.0,0
2025-05-14T22:00,2025-05-14,22,Wednesday,5,0,25.6,38,25.1,0.0,4.0,0.0,0
2025-05-14T23:00,2025-05-14,23,Wednesday,5,0,24.0,43,23.7,0.0,3.8,0.0,0
2025-05-15T00:00,2025-05-15,0,Thursday,5,0,23.3,45,22.7,0.0,5.2,0.0,0
2025-05-15T01:00,2025-05-15,1,Thursday,5,0,22.9,44,22.1,0.0,5.5,0.0,0
2025-05-15T02:00,2025-05-15,2,Thursday,5,0,22.0,44,21.2,0.0,4.4,0.0,0
2025-05-15T03:00,2025-05-15,3,Thursday,5,0,21.2,47,20.6,0.0,3.0,0.0,0
2025-05-15T04:00,2025-05-15,4,Thursday,5,0,20.5,50,20.1,0.0,2.0,0.0,0
2025-05-15T05:00,2025-05-15,5,Thursday,5,0,19.9,51,19.3,0.0,3.1,0.0,0
2025-05-15T06:00,2025-05-15,6,Thursday,5,0,23.8,39,22.7,0.0,5.4,29.0,1
2025-05-15T07:00,2025-05-15,7,Thursday,5,0,27.6,30,26.9,0.0,2.3,163.0,1
2025-05-15T08:00,2025-05-15,8,Thursday,5,0,31.6,22,30.5,0.0,3.5,352.0,1
2025-05-15T09:00,2025-05-15,9,Thursday,5,0,35.0,16,33.1,0.0,6.0,546.0,1
2025-05-15T10:00,2025-05-15,10,Thursday,5,0,38.0,13,36.6,0.0,7.4,715.0,1
2025-05-15T11:00,2025-05-15,11,Thursday,5,0,39.8,13,39.3,0.0,7.3,837.0,1
2025-05-15T12:00,2025-05-15,12,Thursday,5,0,40.7,12,40.3,0.0,8.4,888.0,1
2025-05-15T13:00,2025-05-15,13,Thursday,5,0,41.2,11,40.7,0.0,8.3,880.0,1
2025-05-15T14:00,2025-05-15,14,Thursday,5,0,41.5,10,40.4,0.0,9.0,834.0,1
2025-05-15T15:00,2025-05-15,15,Thursday,5,0,41.5,9,39.6,0.0,8.5,733.0,1
2025-05-15T16:00,2025-05-15,16,Thursday,5,0,41.1,10,38.3,0.0,8.6,577.0,1
2025-05-15T17:00,2025-05-15,17,Thursday,5,0,40.3,10,37.7,0.0,7.4,385.0,1
2025-05-15T18:00,2025-05-15,18,Thursday,5,0,38.8,14,37.6,0.0,2.5,190.0,1
2025-05-15T19:00,2025-05-15,19,Thursday,5,0,35.0,14,32.7,0.0,5.6,42.0,1
2025-05-15T20:00,2025-05-15,20,Thursday,5,0,33.1,20,31.5,0.0,5.5,0.0,0
2025-05-15T21:00,2025-05-15,21,Thursday,5,0,30.1,28,29.6,0.0,3.4,0.0,0
2025-05-15T22:00,2025-05-15,22,Thursday,5,0,27.8,38,27.2,0.0,8.1,0.0,0
2025-05-15T23:00,2025-05-15,23,Thursday,5,0,26.0,41,25.9,0.0,4.8,0.0,0
2025-05-16T00:00,2025-05-16,0,Friday,5,1,25.3,42,24.8,0.0,6.0,0.0,0
2025-05-16T01:00,2025-05-16,1,Friday,5,1,24.5,42,24.0,0.0,4.8,0.0,0
2025-05-16T02:00,2025-05-16,2,Friday,5,1,23.5,44,23.0,0.0,4.6,0.0,0
2025-05-16T03:00,2025-05-16,3,Friday,5,1,23.3,42,22.4,0.0,5.4,0.0,0
2025-05-16T04:00,2025-05-16,4,Friday,5,1,22.6,43,21.8,0.0,4.4,0.0,0
2025-05-16T05:00,2025-05-16,5,Friday,5,1,22.0,44,21.3,0.0,3.5,0.0,0
2025-05-16T06:00,2025-05-16,6,Friday,5,1,26.0,34,24.9,0.0,5.8,29.0,1
2025-05-16T07:00,2025-05-16,7,Friday,5,1,28.9,29,27.8,0.0,5.5,163.0,1
2025-05-16T08:00,2025-05-16,8,Friday,5,1,33.3,22,32.4,0.0,3.8,352.0,1
2025-05-16T09:00,2025-05-16,9,Friday,5,1,36.8,17,35.1,0.0,7.0,547.0,1
2025-05-16T10:00,2025-05-16,10,Friday,5,1,38.5,16,37.3,0.0,10.9,715.0,1
2025-05-16T11:00,2025-05-16,11,Friday,5,1,39.2,15,38.5,0.0,10.4,791.0,1
2025-05-16T12:00,2025-05-16,12,Friday,5,1,40.6,12,40.3,0.0,7.9,874.0,1
2025-05-16T13:00,2025-05-16,13,Friday,5,1,41.0,11,39.7,0.0,11.7,842.0,1
2025-05-16T14:00,2025-05-16,14,Friday,5,1,40.9,12,38.9,0.0,14.0,779.0,1
2025-05-16T15:00,2025-05-16,15,Friday,5,1,41.0,11,38.7,0.0,11.9,673.0,1
2025-05-16T16:00,2025-05-16,16,Friday,5,1,40.8,12,38.7,0.0,5.8,513.0,1
2025-05-16T17:00,2025-05-16,17,Friday,5,1,39.8,12,37.8,0.0,4.9,295.0,1
2025-05-16T18:00,2025-05-16,18,Friday,5,1,39.0,12,35.5,0.0,13.4,168.0,1
2025-05-16T19:00,2025-05-16,19,Friday,5,1,35.2,19,33.5,0.0,8.0,41.0,1
2025-05-16T20:00,2025-05-16,20,Friday,5,1,31.4,27,31.0,0.0,2.9,0.0,0
2025-05-16T21:00,2025-05-16,21,Friday,5,1,29.6,32,29.2,0.0,5.1,0.0,0
2025-05-16T22:00,2025-05-16,22,Friday,5,1,28.1,35,27.5,0.0,6.6,0.0,0
2025-05-16T23:00,2025-05-16,23,Friday,5,1,27.1,34,26.3,0.0,5.8,0.0,0
2025-05-17T00:00,2025-05-17,0,Saturday,5,1,26.1,33,24.9,0.0,6.1,0.0,0
2025-05-17T01:00,2025-05-17,1,Saturday,5,1,25.0,34,23.8,0.0,5.2,0.0,0
2025-05-17T02:00,2025-05-17,2,Saturday,5,1,24.4,35,23.2,0.0,4.3,0.0,0
2025-05-17T03:00,2025-05-17,3,Saturday,5,1,23.9,35,22.6,0.0,4.4,0.0,0
2025-05-17T04:00,2025-05-17,4,Saturday,5,1,23.7,35,22.2,0.0,5.2,0.0,0
2025-05-17T05:00,2025-05-17,5,Saturday,5,1,23.2,35,21.7,0.0,5.7,0.0,0
2025-05-17T06:00,2025-05-17,6,Saturday,5,1,26.5,31,25.1,0.0,5.0,31.0,1
2025-05-17T07:00,2025-05-17,7,Saturday,5,1,29.4,26,28.2,0.0,4.2,166.0,1
2025-05-17T08:00,2025-05-17,8,Saturday,5,1,33.0,21,32.2,0.0,1.9,356.0,1
2025-05-17T09:00,2025-05-17,9,Saturday,5,1,36.0,18,34.8,0.0,5.2,550.0,1
2025-05-17T10:00,2025-05-17,10,Saturday,5,1,38.0,18,38.1,0.0,5.4,717.0,1
2025-05-17T11:00,2025-05-17,11,Saturday,5,1,39.7,15,40.6,0.0,3.8,840.0,1
2025-05-17T12:00,2025-05-17,12,Saturday,5,1,41.0,12,42.2,0.0,1.8,906.0,1
2025-05-17T13:00,2025-05-17,13,Saturday,5,1,41.7,10,42.1,0.0,1.8,865.0,1
2025-05-17T14:00,2025-05-17,14,Saturday,5,1,42.1,9,41.5,0.0,4.4,802.0,1
2025-05-17T15:00,2025-05-17,15,Saturday,5,1,42.5,9,40.9,0.0,6.3,731.0,1
2025-05-17T16:00,2025-05-17,16,Saturday,5,1,42.3,9,39.5,0.0,8.1,568.0,1
2025-05-17T17:00,2025-05-17,17,Saturday,5,1,41.9,9,39.0,0.0,8.5,380.0,1
2025-05-17T18:00,2025-05-17,18,Saturday,5,1,40.7,9,38.2,0.0,4.1,191.0,1
2025-05-17T19:00,2025-05-17,19,Saturday,5,1,36.4,12,33.9,0.0,5.5,43.0,1
2025-05-17T20:00,2025-05-17,20,Saturday,5,1,33.2,20,31.8,0.0,4.0,0.0,0
2025-05-17T21:00,2025-05-17,21,Saturday,5,1,30.4,28,29.5,0.0,5.8,0.0,0
2025-05-17T22:00,2025-05-17,22,Saturday,5,1,28.2,35,27.8,0.0,5.3,0.0,0
2025-05-17T23:00,2025-05-17,23,Saturday,5,1,26.6,39,26.1,0.0,6.9,0.0,0
2025-05-18T00:00,2025-05-18,0,Sunday,5,1,25.6,40,25.4,0.0,4.1,0.0,0
2025-05-18T01:00,2025-05-18,1,Sunday,5,1,25.0,42,24.9,0.0,2.8,0.0,0
2025-05-18T02:00,2025-05-18,2,Sunday,5,1,24.8,40,23.9,0.0,6.2,0.0,0
2025-05-18T03:00,2025-05-18,3,Sunday,5,1,24.2,37,22.9,0.0,6.6,0.0,0
2025-05-18T04:00,2025-05-18,4,Sunday,5,1,23.5,37,22.3,0.0,4.8,0.0,0
2025-05-18T05:00,2025-05-18,5,Sunday,5,1,23.0,37,21.7,0.0,5.1,0.0,0
2025-05-18T06:00,2025-05-18,6,Sunday,5,1,26.5,34,25.5,0.0,5.5,31.0,1
2025-05-18T07:00,2025-05-18,7,Sunday,5,1,29.5,28,28.4,0.0,5.3,166.0,1
2025-05-18T08:00,2025-05-18,8,Sunday,5,1,33.9,21,32.7,0.0,5.1,354.0,1
2025-05-18T09:00,2025-05-18,9,Sunday,5,1,37.0,20,36.2,0.0,6.7,545.0,1
2025-05-18T10:00,2025-05-18,10,Sunday,5,1,39.1,18,39.0,0.0,8.9,711.0,1
2025-05-18T11:00,2025-05-18,11,Sunday,5,1,40.6,16,40.8,0.0,9.8,833.0,1
2025-05-18T12:00,2025-05-18,12,Sunday,5,1,41.6,15,42.3,0.0,8.5,889.0,1
2025-05-18T13:00,2025-05-18,13,Sunday,5,1,42.0,13,42.6,0.0,5.0,813.0,1
2025-05-18T14:00,2025-05-18,14,Sunday,5,1,42.3,11,41.2,0.0,6.1,682.0,1
2025-05-18T15:00,2025-05-18,15,Sunday,5,1,42.5,11,41.1,0.0,6.5,639.0,1
2025-05-18T16:00,2025-05-18,16,Sunday,5,1,42.2,12,40.1,0.0,8.8,418.0,1
2025-05-18T17:00,2025-05-18,17,Sunday,5,1,41.7,12,39.4,0.0,9.1,265.0,1
2025-05-18T18:00,2025-05-18,18,Sunday,5,1,41.5,10,38.0,0.0,14.1,172.0,1
2025-05-18T19:00,2025-05-18,19,Sunday,5,1,37.8,14,36.1,0.0,4.4,38.0,1
2025-05-18T20:00,2025-05-18,20,Sunday,5,1,35.7,16,34.4,0.0,1.3,0.0,0
2025-05-18T21:00,2025-05-18,21,Sunday,5,1,33.8,19,31.9,0.0,8.1,0.0,0
2025-05-18T22:00,2025-05-18,22,Sunday,5,1,32.2,23,31.0,0.0,4.9,0.0,0
2025-05-18T23:00,2025-05-18,23,Sunday,5,1,31.0,24,29.6,0.0,5.8,0.0,0
2025-05-19T00:00,2025-05-19,0,Monday,5,0,29.1,30,28.0,0.0,8.3,0.0,0
2025-05-19T01:00,2025-05-19,1,Monday,5,0,29.5,30,28.3,0.0,9.2,0.0,0
2025-05-19T02:00,2025-05-19,2,Monday,5,0,28.8,32,27.8,0.0,7.2,0.0,0
2025-05-19T03:00,2025-05-19,3,Monday,5,0,28.1,33,27.3,0.0,6.2,0.0,0
2025-05-19T04:00,2025-05-19,4,Monday,5,0,27.4,35,26.6,0.0,6.7,0.0,0
2025-05-19T05:00,2025-05-19,5,Monday,5,0,26.8,37,26.0,0.0,6.4,0.0,0
2025-05-19T06:00,2025-05-19,6,Monday,5,0,28.1,37,27.5,0.0,8.6,31.0,1
2025-05-19T07:00,2025-05-19,7,Monday,5,0,30.8,31,30.7,0.0,4.2,166.0,1
2025-05-19T08:00,2025-05-19,8,Monday,5,0,34.2,26,34.5,0.0,1.7,352.0,1
2025-05-19T09:00,2025-05-19,9,Monday,5,0,37.2,20,36.3,0.0,6.8,544.0,1
2025-05-19T10:00,2025-05-19,10,Monday,5,0,37.8,18,36.6,0.0,13.7,708.0,1
2025-05-19T11:00,2025-05-19,11,Monday,5,0,39.0,17,38.4,0.0,12.8,823.0,1
2025-05-19T12:00,2025-05-19,12,Monday,5,0,40.2,14,40.3,0.0,8.7,884.0,1
2025-05-19T13:00,2025-05-19,13,Monday,5,0,40.9,14,41.3,0.0,7.1,886.0,1
2025-05-19T14:00,2025-05-19,14,Monday,5,0,40.9,13,40.2,0.0,9.6,796.0,1
2025-05-19T15:00,2025-05-19,15,Monday,5,0,41.3,13,39.9,0.0,9.4,661.0,1
2025-05-19T16:00,2025-05-19,16,Monday,5,0,40.9,13,38.6,0.0,10.8,470.0,1
2025-05-19T17:00,2025-05-19,17,Monday,5,0,40.0,14,37.4,0.0,12.3,306.0,1
2025-05-19T18:00,2025-05-19,18,Monday,5,0,39.3,11,36.6,0.0,7.8,192.0,1
2025-05-19T19:00,2025-05-19,19,Monday,5,0,36.2,13,33.8,0.0,6.2,45.0,1
2025-05-19T20:00,2025-05-19,20,Monday,5,0,34.0,17,32.6,0.0,1.2,0.0,0
2025-05-19T21:00,2025-05-19,21,Monday,5,0,31.1,21,29.2,0.0,6.4,0.0,0
2025-05-19T22:00,2025-05-19,22,Monday,5,0,29.4,26,28.0,0.0,5.1,0.0,0
2025-05-19T23:00,2025-05-19,23,Monday,5,0,27.6,31,26.8,0.0,4.0,0.0,0
2025-05-20T00:00,2025-05-20,0,Tuesday,5,0,26.5,34,25.7,0.0,4.9,0.0,0
2025-05-20T01:00,2025-05-20,1,Tuesday,5,0,26.1,33,24.6,0.0,8.3,0.0,0
2025-05-20T02:00,2025-05-20,2,Tuesday,5,0,25.4,33,23.9,0.0,6.1,0.0,0
2025-05-20T03:00,2025-05-20,3,Tuesday,5,0,24.5,35,23.2,0.0,4.7,0.0,0
2025-05-20T04:00,2025-05-20,4,Tuesday,5,0,23.8,36,22.6,0.0,4.6,0.0,0
2025-05-20T05:00,2025-05-20,5,Tuesday,5,0,23.4,37,22.1,0.0,4.8,0.0,0
2025-05-20T06:00,2025-05-20,6,Tuesday,5,0,27.5,31,26.4,0.0,4.9,33.0,1
2025-05-20T07:00,2025-05-20,7,Tuesday,5,0,30.4,26,29.4,0.0,4.6,169.0,1
2025-05-20T08:00,2025-05-20,8,Tuesday,5,0,34.5,20,33.6,0.0,3.2,358.0,1
2025-05-20T09:00,2025-05-20,9,Tuesday,5,0,37.5,16,36.1,0.0,5.2,550.0,1
2025-05-20T10:00,2025-05-20,10,Tuesday,5,0,39.5,14,38.8,0.0,5.9,716.0,1
2025-05-20T11:00,2025-05-20,11,Tuesday,5,0,40.8,13,40.8,0.0,5.8,838.0,1
2025-05-20T12:00,2025-05-20,12,Tuesday,5,0,41.8,11,42.0,0.0,6.3,902.0,1
2025-05-20T13:00,2025-05-20,13,Tuesday,5,0,42.3,10,41.7,0.0,6.8,809.0,1
2025-05-20T14:00,2025-05-20,14,Tuesday,5,0,42.7,10,41.0,0.0,10.7,779.0,1
2025-05-20T15:00,2025-05-20,15,Tuesday,5,0,42.0,10,39.2,0.0,13.7,681.0,1
2025-05-20T16:00,2025-05-20,16,Tuesday,5,0,42.0,10,39.2,0.0,9.6,569.0,1
2025-05-20T17:00,2025-05-20,17,Tuesday,5,0,41.2,11,38.8,0.0,7.9,384.0,1
2025-05-20T18:00,2025-05-20,18,Tuesday,5,0,40.0,12,37.3,0.0,10.5,193.0,1
2025-05-20T19:00,2025-05-20,19,Tuesday,5,0,37.5,17,35.6,0.0,9.8,46.0,1
2025-05-20T20:00,2025-05-20,20,Tuesday,5,0,34.9,20,33.5,0.0,7.2,0.0,0
2025-05-20T21:00,2025-05-20,21,Tuesday,5,0,31.9,25,30.9,0.0,4.9,0.0,0
2025-05-20T22:00,2025-05-20,22,Tuesday,5,0,29.5,30,29.0,0.0,4.3,0.0,0
2025-05-20T23:00,2025-05-20,23,Tuesday,5,0,28.1,35,27.8,0.0,5.0,0.0,0
2025-05-21T00:00,2025-05-21,0,Wednesday,5,0,27.3,37,26.9,0.0,5.7,0.0,0
2025-05-21T01:00,2025-05-21,1,Wednesday,5,0,26.5,39,26.2,0.0,5.2,0.0,0
2025-05-21T02:00,2025-05-21,2,Wednesday,5,0,25.7,41,25.9,0.0,2.0,0.0,0
2025-05-21T03:00,2025-05-21,3,Wednesday,5,0,24.8,43,24.9,0.0,2.4,0.0,0
2025-05-21T04:00,2025-05-21,4,Wednesday,5,0,24.1,44,23.8,0.0,4.5,0.0,0
2025-05-21T05:00,2025-05-21,5,Wednesday,5,0,23.7,44,23.5,0.0,3.1,0.0,0
2025-05-21T06:00,2025-05-21,6,Wednesday,5,0,27.8,34,27.0,0.0,6.2,33.0,1
2025-05-21T07:00,2025-05-21,7,Wednesday,5,0,30.7,28,29.9,0.0,6.0,167.0,1
2025-05-21T08:00,2025-05-21,8,Wednesday,5,0,34.8,20,33.9,0.0,3.3,353.0,1
2025-05-21T09:00,2025-05-21,9,Wednesday,5,0,37.4,19,36.5,0.0,6.2,543.0,1
2025-05-21T10:00,2025-05-21,10,Wednesday,5,0,39.0,19,39.4,0.0,7.3,708.0,1
2025-05-21T11:00,2025-05-21,11,Wednesday,5,0,40.5,18,41.9,0.0,6.0,830.0,1
2025-05-21T12:00,2025-05-21,12,Wednesday,5,0,41.8,16,43.1,0.0,5.7,871.0,1
2025-05-21T13:00,2025-05-21,13,Wednesday,5,0,42.5,13,42.5,0.0,4.8,760.0,1
2025-05-21T14:00,2025-05-21,14,Wednesday,5,0,43.2,11,42.7,0.0,3.8,728.0,1
2025-05-21T15:00,2025-05-21,15,Wednesday,5,0,43.7,10,42.3,0.0,5.5,648.0,1
2025-05-21T16:00,2025-05-21,16,Wednesday,5,0,43.0,11,40.8,0.0,7.5,372.0,1
2025-05-21T17:00,2025-05-21,17,Wednesday,5,0,41.7,14,38.5,0.0,18.9,344.0,1
2025-05-21T18:00,2025-05-21,18,Wednesday,5,0,41.7,9,38.8,0.0,7.8,190.0,1
2025-05-21T19:00,2025-05-21,19,Wednesday,5,0,38.6,13,36.1,0.0,8.4,47.0,1
2025-05-21T20:00,2025-05-21,20,Wednesday,5,0,35.1,18,33.7,0.0,4.8,0.0,0
2025-05-21T21:00,2025-05-21,21,Wednesday,5,0,32.0,23,30.9,0.0,4.7,0.0,0
2025-05-21T22:00,2025-05-21,22,Wednesday,5,0,30.0,27,29.0,0.0,5.1,0.0,0
2025-05-21T23:00,2025-05-21,23,Wednesday,5,0,28.8,30,28.0,0.0,5.0,0.0,0
2025-05-22T00:00,2025-05-22,0,Thursday,5,0,27.9,32,27.0,0.0,5.2,0.0,0
2025-05-22T01:00,2025-05-22,1,Thursday,5,0,26.4,36,25.9,0.0,3.6,0.0,0
2025-05-22T02:00,2025-05-22,2,Thursday,5,0,25.8,36,24.9,0.0,5.5,0.0,0
2025-05-22T03:00,2025-05-22,3,Thursday,5,0,25.2,35,24.1,0.0,5.8,0.0,0
2025-05-22T04:00,2025-05-22,4,Thursday,5,0,24.8,35,23.6,0.0,5.0,0.0,0
2025-05-22T05:00,2025-05-22,5,Thursday,5,0,23.9,37,22.9,0.0,4.2,0.0,0
2025-05-22T06:00,2025-05-22,6,Thursday,5,0,27.7,32,26.8,0.0,5.9,34.0,1
2025-05-22T07:00,2025-05-22,7,Thursday,5,0,30.6,30,29.9,0.0,7.3,170.0,1
2025-05-22T08:00,2025-05-22,8,Thursday,5,0,32.9,32,32.7,0.0,10.3,355.0,1
2025-05-22T09:00,2025-05-22,9,Thursday,5,0,34.8,30,34.5,0.0,13.1,544.0,1
2025-05-22T10:00,2025-05-22,10,Thursday,5,0,36.3,29,36.8,0.0,14.8,709.0,1
2025-05-22T11:00,2025-05-22,11,Thursday,5,0,37.5,27,38.6,0.0,15.1,829.0,1
2025-05-22T12:00,2025-05-22,12,Thursday,5,0,38.8,24,40.1,0.0,14.0,896.0,1
2025-05-22T13:00,2025-05-22,13,Thursday,5,0,39.9,22,41.5,0.0,11.3,902.0,1
2025-05-22T14:00,2025-05-22,14,Thursday,5,0,40.6,20,42.1,0.0,9.2,843.0,1
2025-05-22T15:00,2025-05-22,15,Thursday,5,0,41.0,19,42.0,0.0,6.0,722.0,1
2025-05-22T16:00,2025-05-22,16,Thursday,5,0,41.0,18,40.9,0.0,6.2,557.0,1
2025-05-22T17:00,2025-05-22,17,Thursday,5,0,40.5,18,40.1,0.0,7.5,372.0,1
2025-05-22T18:00,2025-05-22,18,Thursday,5,0,38.3,20,37.7,0.0,7.9,195.0,1
2025-05-22T19:00,2025-05-22,19,Thursday,5,0,36.4,23,36.2,0.0,6.1,48.0,1
2025-05-22T20:00,2025-05-22,20,Thursday,5,0,34.3,27,34.2,0.0,6.6,0.0,0
2025-05-22T21:00,2025-05-22,21,Thursday,5,0,32.2,31,32.4,0.0,5.2,0.0,0
2025-05-22T22:00,2025-05-22,22,Thursday,5,0,30.9,34,31.0,0.0,5.6,0.0,0
2025-05-22T23:00,2025-05-22,23,Thursday,5,0,29.8,36,30.0,0.0,4.9,0.0,0
2025-05-23T00:00,2025-05-23,0,Friday,5,1,28.9,38,29.3,0.0,4.7,0.0,0
2025-05-23T01:00,2025-05-23,1,Friday,5,1,28.0,41,28.6,0.0,4.1,0.0,0
2025-05-23T02:00,2025-05-23,2,Friday,5,1,27.2,44,27.9,0.0,3.8,0.0,0
2025-05-23T03:00,2025-05-23,3,Friday,5,1,26.8,46,27.4,0.0,4.9,0.0,0
2025-05-23T04:00,2025-05-23,4,Friday,5,1,26.7,47,27.2,0.0,6.8,0.0,0
2025-05-23T05:00,2025-05-23,5,Friday,5,1,26.9,47,27.4,0.0,6.7,0.0,0
2025-05-23T06:00,2025-05-23,6,Friday,5,1,29.0,47,29.9,0.0,8.6,34.0,1
2025-05-23T07:00,2025-05-23,7,Friday,5,1,30.8,44,31.8,0.0,10.6,164.0,1
2025-05-23T08:00,2025-05-23,8,Friday,5,1,31.6,46,32.5,0.0,15.8,344.0,1
2025-05-23T09:00,2025-05-23,9,Friday,5,1,33.0,42,34.0,0.0,15.3,528.0,1
2025-05-23T10:00,2025-05-23,10,Friday,5,1,34.5,39,36.3,0.0,14.3,694.0,1
2025-05-23T11:00,2025-05-23,11,Friday,5,1,35.9,35,38.4,0.0,12.9,816.0,1
2025-05-23T12:00,2025-05-23,12,Friday,5,1,37.2,32,40.4,0.0,9.1,862.0,1
2025-05-23T13:00,2025-05-23,13,Friday,5,1,38.1,28,41.6,0.0,4.9,849.0,1
2025-05-23T14:00,2025-05-23,14,Friday,5,1,38.6,24,40.7,0.0,2.7,702.0,1
2025-05-23T15:00,2025-05-23,15,Friday,5,1,38.2,23,38.6,0.0,4.3,397.0,1
2025-05-23T16:00,2025-05-23,16,Friday,5,1,39.0,21,38.0,0.0,12.8,417.0,1
2025-05-23T17:00,2025-05-23,17,Friday,5,1,37.0,25,37.9,0.0,2.6,160.0,1
2025-05-23T18:00,2025-05-23,18,Friday,5,1,37.7,20,35.7,0.0,16.4,170.0,1
2025-05-23T19:00,2025-05-23,19,Friday,5,1,33.7,35,34.9,0.0,5.9,48.0,1
2025-05-23T20:00,2025-05-23,20,Friday,5,1,32.0,38,34.0,0.0,1.1,0.0,0
2025-05-23T21:00,2025-05-23,21,Friday,5,1,31.2,40,32.9,0.0,2.1,0.0,0
2025-05-23T22:00,2025-05-23,22,Friday,5,1,30.9,39,32.3,0.0,2.7,0.0,0
2025-05-23T23:00,2025-05-23,23,Friday,5,1,29.5,41,30.5,0.0,3.8,0.0,0
2025-05-24T00:00,2025-05-24,0,Saturday,5,1,28.5,43,29.1,0.0,5.7,0.0,0
2025-05-24T01:00,2025-05-24,1,Saturday,5,1,27.0,47,27.9,0.0,4.3,0.0,0
2025-05-24T02:00,2025-05-24,2,Saturday,5,1,26.3,50,27.3,0.0,4.5,0.0,0
2025-05-24T03:00,2025-05-24,3,Saturday,5,1,26.0,50,26.9,0.0,5.7,0.0,0
2025-05-24T04:00,2025-05-24,4,Saturday,5,1,26.0,50,26.9,0.0,4.6,0.0,0
2025-05-24T05:00,2025-05-24,5,Saturday,5,1,26.1,49,26.9,0.0,4.8,0.0,0
2025-05-24T06:00,2025-05-24,6,Saturday,5,1,30.0,43,31.0,0.0,7.6,34.0,1
2025-05-24T07:00,2025-05-24,7,Saturday,5,1,24.8,59,22.8,0.0,28.1,163.0,1
2025-05-24T08:00,2025-05-24,8,Saturday,5,1,27.6,52,27.6,0.8,16.7,304.0,1
2025-05-24T09:00,2025-05-24,9,Saturday,5,1,29.4,48,30.1,1.6,12.7,404.0,1
2025-05-24T10:00,2025-05-24,10,Saturday,5,1,25.2,67,26.7,5.0,12.3,184.0,1
2025-05-24T11:00,2025-05-24,11,Saturday,5,1,28.6,53,30.7,0.0,6.5,468.0,1
2025-05-24T12:00,2025-05-24,12,Saturday,5,1,32.0,44,35.3,0.0,6.5,750.0,1
2025-05-24T13:00,2025-05-24,13,Saturday,5,1,33.2,42,36.7,0.0,2.2,661.0,1
2025-05-24T14:00,2025-05-24,14,Saturday,5,1,32.5,42,34.3,0.0,7.9,331.0,1
2025-05-24T15:00,2025-05-24,15,Saturday,5,1,33.7,39,37.1,0.0,1.2,660.0,1
2025-05-24T16:00,2025-05-24,16,Saturday,5,1,33.8,37,35.9,0.0,2.8,451.0,1
2025-05-24T17:00,2025-05-24,17,Saturday,5,1,33.7,36,35.5,0.0,3.0,339.0,1
2025-05-24T18:00,2025-05-24,18,Saturday,5,1,28.4,50,29.3,0.0,10.8,186.0,1
2025-05-24T19:00,2025-05-24,19,Saturday,5,1,27.9,53,29.3,0.0,8.7,48.0,1
2025-05-24T20:00,2025-05-24,20,Saturday,5,1,27.1,57,28.6,0.0,9.0,0.0,0
2025-05-24T21:00,2025-05-24,21,Saturday,5,1,26.4,58,28.0,0.0,6.8,0.0,0
2025-05-24T22:00,2025-05-24,22,Saturday,5,1,25.4,61,27.4,0.0,4.4,0.0,0
2025-05-24T23:00,2025-05-24,23,Saturday,5,1,24.6,63,26.6,0.0,3.7,0.0,0
2025-05-25T00:00,2025-05-25,0,Sunday,5,1,24.1,66,26.6,0.0,1.0,0.0,0
2025-05-25T01:00,2025-05-25,1,Sunday,5,1,23.5,72,26.2,0.0,1.1,0.0,0
2025-05-25T02:00,2025-05-25,2,Sunday,5,1,23.2,73,26.1,0.0,0.2,0.0,0
2025-05-25T03:00,2025-05-25,3,Sunday,5,1,22.6,73,25.1,0.0,2.2,0.0,0
2025-05-25T04:00,2025-05-25,4,Sunday,5,1,22.5,71,24.3,0.0,4.5,0.0,0
2025-05-25T05:00,2025-05-25,5,Sunday,5,1,22.5,65,23.5,0.0,6.8,0.0,0
2025-05-25T06:00,2025-05-25,6,Sunday,5,1,22.2,61,23.0,0.0,4.9,35.0,1
2025-05-25T07:00,2025-05-25,7,Sunday,5,1,24.6,53,25.5,0.0,3.9,168.0,1
2025-05-25T08:00,2025-05-25,8,Sunday,5,1,27.6,41,28.0,0.0,4.1,350.0,1
2025-05-25T09:00,2025-05-25,9,Sunday,5,1,30.0,37,30.8,0.0,2.7,536.0,1
2025-05-25T10:00,2025-05-25,10,Sunday,5,1,31.6,35,33.9,0.0,1.5,698.0,1
2025-05-25T11:00,2025-05-25,11,Sunday,5,1,33.2,34,36.1,0.0,3.1,819.0,1
2025-05-25T12:00,2025-05-25,12,Sunday,5,1,34.5,31,37.9,0.0,3.1,886.0,1
2025-05-25T13:00,2025-05-25,13,Sunday,5,1,35.5,29,38.8,0.0,2.7,885.0,1
2025-05-25T14:00,2025-05-25,14,Sunday,5,1,36.4,27,39.3,0.0,3.1,830.0,1
2025-05-25T15:00,2025-05-25,15,Sunday,5,1,36.5,27,38.3,0.0,5.1,715.0,1
2025-05-25T16:00,2025-05-25,16,Sunday,5,1,36.2,27,36.7,0.0,6.5,557.0,1
2025-05-25T17:00,2025-05-25,17,Sunday,5,1,35.5,29,36.2,0.0,6.2,372.0,1
2025-05-25T18:00,2025-05-25,18,Sunday,5,1,33.3,33,34.2,0.0,5.8,188.0,1
2025-05-25T19:00,2025-05-25,19,Sunday,5,1,31.1,40,32.5,0.0,4.7,49.0,1
2025-05-25T20:00,2025-05-25,20,Sunday,5,1,30.2,44,32.3,0.0,1.6,0.0,0
2025-05-25T21:00,2025-05-25,21,Sunday,5,1,29.1,47,31.4,0.0,0.8,0.0,0
2025-05-25T22:00,2025-05-25,22,Sunday,5,1,27.4,54,29.7,0.0,1.8,0.0,0
2025-05-25T23:00,2025-05-25,23,Sunday,5,1,25.9,61,28.4,0.0,2.1,0.0,0
2025-05-26T00:00,2025-05-26,0,Monday,5,0,24.9,67,27.5,0.0,2.9,0.0,0
2025-05-26T01:00,2025-05-26,1,Monday,5,0,24.2,71,26.9,0.0,4.0,0.0,0
2025-05-26T02:00,2025-05-26,2,Monday,5,0,23.7,73,26.2,0.0,4.8,0.0,0
2025-05-26T03:00,2025-05-26,3,Monday,5,0,23.3,74,25.7,0.0,4.4,0.0,0
2025-05-26T04:00,2025-05-26,4,Monday,5,0,22.8,77,25.3,0.0,4.1,0.0,0
2025-05-26T05:00,2025-05-26,5,Monday,5,0,22.6,77,24.9,0.0,4.9,0.0,0
2025-05-26T06:00,2025-05-26,6,Monday,5,0,25.0,65,27.1,0.0,6.3,35.0,1
2025-05-26T07:00,2025-05-26,7,Monday,5,0,27.6,56,30.1,0.0,3.2,164.0,1
2025-05-26T08:00,2025-05-26,8,Monday,5,0,30.6,43,32.6,0.0,2.5,344.0,1
2025-05-26T09:00,2025-05-26,9,Monday,5,0,32.6,38,34.5,0.0,2.1,528.0,1
2025-05-26T10:00,2025-05-26,10,Monday,5,0,34.0,33,36.5,0.0,2.2,686.0,1
2025-05-26T11:00,2025-05-26,11,Monday,5,0,35.4,31,37.8,0.0,6.5,795.0,1
2025-05-26T12:00,2025-05-26,12,Monday,5,0,36.7,28,38.6,0.0,11.2,870.0,1
2025-05-26T13:00,2025-05-26,13,Monday,5,0,37.5,26,39.1,0.0,11.9,875.0,1
2025-05-26T14:00,2025-05-26,14,Monday,5,0,38.2,24,39.7,0.0,10.3,826.0,1
2025-05-26T15:00,2025-05-26,15,Monday,5,0,38.4,24,39.6,0.0,8.0,714.0,1
2025-05-26T16:00,2025-05-26,16,Monday,5,0,38.3,24,38.3,0.0,9.4,557.0,1
2025-05-26T17:00,2025-05-26,17,Monday,5,0,37.0,26,36.1,0.0,15.5,315.0,1
2025-05-26T18:00,2025-05-26,18,Monday,5,0,36.6,26,36.9,0.0,6.5,194.0,1
2025-05-26T19:00,2025-05-26,19,Monday,5,0,34.0,32,35.1,0.0,3.2,50.0,1
2025-05-26T20:00,2025-05-26,20,Monday,5,0,31.6,40,33.1,0.0,5.1,0.0,0
2025-05-26T21:00,2025-05-26,21,Monday,5,0,29.2,51,31.6,0.0,4.1,0.0,0
2025-05-26T22:00,2025-05-26,22,Monday,5,0,27.4,62,30.4,0.0,3.2,0.0,0
2025-05-26T23:00,2025-05-26,23,Monday,5,0,26.2,67,29.4,0.0,3.7,0.0,0
2025-05-27T00:00,2025-05-27,0,Tuesday,5,0,25.4,72,28.6,0.0,3.6,0.0,0
2025-05-27T01:00,2025-05-27,1,Tuesday,5,0,24.7,74,27.4,0.0,7.3,0.0,0
2025-05-27T02:00,2025-05-27,2,Tuesday,5,0,24.7,70,27.2,0.0,5.5,0.0,0
2025-05-27T03:00,2025-05-27,3,Tuesday,5,0,24.3,71,27.1,0.0,3.0,0.0,0
2025-05-27T04:00,2025-05-27,4,Tuesday,5,0,24.6,69,27.2,0.0,4.2,0.0,0
2025-05-27T05:00,2025-05-27,5,Tuesday,5,0,24.6,67,26.8,0.0,5.3,0.0,1
2025-05-27T06:00,2025-05-27,6,Tuesday,5,0,27.4,54,28.8,0.0,7.2,35.0,1
2025-05-27T07:00,2025-05-27,7,Tuesday,5,0,30.1,45,31.8,0.0,5.9,163.0,1
2025-05-27T08:00,2025-05-27,8,Tuesday,5,0,33.0,38,34.2,0.0,8.2,338.0,1
2025-05-27T09:00,2025-05-27,9,Tuesday,5,0,34.6,35,35.6,0.0,9.6,520.0,1
2025-05-27T10:00,2025-05-27,10,Tuesday,5,0,36.2,31,37.5,0.0,12.1,678.0,1
2025-05-27T11:00,2025-05-27,11,Tuesday,5,0,29.5,51,29.1,0.5,23.5,503.0,1
2025-05-27T12:00,2025-05-27,12,Tuesday,5,0,30.7,44,31.1,0.0,14.6,426.0,1
2025-05-27T13:00,2025-05-27,13,Tuesday,5,0,32.2,39,33.8,0.0,4.8,360.0,1
2025-05-27T14:00,2025-05-27,14,Tuesday,5,0,35.2,32,38.0,0.0,1.6,700.0,1
2025-05-27T15:00,2025-05-27,15,Tuesday,5,0,36.2,30,37.5,0.0,6.0,597.0,1
2025-05-27T16:00,2025-05-27,16,Tuesday,5,0,34.5,32,35.8,0.3,3.2,363.0,1
2025-05-27T17:00,2025-05-27,17,Tuesday,5,0,34.3,32,35.3,0.0,5.5,243.0,1
2025-05-27T18:00,2025-05-27,18,Tuesday,5,0,28.8,52,28.4,0.0,22.6,97.0,1
2025-05-27T19:00,2025-05-27,19,Tuesday,5,0,29.0,51,30.4,0.0,9.6,28.0,1
2025-05-27T20:00,2025-05-27,20,Tuesday,5,0,29.0,52,31.1,0.0,6.1,0.0,0
2025-05-27T21:00,2025-05-27,21,Tuesday,5,0,28.2,55,30.3,0.0,6.8,0.0,0
2025-05-27T22:00,2025-05-27,22,Tuesday,5,0,26.8,62,29.7,0.0,2.9,0.0,0
2025-05-27T23:00,2025-05-27,23,Tuesday,5,0,26.5,65,29.8,0.0,1.6,0.0,0
2025-05-28T00:00,2025-05-28,0,Wednesday,5,0,26.1,67,29.6,0.0,1.0,0.0,0
2025-05-28T01:00,2025-05-28,1,Wednesday,5,0,25.0,71,28.2,0.0,2.7,0.0,0
2025-05-28T02:00,2025-05-28,2,Wednesday,5,0,24.5,74,28.0,0.0,0.8,0.0,0
2025-05-28T03:00,2025-05-28,3,Wednesday,5,0,23.8,77,27.2,0.0,1.1,0.0,0
2025-05-28T04:00,2025-05-28,4,Wednesday,5,0,23.1,79,26.5,0.0,1.2,0.0,0
2025-05-28T05:00,2025-05-28,5,Wednesday,5,0,22.3,82,25.6,0.0,1.2,0.0,1
2025-05-28T06:00,2025-05-28,6,Wednesday,5,0,23.6,75,26.6,0.0,2.4,36.0,1
2025-05-28T07:00,2025-05-28,7,Wednesday,5,0,26.3,62,29.1,0.0,1.9,170.0,1
2025-05-28T08:00,2025-05-28,8,Wednesday,5,0,29.3,47,31.3,0.0,3.3,354.0,1
2025-05-28T09:00,2025-05-28,9,Wednesday,5,0,32.2,35,33.2,0.0,4.7,543.0,1
2025-05-28T10:00,2025-05-28,10,Wednesday,5,0,34.7,27,35.8,0.0,5.4,708.0,1
2025-05-28T11:00,2025-05-28,11,Wednesday,5,0,36.4,22,38.0,0.0,4.2,830.0,1
2025-05-28T12:00,2025-05-28,12,Wednesday,5,0,37.7,20,39.4,0.0,5.2,896.0,1
2025-05-28T13:00,2025-05-28,13,Wednesday,5,0,38.3,19,39.8,0.0,6.1,889.0,1
2025-05-28T14:00,2025-05-28,14,Wednesday,5,0,39.0,18,39.5,0.0,8.7,820.0,1
2025-05-28T15:00,2025-05-28,15,Wednesday,5,0,38.7,19,37.4,0.0,13.7,641.0,1
2025-05-28T16:00,2025-05-28,16,Wednesday,5,0,38.0,20,36.3,0.0,14.0,540.0,1
2025-05-28T17:00,2025-05-28,17,Wednesday,5,0,37.2,21,35.6,0.0,12.4,373.0,1
2025-05-28T18:00,2025-05-28,18,Wednesday,5,0,35.5,21,34.1,0.0,9.6,202.0,1
2025-05-28T19:00,2025-05-28,19,Wednesday,5,0,32.5,27,32.3,0.0,4.9,54.0,1
2025-05-28T20:00,2025-05-28,20,Wednesday,5,0,30.5,34,30.6,0.0,5.6,0.0,0
2025-05-28T21:00,2025-05-28,21,Wednesday,5,0,28.1,44,28.9,0.0,4.9,0.0,0
2025-05-28T22:00,2025-05-28,22,Wednesday,5,0,25.9,54,27.2,0.0,4.0,0.0,0
2025-05-28T23:00,2025-05-28,23,Wednesday,5,0,24.2,61,25.9,0.0,3.2,0.0,0
2025-05-29T00:00,2025-05-29,0,Thursday,5,0,23.5,65,25.2,0.0,3.9,0.0,0
2025-05-29T01:00,2025-05-29,1,Thursday,5,0,23.1,64,24.3,0.0,5.5,0.0,0
2025-05-29T02:00,2025-05-29,2,Thursday,5,0,22.5,63,23.5,0.0,5.2,0.0,0
2025-05-29T03:00,2025-05-29,3,Thursday,5,0,21.6,65,22.7,0.0,3.6,0.0,0
2025-05-29T04:00,2025-05-29,4,Thursday,5,0,21.5,63,22.1,0.0,4.9,0.0,0
2025-05-29T05:00,2025-05-29,5,Thursday,5,0,21.5,60,21.5,0.0,6.6,0.0,1
2025-05-29T06:00,2025-05-29,6,Thursday,5,0,24.0,53,24.2,0.0,7.8,37.0,1
2025-05-29T07:00,2025-05-29,7,Thursday,5,0,27.8,42,28.1,0.0,5.8,171.0,1
2025-05-29T08:00,2025-05-29,8,Thursday,5,0,32.0,32,32.5,0.0,2.6,344.0,1
2025-05-29T09:00,2025-05-29,9,Thursday,5,0,35.0,24,34.5,0.0,7.4,532.0,1
2025-05-29T10:00,2025-05-29,10,Thursday,5,0,36.9,22,37.0,0.0,8.0,699.0,1
2025-05-29T11:00,2025-05-29,11,Thursday,5,0,38.3,20,38.9,0.0,9.1,816.0,1
2025-05-29T12:00,2025-05-29,12,Thursday,5,0,30.1,42,31.0,0.3,9.9,611.0,1
2025-05-29T13:00,2025-05-29,13,Thursday,5,0,30.7,38,31.2,0.0,6.9,260.0,1
2025-05-29T14:00,2025-05-29,14,Thursday,5,0,26.5,62,26.6,3.6,24.5,630.0,1
2025-05-29T15:00,2025-05-29,15,Thursday,5,0,27.6,54,28.0,0.2,16.3,179.0,1
2025-05-29T16:00,2025-05-29,16,Thursday,5,0,30.2,42,30.7,0.0,10.8,337.0,1
2025-05-29T17:00,2025-05-29,17,Thursday,5,0,30.6,38,30.5,0.0,11.1,268.0,1
2025-05-29T18:00,2025-05-29,18,Thursday,5,0,32.7,28,30.8,0.0,17.0,84.0,1
2025-05-29T19:00,2025-05-29,19,Thursday,5,0,30.7,33,29.6,0.0,13.0,17.0,1
2025-05-29T20:00,2025-05-29,20,Thursday,5,0,30.1,34,29.6,0.0,9.5,0.0,0
2025-05-29T21:00,2025-05-29,21,Thursday,5,0,29.1,35,28.1,0.0,11.5,0.0,0
2025-05-29T22:00,2025-05-29,22,Thursday,5,0,28.7,31,27.5,0.0,8.1,0.0,0
2025-05-29T23:00,2025-05-29,23,Thursday,5,0,26.4,36,25.8,0.0,4.8,0.0,0
2025-05-30T00:00,2025-05-30,0,Friday,5,1,26.5,37,25.4,0.0,8.9,0.0,0
2025-05-30T01:00,2025-05-30,1,Friday,5,1,26.6,37,25.8,0.0,6.9,0.0,0
2025-05-30T02:00,2025-05-30,2,Friday,5,1,26.5,36,25.3,0.0,8.3,0.0,0
2025-05-30T03:00,2025-05-30,3,Friday,5,1,24.9,41,24.4,0.0,4.4,0.0,0
2025-05-30T04:00,2025-05-30,4,Friday,5,1,24.6,42,24.3,0.0,3.8,0.0,0
2025-05-30T05:00,2025-05-30,5,Friday,5,1,23.8,44,23.5,0.0,4.0,0.0,1
2025-05-30T06:00,2025-05-30,6,Friday,5,1,24.1,56,24.8,0.0,7.0,37.0,1
2025-05-30T07:00,2025-05-30,7,Friday,5,1,26.4,53,27.8,0.0,4.8,171.0,1
2025-05-30T08:00,2025-05-30,8,Friday,5,1,29.2,46,30.8,0.0,4.4,347.0,1
2025-05-30T09:00,2025-05-30,9,Friday,5,1,32.2,37,33.2,0.0,6.2,529.0,1
2025-05-30T10:00,2025-05-30,10,Friday,5,1,34.3,24,34.3,0.0,7.9,701.0,1
2025-05-30T11:00,2025-05-30,11,Friday,5,1,34.7,22,35.0,0.0,7.5,794.0,1
2025-05-30T12:00,2025-05-30,12,Friday,5,1,32.2,30,30.9,0.0,18.4,692.0,1
2025-05-30T13:00,2025-05-30,13,Friday,5,1,34.1,25,33.0,0.0,14.3,645.0,1
2025-05-30T14:00,2025-05-30,14,Friday,5,1,35.2,23,36.0,0.0,3.1,690.0,1
2025-05-30T15:00,2025-05-30,15,Friday,5,1,35.3,23,35.4,0.0,3.6,595.0,1
2025-05-30T16:00,2025-05-30,16,Friday,5,1,34.2,24,33.5,0.0,6.7,423.0,1
2025-05-30T17:00,2025-05-30,17,Friday,5,1,33.8,24,33.8,0.0,1.0,290.0,1
2025-05-30T18:00,2025-05-30,18,Friday,5,1,33.8,22,32.0,0.0,10.9,191.0,1
2025-05-30T19:00,2025-05-30,19,Friday,5,1,31.5,28,30.7,0.0,7.6,43.0,1
2025-05-30T20:00,2025-05-30,20,Friday,5,1,29.6,33,27.9,0.0,15.3,0.0,0
2025-05-30T21:00,2025-05-30,21,Friday,5,1,29.0,34,27.2,0.0,14.6,0.0,0
2025-05-30T22:00,2025-05-30,22,Friday,5,1,27.8,36,26.7,0.0,10.6,0.0,0
2025-05-30T23:00,2025-05-30,23,Friday,5,1,27.1,36,25.8,0.0,11.1,0.0,0
2025-05-31T00:00,2025-05-31,0,Saturday,5,1,26.9,38,26.9,0.0,2.2,0.0,0
2025-05-31T01:00,2025-05-31,1,Saturday,5,1,24.5,51,22.7,0.0,20.6,0.0,0
2025-05-31T02:00,2025-05-31,2,Saturday,5,1,24.4,51,24.6,0.0,6.2,0.0,0
2025-05-31T03:00,2025-05-31,3,Saturday,5,1,22.2,71,24.2,1.0,2.3,0.0,0
2025-05-31T04:00,2025-05-31,4,Saturday,5,1,23.1,57,22.4,0.0,14.7,0.0,0
2025-05-31T05:00,2025-05-31,5,Saturday,5,1,21.0,77,21.7,2.4,11.0,0.0,1
2025-05-31T06:00,2025-05-31,6,Saturday,5,1,23.2,58,22.8,0.0,12.3,17.0,1
2025-05-31T07:00,2025-05-31,7,Saturday,5,1,24.2,53,24.0,0.0,10.9,57.0,1
2025-05-31T08:00,2025-05-31,8,Saturday,5,1,26.1,45,25.0,0.0,14.3,154.0,1
2025-05-31T09:00,2025-05-31,9,Saturday,5,1,27.9,38,27.3,0.0,9.1,353.0,1
2025-05-31T10:00,2025-05-31,10,Saturday,5,1,26.8,44,25.8,0.7,14.5,329.0,1
2025-05-31T11:00,2025-05-31,11,Saturday,5,1,29.6,35,30.7,0.0,5.7,730.0,1
2025-05-31T12:00,2025-05-31,12,Saturday,5,1,28.7,36,27.8,0.0,10.7,446.0,1
2025-05-31T13:00,2025-05-31,13,Saturday,5,1,30.0,32,30.5,0.1,5.2,684.0,1
2025-05-31T14:00,2025-05-31,14,Saturday,5,1,29.0,37,27.8,0.0,16.2,613.0,1
2025-05-31T15:00,2025-05-31,15,Saturday,5,1,29.2,39,29.0,0.0,11.3,584.0,1
2025-05-31T16:00,2025-05-31,16,Saturday,5,1,30.1,35,29.3,0.0,11.8,525.0,1
2025-05-31T17:00,2025-05-31,17,Saturday,5,1,29.7,36,29.3,0.0,9.2,369.0,1
2025-05-31T18:00,2025-05-31,18,Saturday,5,1,27.5,43,27.8,0.0,6.2,184.0,1
2025-05-31T19:00,2025-05-31,19,Saturday,5,1,26.2,48,26.8,0.0,6.4,51.0,1
2025-05-31T20:00,2025-05-31,20,Saturday,5,1,25.1,49,25.0,0.0,9.0,0.0,0
2025-05-31T21:00,2025-05-31,21,Saturday,5,1,23.0,60,23.9,0.0,4.9,0.0,0
2025-05-31T22:00,2025-05-31,22,Saturday,5,1,21.4,70,22.8,0.0,3.8,0.0,0
2025-05-31T23:00,2025-05-31,23,Saturday,5,1,20.7,77,22.8,0.0,1.3,0.0,0
2025-06-01T00:00,2025-06-01,0,Sunday,6,1,19.8,80,21.5,0.0,3.6,0.0,0
2025-06-01T01:00,2025-06-01,1,Sunday,6,1,19.3,80,20.9,0.0,2.3,0.0,0
2025-06-01T02:00,2025-06-01,2,Sunday,6,1,19.0,81,20.9,0.0,0.6,0.0,0
2025-06-01T03:00,2025-06-01,3,Sunday,6,1,18.8,85,20.8,0.0,0.5,0.0,0
2025-06-01T04:00,2025-06-01,4,Sunday,6,1,18.7,81,20.2,0.0,2.4,0.0,0
2025-06-01T05:00,2025-06-01,5,Sunday,6,1,18.4,84,19.9,0.0,2.8,0.0,1
2025-06-01T06:00,2025-06-01,6,Sunday,6,1,20.7,68,21.4,0.0,5.3,37.0,1
2025-06-01T07:00,2025-06-01,7,Sunday,6,1,22.5,58,23.0,0.0,5.1,168.0,1
2025-06-01T08:00,2025-06-01,8,Sunday,6,1,26.2,40,25.9,0.0,4.7,349.0,1
2025-06-01T09:00,2025-06-01,9,Sunday,6,1,28.2,35,28.2,0.0,2.4,537.0,1
2025-06-01T10:00,2025-06-01,10,Sunday,6,1,29.8,31,30.5,0.0,2.7,679.0,1
2025-06-01T11:00,2025-06-01,11,Sunday,6,1,31.0,28,32.0,0.0,4.2,802.0,1
2025-06-01T12:00,2025-06-01,12,Sunday,6,1,32.2,25,33.4,0.0,4.9,876.0,1
2025-06-01T13:00,2025-06-01,13,Sunday,6,1,33.0,23,33.9,0.0,3.8,816.0,1
2025-06-01T14:00,2025-06-01,14,Sunday,6,1,33.8,21,34.1,0.0,6.6,800.0,1
2025-06-01T15:00,2025-06-01,15,Sunday,6,1,30.9,29,28.6,0.0,20.9,647.0,1
2025-06-01T16:00,2025-06-01,16,Sunday,6,1,31.5,27,30.6,0.0,7.7,404.0,1
2025-06-01T17:00,2025-06-01,17,Sunday,6,1,32.3,24,31.2,0.0,6.1,368.0,1
2025-06-01T18:00,2025-06-01,18,Sunday,6,1,30.6,27,28.9,0.0,10.5,188.0,1
2025-06-01T19:00,2025-06-01,19,Sunday,6,1,28.2,33,27.3,0.0,7.9,55.0,1
2025-06-01T20:00,2025-06-01,20,Sunday,6,1,26.4,41,26.0,0.0,7.1,1.0,0
2025-06-01T21:00,2025-06-01,21,Sunday,6,1,24.8,48,24.5,0.0,8.0,0.0,0
2025-06-01T22:00,2025-06-01,22,Sunday,6,1,22.9,54,23.1,0.0,5.0,0.0,0
2025-06-01T23:00,2025-06-01,23,Sunday,6,1,21.6,61,22.3,0.0,3.5,0.0,0
2025-06-02T00:00,2025-06-02,0,Monday,6,0,21.0,68,22.0,0.0,3.6,0.0,0
2025-06-02T01:00,2025-06-02,1,Monday,6,0,20.5,72,21.7,0.0,4.2,0.0,0
2025-06-02T02:00,2025-06-02,2,Monday,6,0,20.2,73,21.3,0.0,4.4,0.0,0
2025-06-02T03:00,2025-06-02,3,Monday,6,0,19.5,76,20.7,0.0,3.3,0.0,0
2025-06-02T04:00,2025-06-02,4,Monday,6,0,19.0,78,20.4,0.0,2.7,0.0,0
2025-06-02T05:00,2025-06-02,5,Monday,6,0,18.7,79,19.9,0.0,2.9,0.0,1
2025-06-02T06:00,2025-06-02,6,Monday,6,0,22.6,60,23.3,0.0,5.4,31.0,1
2025-06-02T07:00,2025-06-02,7,Monday,6,0,25.1,52,26.2,0.0,2.7,153.0,1
2025-06-02T08:00,2025-06-02,8,Monday,6,0,28.4,38,28.8,0.0,3.3,325.0,1
2025-06-02T09:00,2025-06-02,9,Monday,6,0,31.4,29,31.2,0.0,3.7,515.0,1
2025-06-02T10:00,2025-06-02,10,Monday,6,0,33.5,22,33.8,0.0,2.8,703.0,1
2025-06-02T11:00,2025-06-02,11,Monday,6,0,34.5,19,35.1,0.0,4.0,804.0,1
2025-06-02T12:00,2025-06-02,12,Monday,6,0,35.0,18,35.2,0.0,4.9,821.0,1
2025-06-02T13:00,2025-06-02,13,Monday,6,0,35.4,15,34.2,0.0,6.9,723.0,1
2025-06-02T14:00,2025-06-02,14,Monday,6,0,35.5,15,33.5,0.0,11.2,682.0,1
2025-06-02T15:00,2025-06-02,15,Monday,6,0,33.4,21,30.2,0.0,19.4,573.0,1
2025-06-02T16:00,2025-06-02,16,Monday,6,0,33.5,20,31.0,0.0,13.1,424.0,1
2025-06-02T17:00,2025-06-02,17,Monday,6,0,34.3,19,32.3,0.0,8.9,366.0,1
2025-06-02T18:00,2025-06-02,18,Monday,6,0,31.7,25,29.5,0.0,13.9,177.0,1
2025-06-02T19:00,2025-06-02,19,Monday,6,0,29.5,31,28.7,0.0,6.7,55.0,1
2025-06-02T20:00,2025-06-02,20,Monday,6,0,26.9,39,26.6,0.0,5.6,1.0,0
2025-06-02T21:00,2025-06-02,21,Monday,6,0,25.8,42,25.5,0.0,6.2,0.0,0
2025-06-02T22:00,2025-06-02,22,Monday,6,0,25.1,42,24.4,0.0,7.8,0.0,0
2025-06-02T23:00,2025-06-02,23,Monday,6,0,24.0,43,23.2,0.0,7.4,0.0,0
2025-06-03T00:00,2025-06-03,0,Tuesday,6,0,22.9,45,22.2,0.0,5.4,0.0,0
2025-06-03T01:00,2025-06-03,1,Tuesday,6,0,22.5,45,21.7,0.0,6.3,0.0,0
2025-06-03T02:00,2025-06-03,2,Tuesday,6,0,22.7,43,21.0,0.0,10.5,0.0,0
2025-06-03T03:00,2025-06-03,3,Tuesday,6,0,23.0,43,21.2,0.0,12.4,0.0,0
2025-06-03T04:00,2025-06-03,4,Tuesday,6,0,23.0,42,20.5,0.0,15.3,0.0,0
2025-06-03T05:00,2025-06-03,5,Tuesday,6,0,22.9,39,20.3,0.0,14.4,0.0,1
2025-06-03T06:00,2025-06-03,6,Tuesday,6,0,23.1,42,22.0,0.0,6.5,38.0,1
2025-06-03T07:00,2025-06-03,7,Tuesday,6,0,25.0,38,24.4,0.0,3.1,169.0,1
2025-06-03T08:00,2025-06-03,8,Tuesday,6,0,27.7,33,26.8,0.0,6.0,353.0,1
2025-06-03T09:00,2025-06-03,9,Tuesday,6,0,29.6,29,27.7,0.0,12.0,527.0,1
2025-06-03T10:00,2025-06-03,10,Tuesday,6,0,30.6,28,29.6,0.0,7.6,562.0,1
2025-06-03T11:00,2025-06-03,11,Tuesday,6,0,30.4,31,30.4,0.1,12.6,793.0,1
2025-06-03T12:00,2025-06-03,12,Tuesday,6,0,30.7,29,30.7,0.7,10.2,772.0,1
2025-06-03T13:00,2025-06-03,13,Tuesday,6,0,31.1,28,30.1,0.0,14.5,712.0,1
2025-06-03T14:00,2025-06-03,14,Tuesday,6,0,31.7,27,31.8,0.0,9.1,763.0,1
2025-06-03T15:00,2025-06-03,15,Tuesday,6,0,32.6,26,32.3,0.0,8.2,684.0,1
2025-06-03T16:00,2025-06-03,16,Tuesday,6,0,32.1,25,31.0,0.0,7.3,493.0,1
2025-06-03T17:00,2025-06-03,17,Tuesday,6,0,31.8,25,30.7,0.0,6.3,342.0,1
2025-06-03T18:00,2025-06-03,18,Tuesday,6,0,30.5,28,28.3,0.0,14.6,172.0,1
2025-06-03T19:00,2025-06-03,19,Tuesday,6,0,28.5,34,27.0,0.0,12.1,55.0,1
2025-06-03T20:00,2025-06-03,20,Tuesday,6,0,26.5,42,25.7,0.0,10.9,1.0,0
2025-06-03T21:00,2025-06-03,21,Tuesday,6,0,25.1,48,24.9,0.0,8.9,0.0,0
2025-06-03T22:00,2025-06-03,22,Tuesday,6,0,24.1,50,24.1,0.0,7.0,0.0,0
2025-06-03T23:00,2025-06-03,23,Tuesday,6,0,23.3,51,23.1,0.0,7.1,0.0,0
2025-06-04T00:00,2025-06-04,0,Wednesday,6,0,22.6,52,22.4,0.0,6.7,0.0,0
2025-06-04T01:00,2025-06-04,1,Wednesday,6,0,22.1,53,21.9,0.0,6.1,0.0,0
2025-06-04T02:00,2025-06-04,2,Wednesday,6,0,21.6,54,21.5,0.0,4.8,0.0,0
2025-06-04T03:00,2025-06-04,3,Wednesday,6,0,21.3,55,21.2,0.0,4.7,0.0,0
2025-06-04T04:00,2025-06-04,4,Wednesday,6,0,21.0,58,20.9,0.0,6.6,0.0,0
2025-06-04T05:00,2025-06-04,5,Wednesday,6,0,20.2,66,21.1,0.0,2.4,0.0,1
2025-06-04T06:00,2025-06-04,6,Wednesday,6,0,22.7,59,23.1,0.0,7.0,31.0,1
2025-06-04T07:00,2025-06-04,7,Wednesday,6,0,24.6,52,25.2,0.0,5.6,144.0,1
2025-06-04T08:00,2025-06-04,8,Wednesday,6,0,26.5,43,26.2,0.0,8.4,276.0,1
2025-06-04T09:00,2025-06-04,9,Wednesday,6,0,26.4,45,27.0,0.0,3.1,279.0,1
2025-06-04T10:00,2025-06-04,10,Wednesday,6,0,28.6,38,29.0,0.0,6.8,632.0,1
2025-06-04T11:00,2025-06-04,11,Wednesday,6,0,29.8,34,31.2,0.0,4.6,781.0,1
2025-06-04T12:00,2025-06-04,12,Wednesday,6,0,31.1,30,32.1,0.0,7.7,812.0,1
2025-06-04T13:00,2025-06-04,13,Wednesday,6,0,31.2,30,31.6,0.0,5.4,663.0,1
2025-06-04T14:00,2025-06-04,14,Wednesday,6,0,32.0,29,32.9,0.0,6.2,751.0,1
2025-06-04T15:00,2025-06-04,15,Wednesday,6,0,31.9,30,31.8,0.0,6.2,590.0,1
2025-06-04T16:00,2025-06-04,16,Wednesday,6,0,32.0,29,31.7,0.0,5.2,524.0,1
2025-06-04T17:00,2025-06-04,17,Wednesday,6,0,31.5,29,31.5,0.0,3.0,346.0,1
2025-06-04T18:00,2025-06-04,18,Wednesday,6,0,30.6,29,29.7,0.0,7.7,185.0,1
2025-06-04T19:00,2025-06-04,19,Wednesday,6,0,28.7,35,27.4,0.0,12.7,55.0,1
2025-06-04T20:00,2025-06-04,20,Wednesday,6,0,26.8,43,26.2,0.0,10.7,1.0,0
2025-06-04T21:00,2025-06-04,21,Wednesday,6,0,25.3,49,25.2,0.0,8.9,0.0,0
2025-06-04T22:00,2025-06-04,22,Wednesday,6,0,24.1,52,24.4,0.0,6.4,0.0,0
2025-06-04T23:00,2025-06-04,23,Wednesday,6,0,23.0,57,23.6,0.0,5.4,0.0,0
2025-06-05T00:00,2025-06-05,0,Thursday,6,0,22.0,61,22.8,0.0,3.4,0.0,0
2025-06-05T01:00,2025-06-05,1,Thursday,6,0,21.4,63,22.2,0.0,3.8,0.0,0
2025-06-05T02:00,2025-06-05,2,Thursday,6,0,20.9,65,21.6,0.0,4.4,0.0,0
2025-06-05T03:00,2025-06-05,3,Thursday,6,0,21.5,62,22.1,0.0,5.1,0.0,0
2025-06-05T04:00,2025-06-05,4,Thursday,6,0,20.6,66,21.3,0.0,4.2,0.0,0
2025-06-05T05:00,2025-06-05,5,Thursday,6,0,20.5,66,21.1,0.0,4.9,0.0,1
2025-06-05T06:00,2025-06-05,6,Thursday,6,0,23.1,55,23.3,0.0,7.4,38.0,1
2025-06-05T07:00,2025-06-05,7,Thursday,6,0,26.0,46,26.5,0.0,4.1,168.0,1
2025-06-05T08:00,2025-06-05,8,Thursday,6,0,29.0,36,29.2,0.0,4.0,346.0,1
2025-06-05T09:00,2025-06-05,9,Thursday,6,0,31.1,31,31.2,0.0,3.4,528.0,1
2025-06-05T10:00,2025-06-05,10,Thursday,6,0,32.5,28,33.1,0.0,5.3,687.0,1
2025-06-05T11:00,2025-06-05,11,Thursday,6,0,33.4,27,34.3,0.0,5.3,732.0,1
2025-06-05T12:00,2025-06-05,12,Thursday,6,0,34.5,25,36.3,0.0,4.2,846.0,1
2025-06-05T13:00,2025-06-05,13,Thursday,6,0,35.2,24,37.1,0.0,2.7,816.0,1
2025-06-05T14:00,2025-06-05,14,Thursday,6,0,35.5,23,37.4,0.0,2.8,815.0,1
2025-06-05T15:00,2025-06-05,15,Thursday,6,0,36.0,23,36.6,0.0,5.4,689.0,1
2025-06-05T16:00,2025-06-05,16,Thursday,6,0,35.9,23,35.4,0.0,5.8,479.0,1
2025-06-05T17:00,2025-06-05,17,Thursday,6,0,35.7,23,35.7,0.0,2.6,356.0,1
2025-06-05T18:00,2025-06-05,18,Thursday,6,0,34.5,24,34.2,0.0,3.6,188.0,1
2025-06-05T19:00,2025-06-05,19,Thursday,6,0,32.3,28,32.5,0.0,1.5,58.0,1
2025-06-05T20:00,2025-06-05,20,Thursday,6,0,30.1,33,30.1,0.0,3.9,1.0,0
2025-06-05T21:00,2025-06-05,21,Thursday,6,0,28.4,40,29.1,0.0,2.1,0.0,0
2025-06-05T22:00,2025-06-05,22,Thursday,6,0,26.4,47,27.4,0.0,2.6,0.0,0
2025-06-05T23:00,2025-06-05,23,Thursday,6,0,24.9,56,25.9,0.0,5.1,0.0,0
2025-06-06T00:00,2025-06-06,0,Friday,6,1,23.5,64,25.0,0.0,4.7,0.0,0
2025-06-06T01:00,2025-06-06,1,Friday,6,1,22.9,67,24.4,0.0,4.4,0.0,0
2025-06-06T02:00,2025-06-06,2,Friday,6,1,22.1,70,24.0,0.0,2.7,0.0,0
2025-06-06T03:00,2025-06-06,3,Friday,6,1,21.5,73,23.4,0.0,2.1,0.0,0
2025-06-06T04:00,2025-06-06,4,Friday,6,1,21.3,73,23.1,0.0,2.8,0.0,0
2025-06-06T05:00,2025-06-06,5,Friday,6,1,21.1,72,22.6,0.0,3.7,0.0,1
2025-06-06T06:00,2025-06-06,6,Friday,6,1,24.0,63,25.5,0.0,5.5,38.0,1
2025-06-06T07:00,2025-06-06,7,Friday,6,1,27.2,49,28.8,0.0,2.1,169.0,1
2025-06-06T08:00,2025-06-06,8,Friday,6,1,30.5,37,31.1,0.0,4.6,347.0,1
2025-06-06T09:00,2025-06-06,9,Friday,6,1,33.0,32,33.4,0.0,6.0,530.0,1
2025-06-06T10:00,2025-06-06,10,Friday,6,1,35.1,28,36.4,0.0,6.1,692.0,1
2025-06-06T11:00,2025-06-06,11,Friday,6,1,36.8,26,38.6,0.0,6.9,812.0,1
2025-06-06T12:00,2025-06-06,12,Friday,6,1,37.9,24,39.8,0.0,8.9,878.0,1
2025-06-06T13:00,2025-06-06,13,Friday,6,1,38.7,23,40.4,0.0,9.6,882.0,1
2025-06-06T14:00,2025-06-06,14,Friday,6,1,39.0,22,40.4,0.0,9.5,820.0,1
2025-06-06T15:00,2025-06-06,15,Friday,6,1,39.1,22,40.0,0.0,7.1,703.0,1
2025-06-06T16:00,2025-06-06,16,Friday,6,1,39.0,22,38.8,0.0,7.9,549.0,1
2025-06-06T17:00,2025-06-06,17,Friday,6,1,38.4,23,38.1,0.0,9.6,354.0,1
2025-06-06T18:00,2025-06-06,18,Friday,6,1,38.0,22,38.0,0.0,5.0,193.0,1
2025-06-06T19:00,2025-06-06,19,Friday,6,1,35.4,26,35.8,0.0,4.4,59.0,1
2025-06-06T20:00,2025-06-06,20,Friday,6,1,32.7,35,33.7,0.0,4.0,1.0,0
2025-06-06T21:00,2025-06-06,21,Friday,6,1,30.3,45,32.2,0.0,3.7,0.0,0
2025-06-06T22:00,2025-06-06,22,Friday,6,1,28.2,53,30.5,0.0,4.0,0.0,0
2025-06-06T23:00,2025-06-06,23,Friday,6,1,26.5,60,28.4,0.0,7.1,0.0,0
2025-06-07T00:00,2025-06-07,0,Saturday,6,1,25.6,61,27.4,0.0,6.1,0.0,0
2025-06-07T01:00,2025-06-07,1,Saturday,6,1,25.4,61,27.2,0.0,5.5,0.0,0
2025-06-07T02:00,2025-06-07,2,Saturday,6,1,25.0,61,26.7,0.0,5.6,0.0,0
2025-06-07T03:00,2025-06-07,3,Saturday,6,1,24.5,62,26.3,0.0,3.6,0.0,0
2025-06-07T04:00,2025-06-07,4,Saturday,6,1,24.0,64,26.0,0.0,2.9,0.0,0
2025-06-07T05:00,2025-06-07,5,Saturday,6,1,23.5,66,25.5,0.0,2.9,0.0,1
2025-06-07T06:00,2025-06-07,6,Saturday,6,1,27.2,55,29.4,0.0,3.4,38.0,1
2025-06-07T07:00,2025-06-07,7,Saturday,6,1,30.0,47,32.4,0.0,0.8,167.0,1
2025-06-07T08:00,2025-06-07,8,Saturday,6,1,32.9,38,34.8,0.0,2.9,343.0,1
2025-06-07T09:00,2025-06-07,9,Saturday,6,1,35.8,30,36.7,0.0,6.5,526.0,1
2025-06-07T10:00,2025-06-07,10,Saturday,6,1,37.9,27,39.6,0.0,7.2,686.0,1
2025-06-07T11:00,2025-06-07,11,Saturday,6,1,39.5,24,41.9,0.0,6.4,803.0,1
2025-06-07T12:00,2025-06-07,12,Saturday,6,1,40.5,22,42.6,0.0,7.6,810.0,1
2025-06-07T13:00,2025-06-07,13,Saturday,6,1,41.2,19,42.3,0.0,8.1,769.0,1
2025-06-07T14:00,2025-06-07,14,Saturday,6,1,41.7,18,41.9,0.0,10.2,738.0,1
2025-06-07T15:00,2025-06-07,15,Saturday,6,1,41.6,17,40.8,0.0,9.9,570.0,1
2025-06-07T16:00,2025-06-07,16,Saturday,6,1,41.7,16,41.0,0.0,6.7,476.0,1
2025-06-07T17:00,2025-06-07,17,Saturday,6,1,41.3,16,40.7,0.0,4.9,354.0,1
2025-06-07T18:00,2025-06-07,18,Saturday,6,1,40.8,14,39.6,0.0,5.6,180.0,1
2025-06-07T19:00,2025-06-07,19,Saturday,6,1,38.0,19,36.8,0.0,8.1,57.0,1
2025-06-07T20:00,2025-06-07,20,Saturday,6,1,35.0,29,34.7,0.0,11.2,1.0,0
2025-06-07T21:00,2025-06-07,21,Saturday,6,1,32.0,36,32.7,0.0,6.8,0.0,0
2025-06-07T22:00,2025-06-07,22,Saturday,6,1,30.2,40,31.2,0.0,4.7,0.0,0
2025-06-07T23:00,2025-06-07,23,Saturday,6,1,28.5,44,29.8,0.0,2.8,0.0,0
2025-06-08T00:00,2025-06-08,0,Sunday,6,1,27.0,48,28.0,0.0,4.9,0.0,0
2025-06-08T01:00,2025-06-08,1,Sunday,6,1,26.4,50,27.6,0.0,3.4,0.0,0
2025-06-08T02:00,2025-06-08,2,Sunday,6,1,25.5,53,26.9,0.0,2.1,0.0,0
2025-06-08T03:00,2025-06-08,3,Sunday,6,1,24.8,56,26.1,0.0,2.7,0.0,0
2025-06-08T04:00,2025-06-08,4,Sunday,6,1,24.1,58,25.4,0.0,3.6,0.0,0
2025-06-08T05:00,2025-06-08,5,Sunday,6,1,23.6,60,25.2,0.0,1.5,0.0,1
2025-06-08T06:00,2025-06-08,6,Sunday,6,1,26.5,55,28.5,0.0,2.7,38.0,1
2025-06-08T07:00,2025-06-08,7,Sunday,6,1,29.6,47,31.8,0.0,2.7,168.0,1
2025-06-08T08:00,2025-06-08,8,Sunday,6,1,33.2,37,34.9,0.0,2.9,347.0,1
2025-06-08T09:00,2025-06-08,9,Sunday,6,1,36.8,28,38.2,0.0,2.3,532.0,1
2025-06-08T10:00,2025-06-08,10,Sunday,6,1,39.4,19,40.2,0.0,4.4,695.0,1
2025-06-08T11:00,2025-06-08,11,Sunday,6,1,41.0,16,41.7,0.0,6.8,813.0,1
2025-06-08T12:00,2025-06-08,12,Sunday,6,1,42.0,14,42.4,0.0,8.9,862.0,1
2025-06-08T13:00,2025-06-08,13,Sunday,6,1,42.5,14,42.7,0.0,10.2,878.0,1
2025-06-08T14:00,2025-06-08,14,Sunday,6,1,42.7,13,42.1,0.0,11.9,807.0,1
2025-06-08T15:00,2025-06-08,15,Sunday,6,1,42.2,14,40.8,0.0,13.5,702.0,1
2025-06-08T16:00,2025-06-08,16,Sunday,6,1,41.7,14,39.7,0.0,12.9,561.0,1
2025-06-08T17:00,2025-06-08,17,Sunday,6,1,41.0,15,38.9,0.0,12.7,388.0,1
2025-06-08T18:00,2025-06-08,18,Sunday,6,1,39.7,16,37.8,0.0,11.3,207.0,1
2025-06-08T19:00,2025-06-08,19,Sunday,6,1,37.3,19,36.4,0.0,5.2,62.0,1
2025-06-08T20:00,2025-06-08,20,Sunday,6,1,34.8,23,34.1,0.0,5.5,1.0,0
2025-06-08T21:00,2025-06-08,21,Sunday,6,1,31.4,32,31.4,0.0,6.5,0.0,0
2025-06-08T22:00,2025-06-08,22,Sunday,6,1,29.2,41,29.8,0.0,6.2,0.0,0
2025-06-08T23:00,2025-06-08,23,Sunday,6,1,27.8,46,28.6,0.0,5.9,0.0,0
2025-06-09T00:00,2025-06-09,0,Monday,6,0,26.5,49,27.6,0.0,3.8,0.0,0
2025-06-09T01:00,2025-06-09,1,Monday,6,0,25.8,51,26.6,0.0,5.1,0.0,0
2025-06-09T02:00,2025-06-09,2,Monday,6,0,25.4,50,26.1,0.0,4.5,0.0,0
2025-06-09T03:00,2025-06-09,3,Monday,6,0,25.0,49,25.5,0.0,3.9,0.0,0
2025-06-09T04:00,2025-06-09,4,Monday,6,0,24.5,50,25.1,0.0,3.4,0.0,0
2025-06-09T05:00,2025-06-09,5,Monday,6,0,24.0,51,24.7,0.0,2.3,0.0,1
2025-06-09T06:00,2025-06-09,6,Monday,6,0,26.2,48,26.8,0.0,5.0,39.0,1
2025-06-09T07:00,2025-06-09,7,Monday,6,0,29.9,38,30.8,0.0,2.6,172.0,1
2025-06-09T08:00,2025-06-09,8,Monday,6,0,33.7,29,34.2,0.0,2.8,352.0,1
2025-06-09T09:00,2025-06-09,9,Monday,6,0,37.3,21,37.2,0.0,4.2,538.0,1
2025-06-09T10:00,2025-06-09,10,Monday,6,0,40.5,15,40.7,0.0,4.1,701.0,1
2025-06-09T11:00,2025-06-09,11,Monday,6,0,42.4,14,43.1,0.0,4.9,821.0,1
2025-06-09T12:00,2025-06-09,12,Monday,6,0,43.6,12,43.9,0.0,6.3,857.0,1
2025-06-09T13:00,2025-06-09,13,Monday,6,0,44.0,11,43.5,0.0,6.8,798.0,1
2025-06-09T14:00,2025-06-09,14,Monday,6,0,44.0,11,43.2,0.0,8.4,761.0,1
2025-06-09T15:00,2025-06-09,15,Monday,6,0,43.7,11,41.9,0.0,12.1,669.0,1
2025-06-09T16:00,2025-06-09,16,Monday,6,0,43.0,12,40.4,0.0,12.5,527.0,1
2025-06-09T17:00,2025-06-09,17,Monday,6,0,42.8,10,40.7,0.0,6.5,388.0,1
2025-06-09T18:00,2025-06-09,18,Monday,6,0,42.2,11,40.4,0.0,4.4,212.0,1
2025-06-09T19:00,2025-06-09,19,Monday,6,0,39.2,17,37.5,0.0,10.1,64.0,1
2025-06-09T20:00,2025-06-09,20,Monday,6,0,35.1,24,34.6,0.0,5.9,1.0,0
2025-06-09T21:00,2025-06-09,21,Monday,6,0,32.3,32,32.3,0.0,7.1,0.0,0
2025-06-09T22:00,2025-06-09,22,Monday,6,0,30.4,38,31.2,0.0,4.3,0.0,0
2025-06-09T23:00,2025-06-09,23,Monday,6,0,28.8,42,29.8,0.0,3.9,0.0,0
2025-06-10T00:00,2025-06-10,0,Tuesday,6,0,27.7,44,28.6,0.0,3.6,0.0,0
2025-06-10T01:00,2025-06-10,1,Tuesday,6,0,26.6,47,27.5,0.0,3.5,0.0,0
2025-06-10T02:00,2025-06-10,2,Tuesday,6,0,25.7,48,26.5,0.0,3.0,0.0,0
2025-06-10T03:00,2025-06-10,3,Tuesday,6,0,25.3,48,26.2,0.0,1.0,0.0,0
2025-06-10T04:00,2025-06-10,4,Tuesday,6,0,24.9,47,25.4,0.0,2.7,0.0,0
2025-06-10T05:00,2025-06-10,5,Tuesday,6,0,24.0,46,24.1,0.0,3.6,0.0,1
2025-06-10T06:00,2025-06-10,6,Tuesday,6,0,27.8,37,27.3,0.0,6.5,39.0,1
2025-06-10T07:00,2025-06-10,7,Tuesday,6,0,31.2,28,30.5,0.0,6.0,172.0,1
2025-06-10T08:00,2025-06-10,8,Tuesday,6,0,36.0,21,35.3,0.0,4.2,353.0,1
2025-06-10T09:00,2025-06-10,9,Tuesday,6,0,39.6,15,38.2,0.0,6.7,539.0,1
2025-06-10T10:00,2025-06-10,10,Tuesday,6,0,41.8,13,40.7,0.0,9.7,701.0,1
2025-06-10T11:00,2025-06-10,11,Tuesday,6,0,42.7,13,42.1,0.0,11.6,817.0,1
2025-06-10T12:00,2025-06-10,12,Tuesday,6,0,43.7,12,43.6,0.0,8.2,831.0,1
2025-06-10T13:00,2025-06-10,13,Tuesday,6,0,44.2,10,43.7,0.0,5.6,743.0,1
2025-06-10T14:00,2025-06-10,14,Tuesday,6,0,44.5,10,43.4,0.0,6.0,705.0,1
2025-06-10T15:00,2025-06-10,15,Tuesday,6,0,44.5,10,43.6,0.0,5.9,682.0,1
2025-06-10T16:00,2025-06-10,16,Tuesday,6,0,44.7,10,43.1,0.0,3.8,549.0,1
2025-06-10T17:00,2025-06-10,17,Tuesday,6,0,44.1,10,42.5,0.0,3.6,382.0,1
2025-06-10T18:00,2025-06-10,18,Tuesday,6,0,43.3,9,41.2,0.0,5.0,186.0,1
2025-06-10T19:00,2025-06-10,19,Tuesday,6,0,41.0,11,38.5,0.0,8.8,56.0,1
2025-06-10T20:00,2025-06-10,20,Tuesday,6,0,37.2,20,36.6,0.0,5.1,1.0,0
2025-06-10T21:00,2025-06-10,21,Tuesday,6,0,34.7,22,33.2,0.0,9.6,0.0,0
2025-06-10T22:00,2025-06-10,22,Tuesday,6,0,32.4,23,31.4,0.0,4.4,0.0,0
2025-06-10T23:00,2025-06-10,23,Tuesday,6,0,31.0,26,30.4,0.0,2.5,0.0,0
2025-06-11T00:00,2025-06-11,0,Wednesday,6,0,30.5,27,29.1,0.0,7.9,0.0,0
2025-06-11T01:00,2025-06-11,1,Wednesday,6,0,29.4,29,28.0,0.0,8.4,0.0,0
2025-06-11T02:00,2025-06-11,2,Wednesday,6,0,28.5,30,27.4,0.0,6.4,0.0,0
2025-06-11T03:00,2025-06-11,3,Wednesday,6,0,27.5,32,26.6,0.0,4.8,0.0,0
2025-06-11T04:00,2025-06-11,4,Wednesday,6,0,27.8,31,26.4,0.0,7.3,0.0,0
2025-06-11T05:00,2025-06-11,5,Wednesday,6,0,26.8,31,25.3,0.0,7.6,0.0,1
2025-06-11T06:00,2025-06-11,6,Wednesday,6,0,30.0,26,28.7,0.0,5.8,39.0,1
2025-06-11T07:00,2025-06-11,7,Wednesday,6,0,32.2,23,31.1,0.0,5.0,171.0,1
2025-06-11T08:00,2025-06-11,8,Wednesday,6,0,36.3,19,35.5,0.0,3.6,351.0,1
2025-06-11T09:00,2025-06-11,9,Wednesday,6,0,39.0,21,38.7,0.0,7.5,535.0,1
2025-06-11T10:00,2025-06-11,10,Wednesday,6,0,40.7,20,41.1,0.0,10.0,696.0,1
2025-06-11T11:00,2025-06-11,11,Wednesday,6,0,42.3,17,43.1,0.0,9.9,815.0,1
2025-06-11T12:00,2025-06-11,12,Wednesday,6,0,43.8,14,44.8,0.0,7.1,876.0,1
2025-06-11T13:00,2025-06-11,13,Wednesday,6,0,44.5,12,44.9,0.0,4.8,791.0,1
2025-06-11T14:00,2025-06-11,14,Wednesday,6,0,44.9,11,45.0,0.0,3.2,750.0,1
2025-06-11T15:00,2025-06-11,15,Wednesday,6,0,45.0,10,44.8,0.0,2.1,681.0,1
2025-06-11T16:00,2025-06-11,16,Wednesday,6,0,44.8,10,43.6,0.0,1.5,531.0,1
2025-06-11T17:00,2025-06-11,17,Wednesday,6,0,44.2,10,42.7,0.0,3.1,358.0,1
2025-06-11T18:00,2025-06-11,18,Wednesday,6,0,43.5,9,41.1,0.0,6.7,203.0,1
2025-06-11T19:00,2025-06-11,19,Wednesday,6,0,40.7,11,38.4,0.0,6.0,64.0,1
2025-06-11T20:00,2025-06-11,20,Wednesday,6,0,37.2,14,35.7,0.0,2.2,2.0,0
2025-06-11T21:00,2025-06-11,21,Wednesday,6,0,34.1,18,32.5,0.0,4.9,0.0,0
2025-06-11T22:00,2025-06-11,22,Wednesday,6,0,32.5,20,31.0,0.0,5.1,0.0,0
2025-06-11T23:00,2025-06-11,23,Wednesday,6,0,31.3,23,30.0,0.0,5.1,0.0,0
2025-06-12T00:00,2025-06-12,0,Thursday,6,0,30.2,26,29.1,0.0,4.7,0.0,0
2025-06-12T01:00,2025-06-12,1,Thursday,6,0,29.6,27,28.6,0.0,4.6,0.0,0
2025-06-12T02:00,2025-06-12,2,Thursday,6,0,28.9,28,27.6,0.0,6.5,0.0,0
2025-06-12T03:00,2025-06-12,3,Thursday,6,0,27.6,32,26.5,0.0,5.8,0.0,0
2025-06-12T04:00,2025-06-12,4,Thursday,6,0,26.8,33,25.5,0.0,7.2,0.0,0
2025-06-12T05:00,2025-06-12,5,Thursday,6,0,26.2,35,25.1,0.0,6.0,0.0,1
2025-06-12T06:00,2025-06-12,6,Thursday,6,0,29.5,29,28.7,0.0,4.7,39.0,1
2025-06-12T07:00,2025-06-12,7,Thursday,6,0,32.5,24,31.8,0.0,3.4,169.0,1
2025-06-12T08:00,2025-06-12,8,Thursday,6,0,36.2,19,35.7,0.0,2.3,348.0,1
2025-06-12T09:00,2025-06-12,9,Thursday,6,0,39.0,17,38.1,0.0,5.4,533.0,1
2025-06-12T10:00,2025-06-12,10,Thursday,6,0,40.9,15,40.6,0.0,7.2,695.0,1
2025-06-12T11:00,2025-06-12,11,Thursday,6,0,42.4,14,43.1,0.0,5.6,811.0,1
2025-06-12T12:00,2025-06-12,12,Thursday,6,0,43.5,12,44.4,0.0,2.0,800.0,1
2025-06-12T13:00,2025-06-12,13,Thursday,6,0,44.0,11,44.6,0.0,2.3,795.0,1
2025-06-12T14:00,2025-06-12,14,Thursday,6,0,44.2,10,44.1,0.0,4.0,759.0,1
2025-06-12T15:00,2025-06-12,15,Thursday,6,0,44.1,11,43.6,0.0,3.1,673.0,1
2025-06-12T16:00,2025-06-12,16,Thursday,6,0,44.0,11,42.6,0.0,4.4,557.0,1
2025-06-12T17:00,2025-06-12,17,Thursday,6,0,43.3,11,40.9,0.0,9.4,368.0,1
2025-06-12T18:00,2025-06-12,18,Thursday,6,0,43.0,8,39.7,0.0,10.8,209.0,1
2025-06-12T19:00,2025-06-12,19,Thursday,6,0,40.5,10,37.9,0.0,6.2,64.0,1
2025-06-12T20:00,2025-06-12,20,Thursday,6,0,36.8,14,35.2,0.0,2.8,2.0,0
2025-06-12T21:00,2025-06-12,21,Thursday,6,0,34.0,19,32.6,0.0,5.0,0.0,0
2025-06-12T22:00,2025-06-12,22,Thursday,6,0,31.9,24,30.9,0.0,4.2,0.0,0
2025-06-12T23:00,2025-06-12,23,Thursday,6,0,30.2,28,29.6,0.0,4.0,0.0,0
2025-06-13T00:00,2025-06-13,0,Friday,6,1,29.5,31,28.6,0.0,6.9,0.0,0
2025-06-13T01:00,2025-06-13,1,Friday,6,1,29.1,31,28.4,0.0,5.1,0.0,0
2025-06-13T02:00,2025-06-13,2,Friday,6,1,28.1,32,27.5,0.0,4.3,0.0,0
2025-06-13T03:00,2025-06-13,3,Friday,6,1,27.6,33,26.6,0.0,6.5,0.0,0
2025-06-13T04:00,2025-06-13,4,Friday,6,1,27.3,32,26.1,0.0,7.3,0.0,0
2025-06-13T05:00,2025-06-13,5,Friday,6,1,27.1,32,26.0,0.0,5.9,0.0,1
2025-06-13T06:00,2025-06-13,6,Friday,6,1,29.5,31,28.7,0.0,7.2,37.0,1
2025-06-13T07:00,2025-06-13,7,Friday,6,1,32.5,27,32.0,0.0,5.8,158.0,1
2025-06-13T08:00,2025-06-13,8,Friday,6,1,36.3,22,36.0,0.0,4.7,314.0,1
2025-06-13T09:00,2025-06-13,9,Friday,6,1,38.3,21,38.4,0.0,4.2,412.0,1
2025-06-13T10:00,2025-06-13,10,Friday,6,1,40.0,20,40.8,0.0,3.2,624.0,1
2025-06-13T11:00,2025-06-13,11,Friday,6,1,41.2,16,42.1,0.0,1.6,715.0,1
2025-06-13T12:00,2025-06-13,12,Friday,6,1,39.0,22,37.4,0.0,21.5,671.0,1
2025-06-13T13:00,2025-06-13,13,Friday,6,1,40.7,15,39.6,0.0,9.0,622.0,1
2025-06-13T14:00,2025-06-13,14,Friday,6,1,42.0,14,43.1,0.0,1.3,792.0,1
2025-06-13T15:00,2025-06-13,15,Friday,6,1,42.0,14,41.6,0.0,4.8,647.0,1
2025-06-13T16:00,2025-06-13,16,Friday,6,1,41.8,13,40.2,0.0,7.4,420.0,1
2025-06-13T17:00,2025-06-13,17,Friday,6,1,41.7,13,39.6,0.0,9.2,307.0,1
2025-06-13T18:00,2025-06-13,18,Friday,6,1,41.1,14,38.9,0.0,11.8,175.0,1
2025-06-13T19:00,2025-06-13,19,Friday,6,1,38.4,18,36.0,0.0,16.7,55.0,1
2025-06-13T20:00,2025-06-13,20,Friday,6,1,36.4,20,35.6,0.0,5.0,1.0,0
2025-06-13T21:00,2025-06-13,21,Friday,6,1,35.0,22,34.2,0.0,5.3,0.0,0
2025-06-13T22:00,2025-06-13,22,Friday,6,1,33.3,25,32.3,0.0,8.3,0.0,0
2025-06-13T23:00,2025-06-13,23,Friday,6,1,32.7,27,31.7,0.0,9.7,0.0,0
2025-06-14T00:00,2025-06-14,0,Saturday,6,1,32.3,28,31.0,0.0,12.0,0.0,0
2025-06-14T01:00,2025-06-14,1,Saturday,6,1,31.0,30,30.5,0.0,7.0,0.0,0
2025-06-14T02:00,2025-06-14,2,Saturday,6,1,30.2,33,30.5,0.0,2.4,0.0,0
2025-06-14T03:00,2025-06-14,3,Saturday,6,1,30.6,32,30.2,0.0,7.4,0.0,0
2025-06-14T04:00,2025-06-14,4,Saturday,6,1,30.2,33,30.6,0.0,2.5,0.0,0
2025-06-14T05:00,2025-06-14,5,Saturday,6,1,29.7,34,30.0,0.0,2.5,0.0,1
2025-06-14T06:00,2025-06-14,6,Saturday,6,1,29.7,40,30.6,0.0,3.8,29.0,1
2025-06-14T07:00,2025-06-14,7,Saturday,6,1,31.3,36,32.4,0.0,2.2,154.0,1
2025-06-14T08:00,2025-06-14,8,Saturday,6,1,33.8,30,34.2,0.0,6.1,329.0,1
2025-06-14T09:00,2025-06-14,9,Saturday,6,1,36.6,24,36.7,0.0,5.9,516.0,1
2025-06-14T10:00,2025-06-14,10,Saturday,6,1,38.8,20,40.1,0.0,2.1,689.0,1
2025-06-14T11:00,2025-06-14,11,Saturday,6,1,40.1,18,41.7,0.0,1.8,781.0,1
2025-06-14T12:00,2025-06-14,12,Saturday,6,1,40.0,17,40.3,0.0,3.1,623.0,1
2025-06-14T13:00,2025-06-14,13,Saturday,6,1,41.1,16,42.3,0.0,2.7,787.0,1
2025-06-14T14:00,2025-06-14,14,Saturday,6,1,41.2,15,41.5,0.0,4.5,696.0,1
2025-06-14T15:00,2025-06-14,15,Saturday,6,1,41.5,15,41.3,0.0,7.1,684.0,1
2025-06-14T16:00,2025-06-14,16,Saturday,6,1,40.6,16,39.2,0.0,9.1,500.0,1
2025-06-14T17:00,2025-06-14,17,Saturday,6,1,40.0,16,38.2,0.0,10.5,344.0,1
2025-06-14T18:00,2025-06-14,18,Saturday,6,1,39.9,16,39.5,0.0,1.6,196.0,1
2025-06-14T19:00,2025-06-14,19,Saturday,6,1,38.0,20,37.0,0.0,9.4,60.0,1
2025-06-14T20:00,2025-06-14,20,Saturday,6,1,36.0,25,35.5,0.0,9.3,2.0,0
2025-06-14T21:00,2025-06-14,21,Saturday,6,1,33.5,30,34.1,0.0,3.1,0.0,0
2025-06-14T22:00,2025-06-14,22,Saturday,6,1,31.9,33,32.6,0.0,2.1,0.0,0
2025-06-14T23:00,2025-06-14,23,Saturday,6,1,30.3,36,31.0,0.0,2.9,0.0,0
2025-06-15T00:00,2025-06-15,0,Sunday,6,1,28.9,40,29.6,0.0,3.1,0.0,0
2025-06-15T01:00,2025-06-15,1,Sunday,6,1,27.9,43,28.6,0.0,3.9,0.0,0
2025-06-15T02:00,2025-06-15,2,Sunday,6,1,27.3,43,27.9,0.0,3.8,0.0,0
2025-06-15T03:00,2025-06-15,3,Sunday,6,1,26.9,44,27.3,0.0,4.5,0.0,0
2025-06-15T04:00,2025-06-15,4,Sunday,6,1,26.4,46,27.2,0.0,2.6,0.0,0
2025-06-15T05:00,2025-06-15,5,Sunday,6,1,25.9,48,27.1,0.0,0.6,0.0,1
2025-06-15T06:00,2025-06-15,6,Sunday,6,1,27.9,45,28.8,0.0,4.0,38.0,1
2025-06-15T07:00,2025-06-15,7,Sunday,6,1,30.6,37,31.6,0.0,2.9,165.0,1
2025-06-15T08:00,2025-06-15,8,Sunday,6,1,33.8,29,34.7,0.0,1.3,338.0,1
2025-06-15T09:00,2025-06-15,9,Sunday,6,1,37.2,22,37.3,0.0,3.1,525.0,1
2025-06-15T10:00,2025-06-15,10,Sunday,6,1,39.5,18,39.7,0.0,5.0,687.0,1
2025-06-15T11:00,2025-06-15,11,Sunday,6,1,40.8,15,41.7,0.0,3.1,792.0,1
2025-06-15T12:00,2025-06-15,12,Sunday,6,1,42.0,12,42.5,0.0,4.8,860.0,1
2025-06-15T13:00,2025-06-15,13,Sunday,6,1,42.8,11,42.8,0.0,5.2,835.0,1
2025-06-15T14:00,2025-06-15,14,Sunday,6,1,42.7,11,41.9,0.0,3.5,674.0,1
2025-06-15T15:00,2025-06-15,15,Sunday,6,1,42.1,11,40.8,0.0,1.4,379.0,1
2025-06-15T16:00,2025-06-15,16,Sunday,6,1,42.0,11,39.9,0.0,7.2,329.0,1
2025-06-15T17:00,2025-06-15,17,Sunday,6,1,41.2,13,38.5,0.0,13.3,284.0,1
2025-06-15T18:00,2025-06-15,18,Sunday,6,1,38.8,20,37.6,0.0,11.0,73.0,1
2025-06-15T19:00,2025-06-15,19,Sunday,6,1,37.7,22,36.9,0.0,10.0,41.0,1
2025-06-15T20:00,2025-06-15,20,Sunday,6,1,35.5,24,33.4,0.0,18.4,1.0,0
2025-06-15T21:00,2025-06-15,21,Sunday,6,1,33.0,36,33.3,0.0,12.5,0.0,0
2025-06-15T22:00,2025-06-15,22,Sunday,6,1,32.8,35,33.4,0.0,8.6,0.0,0
2025-06-15T23:00,2025-06-15,23,Sunday,6,1,32.3,36,33.4,0.0,4.6,0.0,0
2025-06-16T00:00,2025-06-16,0,Monday,6,0,31.7,37,33.4,0.0,1.0,0.0,0
2025-06-16T01:00,2025-06-16,1,Monday,6,0,31.0,38,32.3,0.0,2.4,0.0,0
2025-06-16T02:00,2025-06-16,2,Monday,6,0,30.3,39,31.3,0.0,4.1,0.0,0
2025-06-16T03:00,2025-06-16,3,Monday,6,0,30.0,39,31.0,0.0,3.4,0.0,0
2025-06-16T04:00,2025-06-16,4,Monday,6,0,29.7,39,30.7,0.0,2.5,0.0,0
2025-06-16T05:00,2025-06-16,5,Monday,6,0,29.3,40,30.4,0.0,2.2,0.0,1
2025-06-16T06:00,2025-06-16,6,Monday,6,0,29.9,41,30.6,0.0,7.8,20.0,1
2025-06-16T07:00,2025-06-16,7,Monday,6,0,30.9,38,31.5,0.0,7.1,92.0,1
2025-06-16T08:00,2025-06-16,8,Monday,6,0,33.0,37,34.5,0.0,4.0,265.0,1
2025-06-16T09:00,2025-06-16,9,Monday,6,0,34.1,35,35.8,0.0,3.2,377.0,1
2025-06-16T10:00,2025-06-16,10,Monday,6,0,35.0,33,36.3,0.0,5.5,432.0,1
2025-06-16T11:00,2025-06-16,11,Monday,6,0,35.7,32,36.9,0.0,7.5,474.0,1
2025-06-16T12:00,2025-06-16,12,Monday,6,0,35.8,33,37.3,0.0,5.5,497.0,1
2025-06-16T13:00,2025-06-16,13,Monday,6,0,36.2,32,37.3,0.0,8.5,478.0,1
2025-06-16T14:00,2025-06-16,14,Monday,6,0,36.1,31,37.1,0.0,7.6,460.0,1
2025-06-16T15:00,2025-06-16,15,Monday,6,0,35.8,30,36.8,0.0,6.7,337.0,1
2025-06-16T16:00,2025-06-16,16,Monday,6,0,36.2,29,37.0,0.0,6.6,411.0,1
2025-06-16T17:00,2025-06-16,17,Monday,6,0,36.2,29,36.7,0.0,8.5,323.0,1
2025-06-16T18:00,2025-06-16,18,Monday,6,0,36.0,28,36.7,0.0,5.2,193.0,1
2025-06-16T19:00,2025-06-16,19,Monday,6,0,35.2,29,35.9,0.0,5.6,62.0,1
2025-06-16T20:00,2025-06-16,20,Monday,6,0,33.8,32,34.8,0.0,4.8,2.0,0
2025-06-16T21:00,2025-06-16,21,Monday,6,0,32.5,36,34.2,0.0,0.9,0.0,0
2025-06-16T22:00,2025-06-16,22,Monday,6,0,31.1,40,32.9,0.0,0.9,0.0,0
2025-06-16T23:00,2025-06-16,23,Monday,6,0,29.6,45,31.4,0.0,3.1,0.0,0
2025-06-17T00:00,2025-06-17,0,Tuesday,6,0,28.7,48,30.6,0.0,2.9,0.0,0
2025-06-17T01:00,2025-06-17,1,Tuesday,6,0,28.3,49,29.9,0.0,4.5,0.0,0
2025-06-17T02:00,2025-06-17,2,Tuesday,6,0,27.8,49,29.0,0.0,5.1,0.0,0
2025-06-17T03:00,2025-06-17,3,Tuesday,6,0,27.4,48,28.5,0.0,4.7,0.0,0
2025-06-17T04:00,2025-06-17,4,Tuesday,6,0,26.8,49,28.1,0.0,3.7,0.0,0
2025-06-17T05:00,2025-06-17,5,Tuesday,6,0,26.5,51,27.8,0.0,3.5,0.0,1
2025-06-17T06:00,2025-06-17,6,Tuesday,6,0,28.8,46,29.9,0.0,6.5,36.0,1
2025-06-17T07:00,2025-06-17,7,Tuesday,6,0,30.6,44,32.5,0.0,3.5,158.0,1
2025-06-17T08:00,2025-06-17,8,Tuesday,6,0,32.3,42,34.5,0.0,4.7,329.0,1
2025-06-17T09:00,2025-06-17,9,Tuesday,6,0,34.2,38,35.9,0.0,7.0,507.0,1
2025-06-17T10:00,2025-06-17,10,Tuesday,6,0,35.3,34,37.4,0.0,7.3,655.0,1
2025-06-17T11:00,2025-06-17,11,Tuesday,6,0,33.5,40,35.9,0.1,10.1,728.0,1
2025-06-17T12:00,2025-06-17,12,Tuesday,6,0,35.8,33,37.8,0.0,4.8,589.0,1
2025-06-17T13:00,2025-06-17,13,Tuesday,6,0,37.0,30,39.8,0.0,6.9,790.0,1
2025-06-17T14:00,2025-06-17,14,Tuesday,6,0,38.1,28,40.7,0.0,7.0,793.0,1
2025-06-17T15:00,2025-06-17,15,Tuesday,6,0,38.2,28,39.1,0.0,13.6,649.0,1
2025-06-17T16:00,2025-06-17,16,Tuesday,6,0,34.7,37,36.5,0.5,7.5,494.0,1
2025-06-17T17:00,2025-06-17,17,Tuesday,6,0,35.8,33,38.3,0.0,1.2,299.0,1
2025-06-17T18:00,2025-06-17,18,Tuesday,6,0,36.0,31,35.6,0.0,17.0,171.0,1
2025-06-17T19:00,2025-06-17,19,Tuesday,6,0,32.2,49,33.8,0.0,14.9,55.0,1
2025-06-17T20:00,2025-06-17,20,Tuesday,6,0,31.5,51,34.1,0.0,9.9,2.0,0
2025-06-17T21:00,2025-06-17,21,Tuesday,6,0,31.1,52,34.3,0.0,4.9,0.0,0
2025-06-17T22:00,2025-06-17,22,Tuesday,6,0,30.5,55,33.7,0.0,5.0,0.0,0
2025-06-17T23:00,2025-06-17,23,Tuesday,6,0,29.8,56,32.7,0.0,6.2,0.0,0
2025-06-18T00:00,2025-06-18,0,Wednesday,6,0,29.0,57,32.0,0.0,5.2,0.0,0
2025-06-18T01:00,2025-06-18,1,Wednesday,6,0,28.5,58,31.3,0.0,4.7,0.0,0
2025-06-18T02:00,2025-06-18,2,Wednesday,6,0,27.9,60,30.9,0.0,3.2,0.0,0
2025-06-18T03:00,2025-06-18,3,Wednesday,6,0,27.5,61,30.5,0.0,3.1,0.0,0
2025-06-18T04:00,2025-06-18,4,Wednesday,6,0,27.1,63,30.0,0.0,5.2,0.0,0
2025-06-18T05:00,2025-06-18,5,Wednesday,6,0,26.8,64,29.6,0.0,4.9,0.0,1
2025-06-18T06:00,2025-06-18,6,Wednesday,6,0,28.9,57,31.8,0.0,4.2,36.0,1
2025-06-18T07:00,2025-06-18,7,Wednesday,6,0,30.2,53,33.5,0.0,2.0,158.0,1
2025-06-18T08:00,2025-06-18,8,Wednesday,6,0,31.6,48,34.7,0.0,2.9,329.0,1
2025-06-18T09:00,2025-06-18,9,Wednesday,6,0,33.5,41,36.2,0.0,3.4,508.0,1
2025-06-18T10:00,2025-06-18,10,Wednesday,6,0,35.4,36,38.4,0.0,4.6,661.0,1
2025-06-18T11:00,2025-06-18,11,Wednesday,6,0,37.0,33,40.0,0.0,7.0,749.0,1
2025-06-18T12:00,2025-06-18,12,Wednesday,6,0,38.2,29,41.0,0.0,8.8,817.0,1
2025-06-18T13:00,2025-06-18,13,Wednesday,6,0,39.2,27,42.0,0.0,8.6,843.0,1
2025-06-18T14:00,2025-06-18,14,Wednesday,6,0,39.8,25,42.2,0.0,7.4,783.0,1
2025-06-18T15:00,2025-06-18,15,Wednesday,6,0,40.2,24,42.2,0.0,5.8,699.0,1
2025-06-18T16:00,2025-06-18,16,Wednesday,6,0,40.0,23,41.1,0.0,4.8,553.0,1
2025-06-18T17:00,2025-06-18,17,Wednesday,6,0,39.5,23,40.4,0.0,5.0,381.0,1
2025-06-18T18:00,2025-06-18,18,Wednesday,6,0,39.2,24,40.0,0.0,5.2,202.0,1
2025-06-18T19:00,2025-06-18,19,Wednesday,6,0,37.6,26,38.8,0.0,3.1,65.0,1
2025-06-18T20:00,2025-06-18,20,Wednesday,6,0,36.2,28,37.4,0.0,3.0,2.0,0
2025-06-18T21:00,2025-06-18,21,Wednesday,6,0,35.0,31,35.7,0.0,7.0,0.0,0
2025-06-18T22:00,2025-06-18,22,Wednesday,6,0,33.6,37,35.2,0.0,5.6,0.0,0
2025-06-18T23:00,2025-06-18,23,Wednesday,6,0,32.4,40,33.7,0.0,8.1,0.0,0
2025-06-19T00:00,2025-06-19,0,Thursday,6,0,32.0,43,33.7,0.0,7.4,0.0,0
2025-06-19T01:00,2025-06-19,1,Thursday,6,0,31.3,46,33.4,0.0,6.8,0.0,0
2025-06-19T02:00,2025-06-19,2,Thursday,6,0,30.6,48,32.9,0.0,6.1,0.0,0
2025-06-19T03:00,2025-06-19,3,Thursday,6,0,29.9,51,32.4,0.0,4.9,0.0,0
2025-06-19T04:00,2025-06-19,4,Thursday,6,0,29.5,52,31.9,0.0,5.8,0.0,0
2025-06-19T05:00,2025-06-19,5,Thursday,6,0,29.1,54,31.5,0.0,6.5,0.0,1
2025-06-19T06:00,2025-06-19,6,Thursday,6,0,30.6,54,33.8,0.0,6.5,36.0,1
2025-06-19T07:00,2025-06-19,7,Thursday,6,0,32.0,55,36.1,0.0,5.4,158.0,1
2025-06-19T08:00,2025-06-19,8,Thursday,6,0,33.7,50,37.7,0.0,5.5,329.0,1
2025-06-19T09:00,2025-06-19,9,Thursday,6,0,35.5,43,39.0,0.0,5.6,511.0,1
2025-06-19T10:00,2025-06-19,10,Thursday,6,0,37.3,36,41.2,0.0,4.1,658.0,1
2025-06-19T11:00,2025-06-19,11,Thursday,6,0,39.0,31,43.3,0.0,2.6,743.0,1
2025-06-19T12:00,2025-06-19,12,Thursday,6,0,40.2,28,44.6,0.0,1.9,771.0,1
2025-06-19T13:00,2025-06-19,13,Thursday,6,0,40.8,26,44.0,0.0,3.8,719.0,1
2025-06-19T14:00,2025-06-19,14,Thursday,6,0,41.7,24,44.6,0.0,5.6,754.0,1
2025-06-19T15:00,2025-06-19,15,Thursday,6,0,42.0,23,44.2,0.0,6.9,680.0,1
2025-06-19T16:00,2025-06-19,16,Thursday,6,0,41.8,23,42.9,0.0,7.6,539.0,1
2025-06-19T17:00,2025-06-19,17,Thursday,6,0,41.3,23,42.5,0.0,6.5,368.0,1
2025-06-19T18:00,2025-06-19,18,Thursday,6,0,40.7,24,41.5,0.0,8.9,205.0,1
2025-06-19T19:00,2025-06-19,19,Thursday,6,0,39.5,26,41.4,0.0,3.1,65.0,1
2025-06-19T20:00,2025-06-19,20,Thursday,6,0,37.0,36,38.0,0.0,17.8,2.0,0
2025-06-19T21:00,2025-06-19,21,Thursday,6,0,35.5,40,38.3,0.0,6.6,0.0,0
2025-06-19T22:00,2025-06-19,22,Thursday,6,0,34.5,43,37.7,0.0,4.2,0.0,0
2025-06-19T23:00,2025-06-19,23,Thursday,6,0,34.0,44,36.7,0.0,7.6,0.0,0
2025-06-20T00:00,2025-06-20,0,Friday,6,1,33.2,49,36.5,0.0,8.3,0.0,0
2025-06-20T01:00,2025-06-20,1,Friday,6,1,32.7,54,36.3,0.0,8.8,0.0,0
2025-06-20T02:00,2025-06-20,2,Friday,6,1,32.2,57,36.1,0.0,8.1,0.0,0
2025-06-20T03:00,2025-06-20,3,Friday,6,1,31.6,59,35.9,0.0,6.7,0.0,0
2025-06-20T04:00,2025-06-20,4,Friday,6,1,31.0,61,35.3,0.0,6.6,0.0,0
2025-06-20T05:00,2025-06-20,5,Friday,6,1,30.5,62,35.0,0.0,4.8,0.0,1
2025-06-20T06:00,2025-06-20,6,Friday,6,1,31.6,61,36.3,0.0,6.5,35.0,1
2025-06-20T07:00,2025-06-20,7,Friday,6,1,33.0,57,37.5,0.0,7.7,155.0,1
2025-06-20T08:00,2025-06-20,8,Friday,6,1,34.5,52,38.8,0.0,8.0,324.0,1
2025-06-20T09:00,2025-06-20,9,Friday,6,1,35.8,46,39.9,0.0,8.2,490.0,1
2025-06-20T10:00,2025-06-20,10,Friday,6,1,37.3,41,41.5,0.0,6.9,618.0,1
2025-06-20T11:00,2025-06-20,11,Friday,6,1,38.8,36,43.5,0.0,6.1,720.0,1
2025-06-20T12:00,2025-06-20,12,Friday,6,1,40.2,33,44.9,0.0,5.2,761.0,1
2025-06-20T13:00,2025-06-20,13,Friday,6,1,41.0,30,45.5,0.0,5.3,763.0,1
2025-06-20T14:00,2025-06-20,14,Friday,6,1,41.7,28,45.8,0.0,4.9,737.0,1
2025-06-20T15:00,2025-06-20,15,Friday,6,1,41.6,28,44.7,0.0,5.4,620.0,1
2025-06-20T16:00,2025-06-20,16,Friday,6,1,41.7,27,44.0,0.0,6.8,484.0,1
2025-06-20T17:00,2025-06-20,17,Friday,6,1,41.2,27,43.1,0.0,8.0,348.0,1
2025-06-20T18:00,2025-06-20,18,Friday,6,1,41.3,24,42.2,0.0,9.5,189.0,1
2025-06-20T19:00,2025-06-20,19,Friday,6,1,40.2,24,41.0,0.0,7.7,64.0,1
2025-06-20T20:00,2025-06-20,20,Friday,6,1,36.6,42,38.6,0.0,17.9,2.0,0
2025-06-20T21:00,2025-06-20,21,Friday,6,1,35.0,49,38.9,0.0,10.1,0.0,0
2025-06-20T22:00,2025-06-20,22,Friday,6,1,33.7,56,37.9,0.0,11.4,0.0,0
2025-06-20T23:00,2025-06-20,23,Friday,6,1,32.6,62,37.4,0.0,10.2,0.0,0
2025-06-21T00:00,2025-06-21,0,Saturday,6,1,32.2,63,37.0,0.0,10.1,0.0,0
2025-06-21T01:00,2025-06-21,1,Saturday,6,1,31.5,66,36.3,0.0,11.0,0.0,0
2025-06-21T02:00,2025-06-21,2,Saturday,6,1,31.0,69,36.1,0.0,9.4,0.0,0
2025-06-21T03:00,2025-06-21,3,Saturday,6,1,30.4,69,34.8,0.0,11.3,0.0,0
2025-06-21T04:00,2025-06-21,4,Saturday,6,1,30.1,68,34.9,0.0,7.6,0.0,0
2025-06-21T05:00,2025-06-21,5,Saturday,6,1,29.8,68,34.7,0.0,5.1,0.0,1
2025-06-21T06:00,2025-06-21,6,Saturday,6,1,30.0,72,35.7,0.0,3.5,33.0,1
2025-06-21T07:00,2025-06-21,7,Saturday,6,1,31.6,64,36.9,0.0,5.8,144.0,1
2025-06-21T08:00,2025-06-21,8,Saturday,6,1,33.0,59,38.3,0.0,4.8,301.0,1
2025-06-21T09:00,2025-06-21,9,Saturday,6,1,33.0,58,37.0,0.1,13.2,372.0,1
2025-06-21T10:00,2025-06-21,10,Saturday,6,1,33.5,57,37.8,0.1,11.0,471.0,1
2025-06-21T11:00,2025-06-21,11,Saturday,6,1,35.2,51,40.6,0.0,8.0,696.0,1
2025-06-21T12:00,2025-06-21,12,Saturday,6,1,36.6,46,42.9,0.0,2.7,726.0,1
2025-06-21T13:00,2025-06-21,13,Saturday,6,1,38.5,40,45.4,0.0,0.2,791.0,1
2025-06-21T14:00,2025-06-21,14,Saturday,6,1,39.7,36,45.0,0.0,4.0,695.0,1
2025-06-21T15:00,2025-06-21,15,Saturday,6,1,40.2,35,44.2,0.0,7.6,615.0,1
2025-06-21T16:00,2025-06-21,16,Saturday,6,1,40.2,34,43.8,0.0,7.1,478.0,1
2025-06-21T17:00,2025-06-21,17,Saturday,6,1,40.0,34,43.5,0.0,5.8,345.0,1
2025-06-21T18:00,2025-06-21,18,Saturday,6,1,34.8,54,38.5,0.0,17.0,164.0,1
2025-06-21T19:00,2025-06-21,19,Saturday,6,1,34.7,55,39.1,0.0,12.6,56.0,1
2025-06-21T20:00,2025-06-21,20,Saturday,6,1,33.4,59,38.0,0.0,11.0,2.0,0
2025-06-21T21:00,2025-06-21,21,Saturday,6,1,32.8,62,37.8,0.0,9.4,0.0,0
2025-06-21T22:00,2025-06-21,22,Saturday,6,1,30.8,72,36.7,2.6,6.1,0.0,0
2025-06-21T23:00,2025-06-21,23,Saturday,6,1,29.2,77,34.7,1.6,8.1,0.0,0
2025-06-22T00:00,2025-06-22,0,Sunday,6,1,26.6,86,32.1,7.4,4.8,0.0,0
2025-06-22T01:00,2025-06-22,1,Sunday,6,1,27.2,84,32.8,0.1,5.0,0.0,0
2025-06-22T02:00,2025-06-22,2,Sunday,6,1,26.8,84,32.3,2.6,3.9,0.0,0
2025-06-22T03:00,2025-06-22,3,Sunday,6,1,26.1,87,30.7,7.1,9.9,0.0,0
2025-06-22T04:00,2025-06-22,4,Sunday,6,1,26.1,88,31.5,0.9,4.4,0.0,0
2025-06-22T05:00,2025-06-22,5,Sunday,6,1,25.6,92,31.6,6.5,2.2,0.0,1
2025-06-22T06:00,2025-06-22,6,Sunday,6,1,27.2,84,32.5,0.0,7.0,17.0,1
2025-06-22T07:00,2025-06-22,7,Sunday,6,1,28.2,77,33.6,0.0,4.5,103.0,1
2025-06-22T08:00,2025-06-22,8,Sunday,6,1,28.8,71,32.9,0.0,9.4,263.0,1
2025-06-22T09:00,2025-06-22,9,Sunday,6,1,28.9,71,33.6,0.6,5.1,306.0,1
2025-06-22T10:00,2025-06-22,10,Sunday,6,1,29.9,67,34.6,0.2,5.4,401.0,1
2025-06-22T11:00,2025-06-22,11,Sunday,6,1,30.7,65,35.9,3.1,5.6,614.0,1
2025-06-22T12:00,2025-06-22,12,Sunday,6,1,32.5,58,38.6,0.1,1.9,691.0,1
2025-06-22T13:00,2025-06-22,13,Sunday,6,1,32.6,58,39.2,0.1,1.8,737.0,1
2025-06-22T14:00,2025-06-22,14,Sunday,6,1,33.5,55,39.3,0.0,1.2,592.0,1
2025-06-22T15:00,2025-06-22,15,Sunday,6,1,34.3,53,40.6,0.0,1.1,648.0,1
2025-06-22T16:00,2025-06-22,16,Sunday,6,1,34.7,52,40.0,0.0,2.5,523.0,1
2025-06-22T17:00,2025-06-22,17,Sunday,6,1,34.8,51,40.2,0.0,2.2,342.0,1
2025-06-22T18:00,2025-06-22,18,Sunday,6,1,33.0,57,37.7,0.0,6.6,199.0,1
2025-06-22T19:00,2025-06-22,19,Sunday,6,1,31.7,66,37.7,0.0,3.1,62.0,1
2025-06-22T20:00,2025-06-22,20,Sunday,6,1,31.0,66,36.8,0.0,1.3,2.0,0
2025-06-22T21:00,2025-06-22,21,Sunday,6,1,30.5,66,36.2,0.0,0.8,0.0,0
2025-06-22T22:00,2025-06-22,22,Sunday,6,1,30.1,67,35.8,0.0,0.6,0.0,0
2025-06-22T23:00,2025-06-22,23,Sunday,6,1,29.6,70,35.3,0.0,1.3,0.0,0
2025-06-23T00:00,2025-06-23,0,Monday,6,0,29.0,74,34.8,0.0,1.3,0.0,0
2025-06-23T01:00,2025-06-23,1,Monday,6,0,28.4,77,34.3,0.0,1.2,0.0,0
2025-06-23T02:00,2025-06-23,2,Monday,6,0,27.6,81,33.4,0.0,2.9,0.0,0
2025-06-23T03:00,2025-06-23,3,Monday,6,0,27.3,84,32.9,0.0,4.6,0.0,0
2025-06-23T04:00,2025-06-23,4,Monday,6,0,26.4,88,31.4,1.4,8.6,0.0,0
2025-06-23T05:00,2025-06-23,5,Monday,6,0,25.8,95,31.7,2.7,5.9,0.0,1
2025-06-23T06:00,2025-06-23,6,Monday,6,0,26.5,89,32.1,0.0,6.0,33.0,1
2025-06-23T07:00,2025-06-23,7,Monday,6,0,28.2,79,33.9,0.0,3.9,149.0,1
2025-06-23T08:00,2025-06-23,8,Monday,6,0,30.1,69,35.6,0.0,3.3,313.0,1
2025-06-23T09:00,2025-06-23,9,Monday,6,0,31.7,63,37.3,0.0,2.3,494.0,1
2025-06-23T10:00,2025-06-23,10,Monday,6,0,32.8,57,38.2,0.0,4.3,623.0,1
2025-06-23T11:00,2025-06-23,11,Monday,6,0,33.8,54,40.1,0.0,4.3,755.0,1
2025-06-23T12:00,2025-06-23,12,Monday,6,0,34.7,52,41.8,0.0,3.6,829.0,1
2025-06-23T13:00,2025-06-23,13,Monday,6,0,35.6,51,43.1,0.0,2.5,841.0,1
2025-06-23T14:00,2025-06-23,14,Monday,6,0,36.2,49,43.1,0.0,3.8,791.0,1
2025-06-23T15:00,2025-06-23,15,Monday,6,0,36.3,48,42.5,0.0,3.1,684.0,1
2025-06-23T16:00,2025-06-23,16,Monday,6,0,36.3,47,41.8,0.0,1.1,544.0,1
2025-06-23T17:00,2025-06-23,17,Monday,6,0,36.0,48,41.2,0.0,2.4,375.0,1
2025-06-23T18:00,2025-06-23,18,Monday,6,0,35.2,54,40.8,0.0,5.3,196.0,1
2025-06-23T19:00,2025-06-23,19,Monday,6,0,33.7,59,38.8,0.0,8.5,63.0,1
2025-06-23T20:00,2025-06-23,20,Monday,6,0,32.3,63,37.6,0.0,7.2,2.0,0
2025-06-23T21:00,2025-06-23,21,Monday,6,0,31.4,67,36.8,0.0,6.9,0.0,0
2025-06-23T22:00,2025-06-23,22,Monday,6,0,30.6,69,36.0,0.0,6.1,0.0,0
2025-06-23T23:00,2025-06-23,23,Monday,6,0,30.4,68,35.1,0.0,9.5,0.0,0
2025-06-24T00:00,2025-06-24,0,Tuesday,6,0,29.8,70,34.1,0.0,11.6,0.0,0
2025-06-24T01:00,2025-06-24,1,Tuesday,6,0,29.3,73,34.3,0.0,7.9,0.0,0
2025-06-24T02:00,2025-06-24,2,Tuesday,6,0,28.7,77,33.9,0.1,7.1,0.0,0
2025-06-24T03:00,2025-06-24,3,Tuesday,6,0,28.2,79,33.5,0.0,6.5,0.0,0
2025-06-24T04:00,2025-06-24,4,Tuesday,6,0,27.9,81,33.0,0.0,7.2,0.0,0
2025-06-24T05:00,2025-06-24,5,Tuesday,6,0,27.1,84,32.8,0.1,4.4,0.0,1
2025-06-24T06:00,2025-06-24,6,Tuesday,6,0,28.6,85,35.4,0.1,4.5,32.0,1
2025-06-24T07:00,2025-06-24,7,Tuesday,6,0,29.9,82,36.9,0.2,4.8,136.0,1
2025-06-24T08:00,2025-06-24,8,Tuesday,6,0,31.3,71,37.3,0.0,7.4,277.0,1
2025-06-24T09:00,2025-06-24,9,Tuesday,6,0,32.7,64,38.3,0.0,6.8,442.0,1
2025-06-24T10:00,2025-06-24,10,Tuesday,6,0,33.8,59,39.5,0.0,7.6,603.0,1
2025-06-24T11:00,2025-06-24,11,Tuesday,6,0,34.7,57,41.4,0.0,5.9,720.0,1
2025-06-24T12:00,2025-06-24,12,Tuesday,6,0,35.4,54,42.5,0.0,3.6,713.0,1
2025-06-24T13:00,2025-06-24,13,Tuesday,6,0,36.2,52,42.9,0.0,4.0,649.0,1
2025-06-24T14:00,2025-06-24,14,Tuesday,6,0,36.8,49,43.8,0.0,3.6,724.0,1
2025-06-24T15:00,2025-06-24,15,Tuesday,6,0,37.1,49,43.1,0.0,4.6,597.0,1
2025-06-24T16:00,2025-06-24,16,Tuesday,6,0,37.2,47,42.5,0.0,5.2,491.0,1
2025-06-24T17:00,2025-06-24,17,Tuesday,6,0,37.0,47,42.1,0.0,5.5,337.0,1
2025-06-24T18:00,2025-06-24,18,Tuesday,6,0,34.7,57,40.0,0.0,8.9,195.0,1
2025-06-24T19:00,2025-06-24,19,Tuesday,6,0,33.2,62,39.2,0.0,4.6,62.0,1
2025-06-24T20:00,2025-06-24,20,Tuesday,6,0,31.8,68,37.8,0.0,5.1,2.0,0
2025-06-24T21:00,2025-06-24,21,Tuesday,6,0,31.1,72,37.5,0.0,4.7,0.0,0
2025-06-24T22:00,2025-06-24,22,Tuesday,6,0,30.5,77,37.2,0.0,3.9,0.0,0
2025-06-24T23:00,2025-06-24,23,Tuesday,6,0,30.5,75,37.0,0.0,5.5,0.0,0
2025-06-25T00:00,2025-06-25,0,Wednesday,6,0,30.4,75,36.2,0.0,8.0,0.0,0
2025-06-25T01:00,2025-06-25,1,Wednesday,6,0,29.6,78,35.8,0.0,6.4,0.0,0
2025-06-25T02:00,2025-06-25,2,Wednesday,6,0,28.4,83,33.9,1.3,9.4,0.0,0
2025-06-25T03:00,2025-06-25,3,Wednesday,6,0,27.5,89,32.9,0.3,10.9,0.0,0
2025-06-25T04:00,2025-06-25,4,Wednesday,6,0,26.0,92,30.9,2.6,9.9,0.0,0
2025-06-25T05:00,2025-06-25,5,Wednesday,6,0,26.5,87,31.6,0.1,7.5,0.0,1
2025-06-25T06:00,2025-06-25,6,Wednesday,6,0,27.0,89,32.7,1.7,6.7,1.0,1
2025-06-25T07:00,2025-06-25,7,Wednesday,6,0,26.2,93,31.5,3.8,10.2,6.0,1
2025-06-25T08:00,2025-06-25,8,Wednesday,6,0,26.5,91,32.2,2.6,6.9,45.0,1
2025-06-25T09:00,2025-06-25,9,Wednesday,6,0,26.7,92,32.2,2.4,9.6,73.0,1
2025-06-25T10:00,2025-06-25,10,Wednesday,6,0,27.0,92,32.9,1.8,8.7,101.0,1
2025-06-25T11:00,2025-06-25,11,Wednesday,6,0,27.8,82,32.8,1.1,9.6,240.0,1
2025-06-25T12:00,2025-06-25,12,Wednesday,6,0,29.5,72,34.7,0.1,6.7,368.0,1
2025-06-25T13:00,2025-06-25,13,Wednesday,6,0,30.6,68,36.1,0.1,5.2,443.0,1
2025-06-25T14:00,2025-06-25,14,Wednesday,6,0,31.8,65,37.3,0.0,5.1,518.0,1
2025-06-25T15:00,2025-06-25,15,Wednesday,6,0,32.7,62,38.1,0.0,6.5,568.0,1
2025-06-25T16:00,2025-06-25,16,Wednesday,6,0,33.0,62,38.6,0.0,5.6,467.0,1
2025-06-25T17:00,2025-06-25,17,Wednesday,6,0,33.1,61,39.0,0.0,4.0,352.0,1
2025-06-25T18:00,2025-06-25,18,Wednesday,6,0,29.5,77,34.9,0.0,9.6,80.0,1
2025-06-25T19:00,2025-06-25,19,Wednesday,6,0,29.6,77,35.2,0.0,8.5,51.0,1
2025-06-25T20:00,2025-06-25,20,Wednesday,6,0,29.2,78,35.3,0.0,4.1,2.0,0
2025-06-25T21:00,2025-06-25,21,Wednesday,6,0,28.8,81,35.1,0.0,3.6,0.0,0
2025-06-25T22:00,2025-06-25,22,Wednesday,6,0,28.6,82,34.9,0.0,4.2,0.0,0
2025-06-25T23:00,2025-06-25,23,Wednesday,6,0,28.4,83,34.4,0.0,5.6,0.0,0
2025-06-26T00:00,2025-06-26,0,Thursday,6,0,28.2,82,33.9,0.0,6.7,0.0,0
2025-06-26T01:00,2025-06-26,1,Thursday,6,0,27.6,84,33.3,0.3,5.9,0.0,0
2025-06-26T02:00,2025-06-26,2,Thursday,6,0,26.2,93,32.6,1.4,2.8,0.0,0
2025-06-26T03:00,2025-06-26,3,Thursday,6,0,26.6,90,33.2,0.3,1.3,0.0,0
2025-06-26T04:00,2025-06-26,4,Thursday,6,0,26.5,91,32.2,0.5,5.8,0.0,0
2025-06-26T05:00,2025-06-26,5,Thursday,6,0,26.5,90,32.8,0.1,2.3,0.0,1
2025-06-26T06:00,2025-06-26,6,Thursday,6,0,27.1,88,32.2,0.4,10.4,5.0,1
2025-06-26T07:00,2025-06-26,7,Thursday,6,0,26.9,85,30.8,1.0,15.5,40.0,1
2025-06-26T08:00,2025-06-26,8,Thursday,6,0,26.5,89,31.3,0.4,11.4,49.0,1
2025-06-26T09:00,2025-06-26,9,Thursday,6,0,27.5,82,31.8,0.1,13.4,135.0,1
2025-06-26T10:00,2025-06-26,10,Thursday,6,0,29.1,73,33.4,0.2,12.4,289.0,1
2025-06-26T11:00,2025-06-26,11,Thursday,6,0,28.9,76,33.6,0.2,10.7,220.0,1
2025-06-26T12:00,2025-06-26,12,Thursday,6,0,30.3,71,35.2,0.6,10.4,455.0,1
2025-06-26T13:00,2025-06-26,13,Thursday,6,0,29.1,76,34.8,4.3,5.2,238.0,1
2025-06-26T14:00,2025-06-26,14,Thursday,6,0,29.1,77,35.1,0.0,4.2,217.0,1
2025-06-26T15:00,2025-06-26,15,Thursday,6,0,30.2,71,36.0,0.0,4.1,387.0,1
2025-06-26T16:00,2025-06-26,16,Thursday,6,0,30.8,68,36.4,0.0,3.9,348.0,1
2025-06-26T17:00,2025-06-26,17,Thursday,6,0,31.0,66,36.5,0.0,3.4,264.0,1
2025-06-26T18:00,2025-06-26,18,Thursday,6,0,29.5,71,35.0,0.0,3.1,167.0,1
2025-06-26T19:00,2025-06-26,19,Thursday,6,0,28.6,80,35.0,0.0,1.9,53.0,1
2025-06-26T20:00,2025-06-26,20,Thursday,6,0,27.9,82,33.9,0.0,2.1,2.0,0
2025-06-26T21:00,2025-06-26,21,Thursday,6,0,27.5,85,33.8,0.0,2.1,0.0,0
2025-06-26T22:00,2025-06-26,22,Thursday,6,0,27.5,86,34.1,0.0,0.5,0.0,0
2025-06-26T23:00,2025-06-26,23,Thursday,6,0,27.0,87,33.3,0.0,2.4,0.0,0
2025-06-27T00:00,2025-06-27,0,Friday,6,1,26.9,87,32.8,0.0,3.2,0.0,0
2025-06-27T01:00,2025-06-27,1,Friday,6,1,26.5,89,32.5,0.0,3.2,0.0,0
2025-06-27T02:00,2025-06-27,2,Friday,6,1,26.5,89,32.3,0.0,3.6,0.0,0
2025-06-27T03:00,2025-06-27,3,Friday,6,1,26.2,89,31.8,0.0,4.4,0.0,0
2025-06-27T04:00,2025-06-27,4,Friday,6,1,25.8,91,31.6,0.0,3.2,0.0,0
2025-06-27T05:00,2025-06-27,5,Friday,6,1,25.8,91,31.7,0.1,1.7,0.0,1
2025-06-27T06:00,2025-06-27,6,Friday,6,1,25.6,93,31.6,2.4,3.4,17.0,1
2025-06-27T07:00,2025-06-27,7,Friday,6,1,25.5,89,29.7,0.4,11.5,100.0,1
2025-06-27T08:00,2025-06-27,8,Friday,6,1,27.0,80,31.7,0.1,5.9,174.0,1
2025-06-27T09:00,2025-06-27,9,Friday,6,1,29.4,69,34.1,0.0,6.0,417.0,1
2025-06-27T10:00,2025-06-27,10,Friday,6,1,31.2,64,36.4,0.0,7.3,629.0,1
2025-06-27T11:00,2025-06-27,11,Friday,6,1,32.5,61,39.0,0.0,4.5,711.0,1
2025-06-27T12:00,2025-06-27,12,Friday,6,1,33.2,59,39.1,0.0,8.4,742.0,1
2025-06-27T13:00,2025-06-27,13,Friday,6,1,33.3,59,40.8,0.0,3.2,804.0,1
2025-06-27T14:00,2025-06-27,14,Friday,6,1,33.6,58,40.8,0.0,2.4,747.0,1
2025-06-27T15:00,2025-06-27,15,Friday,6,1,34.0,56,40.6,0.0,2.2,647.0,1
2025-06-27T16:00,2025-06-27,16,Friday,6,1,34.1,55,39.6,0.0,2.8,516.0,1
2025-06-27T17:00,2025-06-27,17,Friday,6,1,34.0,54,39.2,0.0,2.4,354.0,1
2025-06-27T18:00,2025-06-27,18,Friday,6,1,32.1,61,37.4,0.0,4.1,189.0,1
2025-06-27T19:00,2025-06-27,19,Friday,6,1,30.7,73,37.1,0.0,2.9,64.0,1
2025-06-27T20:00,2025-06-27,20,Friday,6,1,30.0,72,36.4,0.0,0.9,2.0,0
2025-06-27T21:00,2025-06-27,21,Friday,6,1,29.6,74,36.0,0.0,0.7,0.0,0
2025-06-27T22:00,2025-06-27,22,Friday,6,1,28.8,79,34.8,0.0,3.1,0.0,0
2025-06-27T23:00,2025-06-27,23,Friday,6,1,28.1,82,34.1,0.0,4.0,0.0,0
2025-06-28T00:00,2025-06-28,0,Saturday,6,1,27.8,83,33.2,0.1,7.6,0.0,0
2025-06-28T01:00,2025-06-28,1,Saturday,6,1,27.3,82,32.4,0.0,7.4,0.0,0
2025-06-28T02:00,2025-06-28,2,Saturday,6,1,26.5,85,32.2,0.4,1.9,0.0,0
2025-06-28T03:00,2025-06-28,3,Saturday,6,1,25.2,91,30.7,1.3,2.2,0.0,0
2025-06-28T04:00,2025-06-28,4,Saturday,6,1,24.7,93,30.4,0.1,0.5,0.0,0
2025-06-28T05:00,2025-06-28,5,Saturday,6,1,24.6,93,30.1,0.1,1.8,0.0,1
2025-06-28T06:00,2025-06-28,6,Saturday,6,1,28.0,83,34.3,0.0,2.2,28.0,1
2025-06-28T07:00,2025-06-28,7,Saturday,6,1,28.3,81,34.6,0.0,2.0,123.0,1
2025-06-28T08:00,2025-06-28,8,Saturday,6,1,29.2,74,34.8,0.0,4.2,244.0,1
2025-06-28T09:00,2025-06-28,9,Saturday,6,1,30.5,67,36.1,0.0,1.9,410.0,1
2025-06-28T10:00,2025-06-28,10,Saturday,6,1,31.5,65,37.6,0.0,0.4,533.0,1
2025-06-28T11:00,2025-06-28,11,Saturday,6,1,32.4,62,39.2,0.1,1.9,681.0,1
2025-06-28T12:00,2025-06-28,12,Saturday,6,1,33.5,59,41.0,0.0,2.5,790.0,1
2025-06-28T13:00,2025-06-28,13,Saturday,6,1,33.8,58,40.7,0.0,3.6,728.0,1
2025-06-28T14:00,2025-06-28,14,Saturday,6,1,34.2,57,41.4,0.0,2.9,738.0,1
2025-06-28T15:00,2025-06-28,15,Saturday,6,1,34.9,54,41.4,0.0,3.1,652.0,1
2025-06-28T16:00,2025-06-28,16,Saturday,6,1,34.9,54,40.8,0.0,2.4,488.0,1
2025-06-28T17:00,2025-06-28,17,Saturday,6,1,34.8,53,40.6,0.0,1.3,343.0,1
2025-06-28T18:00,2025-06-28,18,Saturday,6,1,33.5,60,39.6,0.0,3.4,192.0,1
2025-06-28T19:00,2025-06-28,19,Saturday,6,1,32.0,67,38.2,0.0,4.0,64.0,1
2025-06-28T20:00,2025-06-28,20,Saturday,6,1,30.5,75,37.1,0.0,2.5,2.0,0
2025-06-28T21:00,2025-06-28,21,Saturday,6,1,30.0,77,36.9,0.0,0.6,0.0,0
2025-06-28T22:00,2025-06-28,22,Saturday,6,1,29.4,80,36.1,0.0,2.1,0.0,0
2025-06-28T23:00,2025-06-28,23,Saturday,6,1,28.8,84,35.3,0.0,4.2,0.0,0
2025-06-29T00:00,2025-06-29,0,Sunday,6,1,28.0,88,34.8,0.9,2.5,0.0,0
2025-06-29T01:00,2025-06-29,1,Sunday,6,1,26.4,91,32.1,6.8,5.6,0.0,0
2025-06-29T02:00,2025-06-29,2,Sunday,6,1,25.0,93,29.4,1.4,10.1,0.0,0
2025-06-29T03:00,2025-06-29,3,Sunday,6,1,25.2,89,30.1,0.2,5.6,0.0,0
2025-06-29T04:00,2025-06-29,4,Sunday,6,1,25.0,92,30.6,0.0,1.0,0.0,0
2025-06-29T05:00,2025-06-29,5,Sunday,6,1,24.9,92,30.4,0.2,2.3,0.0,0
2025-06-29T06:00,2025-06-29,6,Sunday,6,1,26.4,86,32.0,0.0,2.4,31.0,1
2025-06-29T07:00,2025-06-29,7,Sunday,6,1,27.6,82,33.7,0.0,1.5,144.0,1
2025-06-29T08:00,2025-06-29,8,Sunday,6,1,29.2,75,35.1,0.0,2.7,303.0,1
2025-06-29T09:00,2025-06-29,9,Sunday,6,1,30.8,68,36.5,0.0,3.1,454.0,1
2025-06-29T10:00,2025-06-29,10,Sunday,6,1,32.4,62,39.0,0.0,1.0,625.0,1
2025-06-29T11:00,2025-06-29,11,Sunday,6,1,33.4,59,40.7,0.0,1.2,713.0,1
2025-06-29T12:00,2025-06-29,12,Sunday,6,1,34.2,56,41.3,0.0,3.3,764.0,1
2025-06-29T13:00,2025-06-29,13,Sunday,6,1,35.2,52,42.2,0.0,3.4,781.0,1
2025-06-29T14:00,2025-06-29,14,Sunday,6,1,35.6,51,42.2,0.0,3.7,728.0,1
2025-06-29T15:00,2025-06-29,15,Sunday,6,1,34.3,56,40.5,0.4,2.4,587.0,1
2025-06-29T16:00,2025-06-29,16,Sunday,6,1,31.1,68,37.2,1.2,2.6,322.0,1
2025-06-29T17:00,2025-06-29,17,Sunday,6,1,31.9,66,38.3,0.0,0.8,284.0,1
2025-06-29T18:00,2025-06-29,18,Sunday,6,1,31.8,69,37.4,0.0,8.8,162.0,1
2025-06-29T19:00,2025-06-29,19,Sunday,6,1,30.5,69,35.9,0.0,6.0,57.0,1
2025-06-29T20:00,2025-06-29,20,Sunday,6,1,29.3,72,34.6,0.0,4.3,2.0,0
2025-06-29T21:00,2025-06-29,21,Sunday,6,1,28.5,77,34.2,0.0,3.1,0.0,0
2025-06-29T22:00,2025-06-29,22,Sunday,6,1,28.1,81,34.1,0.0,3.5,0.0,0
2025-06-29T23:00,2025-06-29,23,Sunday,6,1,27.5,86,33.3,0.4,6.4,0.0,0
2025-06-30T00:00,2025-06-30,0,Monday,6,0,26.0,92,31.4,2.8,7.5,0.0,0
2025-06-30T01:00,2025-06-30,1,Monday,6,0,25.8,92,31.8,0.1,2.3,0.0,0
2025-06-30T02:00,2025-06-30,2,Monday,6,0,25.5,94,31.4,3.6,3.8,0.0,0
2025-06-30T03:00,2025-06-30,3,Monday,6,0,25.5,92,31.1,0.1,4.4,0.0,0
2025-06-30T04:00,2025-06-30,4,Monday,6,0,25.0,94,31.2,0.9,0.2,0.0,0
2025-06-30T05:00,2025-06-30,5,Monday,6,0,25.0,95,31.2,0.3,0.3,0.0,0
2025-06-30T06:00,2025-06-30,6,Monday,6,0,25.2,91,30.5,0.1,4.8,22.0,1
2025-06-30T07:00,2025-06-30,7,Monday,6,0,26.0,88,31.7,0.0,2.2,120.0,1
2025-06-30T08:00,2025-06-30,8,Monday,6,0,27.0,82,32.9,0.0,0.9,246.0,1
2025-06-30T09:00,2025-06-30,9,Monday,6,0,29.1,73,35.0,0.0,1.2,458.0,1
2025-06-30T10:00,2025-06-30,10,Monday,6,0,30.5,69,36.0,0.0,4.1,540.0,1
2025-06-30T11:00,2025-06-30,11,Monday,6,0,32.1,63,38.7,0.0,3.8,708.0,1
2025-06-30T12:00,2025-06-30,12,Monday,6,0,33.2,58,40.4,0.0,4.2,821.0,1
2025-06-30T13:00,2025-06-30,13,Monday,6,0,34.2,56,41.7,0.0,3.2,842.0,1
2025-06-30T14:00,2025-06-30,14,Monday,6,0,34.5,55,41.6,0.0,2.9,751.0,1
2025-06-30T15:00,2025-06-30,15,Monday,6,0,34.8,53,40.9,0.0,3.8,643.0,1
2025-06-30T16:00,2025-06-30,16,Monday,6,0,35.0,52,40.3,0.0,4.2,504.0,1
2025-06-30T17:00,2025-06-30,17,Monday,6,0,34.2,55,38.9,0.0,8.6,347.0,1
2025-06-30T18:00,2025-06-30,18,Monday,6,0,32.3,64,38.1,0.0,5.8,179.0,1
2025-06-30T19:00,2025-06-30,19,Monday,6,0,30.7,71,35.5,0.0,12.1,56.0,1
2025-06-30T20:00,2025-06-30,20,Monday,6,0,28.9,76,33.8,0.0,9.5,2.0,0
2025-06-30T21:00,2025-06-30,21,Monday,6,0,28.5,77,33.3,0.0,9.0,0.0,0
2025-06-30T22:00,2025-06-30,22,Monday,6,0,27.8,79,32.7,0.1,6.6,0.0,0
2025-06-30T23:00,2025-06-30,23,Monday,6,0,26.4,84,30.8,2.1,9.6,0.0,0
2025-07-01T00:00,2025-07-01,0,Tuesday,7,0,25.5,89,30.5,2.4,5.4,0.0,0
2025-07-01T01:00,2025-07-01,1,Tuesday,7,0,24.8,94,30.2,6.4,3.2,0.0,0
2025-07-01T02:00,2025-07-01,2,Tuesday,7,0,24.3,95,28.8,0.3,8.6,0.0,0
2025-07-01T03:00,2025-07-01,3,Tuesday,7,0,24.1,95,29.3,0.2,3.7,0.0,0
2025-07-01T04:00,2025-07-01,4,Tuesday,7,0,24.0,97,29.0,0.4,5.7,0.0,0
2025-07-01T05:00,2025-07-01,5,Tuesday,7,0,24.0,95,29.3,0.1,2.6,0.0,0
2025-07-01T06:00,2025-07-01,6,Tuesday,7,0,26.2,87,31.9,0.1,2.3,20.0,1
2025-07-01T07:00,2025-07-01,7,Tuesday,7,0,27.0,81,32.3,0.0,3.3,118.0,1
2025-07-01T08:00,2025-07-01,8,Tuesday,7,0,27.0,82,31.7,1.3,8.8,232.0,1
2025-07-01T09:00,2025-07-01,9,Tuesday,7,0,28.6,72,33.7,0.3,3.6,361.0,1
2025-07-01T10:00,2025-07-01,10,Tuesday,7,0,30.5,66,36.3,0.0,0.8,530.0,1
2025-07-01T11:00,2025-07-01,11,Tuesday,7,0,32.1,64,38.7,0.0,5.1,704.0,1
2025-07-01T12:00,2025-07-01,12,Tuesday,7,0,33.2,62,40.3,0.0,7.6,806.0,1
2025-07-01T13:00,2025-07-01,13,Tuesday,7,0,33.5,61,39.7,0.1,8.7,678.0,1
2025-07-01T14:00,2025-07-01,14,Tuesday,7,0,33.0,63,38.3,0.1,12.3,622.0,1
2025-07-01T15:00,2025-07-01,15,Tuesday,7,0,29.0,74,32.7,0.7,15.9,530.0,1
2025-07-01T16:00,2025-07-01,16,Tuesday,7,0,30.3,70,35.5,0.1,7.2,271.0,1
2025-07-01T17:00,2025-07-01,17,Tuesday,7,0,31.1,68,36.6,0.0,6.1,318.0,1
2025-07-01T18:00,2025-07-01,18,Tuesday,7,0,30.5,69,35.4,0.0,7.8,171.0,1
2025-07-01T19:00,2025-07-01,19,Tuesday,7,0,29.5,76,35.6,0.0,3.1,53.0,1
2025-07-01T20:00,2025-07-01,20,Tuesday,7,0,28.6,79,34.9,0.0,2.3,2.0,0
2025-07-01T21:00,2025-07-01,21,Tuesday,7,0,28.4,80,34.8,0.1,0.8,0.0,0
2025-07-01T22:00,2025-07-01,22,Tuesday,7,0,27.7,84,34.2,0.2,0.2,0.0,0
2025-07-01T23:00,2025-07-01,23,Tuesday,7,0,27.2,87,33.7,0.2,1.6,0.0,0
2025-07-02T00:00,2025-07-02,0,Wednesday,7,0,26.5,89,32.3,0.2,4.3,0.0,0
2025-07-02T01:00,2025-07-02,1,Wednesday,7,0,26.1,93,32.3,0.7,3.1,0.0,0
2025-07-02T02:00,2025-07-02,2,Wednesday,7,0,25.5,94,31.4,1.8,2.9,0.0,0
2025-07-02T03:00,2025-07-02,3,Wednesday,7,0,25.1,94,30.9,1.4,3.1,0.0,0
2025-07-02T04:00,2025-07-02,4,Wednesday,7,0,25.3,92,30.8,0.5,4.0,0.0,0
2025-07-02T05:00,2025-07-02,5,Wednesday,7,0,25.0,94,30.7,0.2,3.4,0.0,0
2025-07-02T06:00,2025-07-02,6,Wednesday,7,0,25.7,91,30.8,0.2,7.3,21.0,1
2025-07-02T07:00,2025-07-02,7,Wednesday,7,0,25.9,90,31.6,0.9,3.4,134.0,1
2025-07-02T08:00,2025-07-02,8,Wednesday,7,0,26.4,86,31.3,1.7,6.6,127.0,1
2025-07-02T09:00,2025-07-02,9,Wednesday,7,0,27.7,79,32.9,4.6,5.1,312.0,1
2025-07-02T10:00,2025-07-02,10,Wednesday,7,0,28.9,73,34.0,0.3,4.5,521.0,1
2025-07-02T11:00,2025-07-02,11,Wednesday,7,0,29.1,71,34.6,0.1,1.8,467.0,1
2025-07-02T12:00,2025-07-02,12,Wednesday,7,0,30.2,68,36.1,0.1,3.3,606.0,1
2025-07-02T13:00,2025-07-02,13,Wednesday,7,0,31.1,66,38.3,0.0,2.3,762.0,1
2025-07-02T14:00,2025-07-02,14,Wednesday,7,0,31.7,63,38.8,0.0,2.2,773.0,1
2025-07-02T15:00,2025-07-02,15,Wednesday,7,0,32.3,59,38.4,0.0,0.9,636.0,1
2025-07-02T16:00,2025-07-02,16,Wednesday,7,0,32.7,56,37.8,0.0,1.6,513.0,1
2025-07-02T17:00,2025-07-02,17,Wednesday,7,0,32.5,56,37.4,0.0,1.7,347.0,1
2025-07-02T18:00,2025-07-02,18,Wednesday,7,0,31.5,62,36.3,0.0,6.1,201.0,1
2025-07-02T19:00,2025-07-02,19,Wednesday,7,0,30.0,67,34.6,0.0,6.5,64.0,1
2025-07-02T20:00,2025-07-02,20,Wednesday,7,0,28.4,75,33.5,0.0,3.9,2.0,0
2025-07-02T21:00,2025-07-02,21,Wednesday,7,0,28.0,80,33.8,0.0,2.6,0.0,0
2025-07-02T22:00,2025-07-02,22,Wednesday,7,0,27.4,82,33.1,0.0,3.7,0.0,0
2025-07-02T23:00,2025-07-02,23,Wednesday,7,0,27.2,82,32.6,0.0,4.5,0.0,0
2025-07-03T00:00,2025-07-03,0,Thursday,7,0,26.8,82,32.0,0.0,3.9,0.0,0
2025-07-03T01:00,2025-07-03,1,Thursday,7,0,26.6,82,31.5,0.0,4.6,0.0,0
2025-07-03T02:00,2025-07-03,2,Thursday,7,0,26.1,84,31.1,0.0,3.6,0.0,0
2025-07-03T03:00,2025-07-03,3,Thursday,7,0,26.0,84,30.9,0.0,4.6,0.0,0
2025-07-03T04:00,2025-07-03,4,Thursday,7,0,25.6,87,30.9,0.0,2.7,0.0,0
2025-07-03T05:00,2025-07-03,5,Thursday,7,0,25.5,88,30.9,0.0,2.5,0.0,0
2025-07-03T06:00,2025-07-03,6,Thursday,7,0,28.0,78,33.6,0.0,3.1,26.0,1
2025-07-03T07:00,2025-07-03,7,Thursday,7,0,29.2,74,34.9,0.0,3.2,143.0,1
2025-07-03T08:00,2025-07-03,8,Thursday,7,0,30.6,66,36.1,0.0,2.5,293.0,1
2025-07-03T09:00,2025-07-03,9,Thursday,7,0,30.6,66,35.3,0.3,8.3,431.0,1
2025-07-03T10:00,2025-07-03,10,Thursday,7,0,31.7,64,36.9,0.1,5.6,539.0,1
2025-07-03T11:00,2025-07-03,11,Thursday,7,0,32.7,62,39.2,0.0,5.6,730.0,1
2025-07-03T12:00,2025-07-03,12,Thursday,7,0,33.1,60,39.7,0.1,6.9,782.0,1
2025-07-03T13:00,2025-07-03,13,Thursday,7,0,33.8,59,41.0,0.1,5.0,792.0,1
2025-07-03T14:00,2025-07-03,14,Thursday,7,0,34.2,58,41.4,0.0,5.3,781.0,1
2025-07-03T15:00,2025-07-03,15,Thursday,7,0,34.3,56,40.3,0.0,6.1,632.0,1
2025-07-03T16:00,2025-07-03,16,Thursday,7,0,33.7,58,39.1,0.0,5.8,500.0,1
2025-07-03T17:00,2025-07-03,17,Thursday,7,0,33.5,59,38.9,0.0,5.4,356.0,1
2025-07-03T18:00,2025-07-03,18,Thursday,7,0,32.8,62,38.4,0.0,6.0,201.0,1
2025-07-03T19:00,2025-07-03,19,Thursday,7,0,31.2,71,37.6,0.0,3.8,63.0,1
2025-07-03T20:00,2025-07-03,20,Thursday,7,0,30.0,74,36.0,0.0,4.9,2.0,0
2025-07-03T21:00,2025-07-03,21,Thursday,7,0,29.5,75,35.1,0.0,5.1,0.0,0
2025-07-03T22:00,2025-07-03,22,Thursday,7,0,28.9,76,34.2,0.0,5.7,0.0,0
2025-07-03T23:00,2025-07-03,23,Thursday,7,0,28.5,76,33.6,0.0,6.1,0.0,0
2025-07-04T00:00,2025-07-04,0,Friday,7,1,28.0,77,33.2,0.0,5.0,0.0,0
2025-07-04T01:00,2025-07-04,1,Friday,7,1,27.9,78,32.8,0.0,6.1,0.0,0
2025-07-04T02:00,2025-07-04,2,Friday,7,1,27.5,80,32.6,0.0,5.6,0.0,0
2025-07-04T03:00,2025-07-04,3,Friday,7,1,27.0,83,32.1,0.0,6.2,0.0,0
2025-07-04T04:00,2025-07-04,4,Friday,7,1,26.8,84,32.0,0.0,5.4,0.0,0
2025-07-04T05:00,2025-07-04,5,Friday,7,1,26.8,84,31.9,0.0,5.7,0.0,0
2025-07-04T06:00,2025-07-04,6,Friday,7,1,27.6,84,33.3,0.0,6.1,24.0,1
2025-07-04T07:00,2025-07-04,7,Friday,7,1,28.7,81,34.8,0.0,4.6,126.0,1
2025-07-04T08:00,2025-07-04,8,Friday,7,1,30.1,72,36.0,0.0,3.6,283.0,1
2025-07-04T09:00,2025-07-04,9,Friday,7,1,31.1,69,37.1,0.0,3.8,409.0,1
2025-07-04T10:00,2025-07-04,10,Friday,7,1,32.2,66,38.5,0.0,4.0,592.0,1
2025-07-04T11:00,2025-07-04,11,Friday,7,1,32.8,63,40.1,0.0,2.7,706.0,1
2025-07-04T12:00,2025-07-04,12,Friday,7,1,33.5,61,41.2,0.0,2.1,758.0,1
2025-07-04T13:00,2025-07-04,13,Friday,7,1,34.2,58,41.9,0.0,1.9,749.0,1
2025-07-04T14:00,2025-07-04,14,Friday,7,1,35.0,56,42.5,0.0,2.5,744.0,1
2025-07-04T15:00,2025-07-04,15,Friday,7,1,35.4,54,42.2,0.0,2.8,642.0,1
2025-07-04T16:00,2025-07-04,16,Friday,7,1,35.3,54,41.6,0.0,2.0,505.0,1
2025-07-04T17:00,2025-07-04,17,Friday,7,1,35.0,55,40.9,0.0,3.4,348.0,1
2025-07-04T18:00,2025-07-04,18,Friday,7,1,32.8,64,38.1,0.0,9.8,182.0,1
2025-07-04T19:00,2025-07-04,19,Friday,7,1,31.4,70,37.5,0.0,4.8,63.0,1
2025-07-04T20:00,2025-07-04,20,Friday,7,1,29.7,79,36.4,0.0,3.5,2.0,0
2025-07-04T21:00,2025-07-04,21,Friday,7,1,29.5,80,35.9,0.0,5.5,0.0,0
2025-07-04T22:00,2025-07-04,22,Friday,7,1,29.1,80,35.5,0.0,4.4,0.0,0
2025-07-04T23:00,2025-07-04,23,Friday,7,1,29.0,79,35.0,0.0,4.9,0.0,0
2025-07-05T00:00,2025-07-05,0,Saturday,7,1,29.0,77,34.6,0.0,6.8,0.0,0
2025-07-05T01:00,2025-07-05,1,Saturday,7,1,29.0,77,33.7,0.0,11.4,0.0,0
2025-07-05T02:00,2025-07-05,2,Saturday,7,1,27.9,81,32.5,0.0,11.1,0.0,0
2025-07-05T03:00,2025-07-05,3,Saturday,7,1,27.6,82,33.0,0.1,6.5,0.0,0
2025-07-05T04:00,2025-07-05,4,Saturday,7,1,27.0,86,32.8,0.5,2.9,0.0,0
2025-07-05T05:00,2025-07-05,5,Saturday,7,1,26.6,93,33.0,0.7,3.6,0.0,0
2025-07-05T06:00,2025-07-05,6,Saturday,7,1,25.9,90,31.3,0.7,4.6,20.0,1
2025-07-05T07:00,2025-07-05,7,Saturday,7,1,26.4,89,32.2,0.1,4.1,57.0,1
2025-07-05T08:00,2025-07-05,8,Saturday,7,1,27.8,82,33.6,0.0,3.6,193.0,1
2025-07-05T09:00,2025-07-05,9,Saturday,7,1,29.5,75,35.7,0.0,1.4,350.0,1
2025-07-05T10:00,2025-07-05,10,Saturday,7,1,30.8,71,36.7,0.0,5.4,505.0,1
2025-07-05T11:00,2025-07-05,11,Saturday,7,1,31.6,69,38.2,0.0,5.8,632.0,1
2025-07-05T12:00,2025-07-05,12,Saturday,7,1,33.0,65,40.3,0.0,5.9,722.0,1
2025-07-05T13:00,2025-07-05,13,Saturday,7,1,33.6,63,40.1,0.0,4.9,569.0,1
2025-07-05T14:00,2025-07-05,14,Saturday,7,1,34.5,60,41.6,0.0,2.8,617.0,1
2025-07-05T15:00,2025-07-05,15,Saturday,7,1,34.7,59,41.2,0.0,4.2,511.0,1
2025-07-05T16:00,2025-07-05,16,Saturday,7,1,35.0,60,41.3,0.0,6.8,444.0,1
2025-07-05T17:00,2025-07-05,17,Saturday,7,1,34.5,62,40.8,0.0,8.8,264.0,1
2025-07-05T18:00,2025-07-05,18,Saturday,7,1,34.3,65,41.3,0.0,6.4,177.0,1
2025-07-05T19:00,2025-07-05,19,Saturday,7,1,32.7,73,40.3,0.0,4.2,61.0,1
2025-07-05T20:00,2025-07-05,20,Saturday,7,1,32.0,73,38.7,0.0,6.8,2.0,0
2025-07-05T21:00,2025-07-05,21,Saturday,7,1,30.9,79,38.1,0.0,4.2,0.0,0
2025-07-05T22:00,2025-07-05,22,Saturday,7,1,30.7,78,37.5,0.1,6.0,0.0,0
2025-07-05T23:00,2025-07-05,23,Saturday,7,1,30.1,81,36.6,1.1,8.7,0.0,0
2025-07-06T00:00,2025-07-06,0,Sunday,7,1,27.0,93,32.0,15.9,14.7,0.0,0
2025-07-06T01:00,2025-07-06,1,Sunday,7,1,25.6,94,30.0,10.4,14.3,0.0,0
2025-07-06T02:00,2025-07-06,2,Sunday,7,1,26.0,89,30.7,0.3,10.3,0.0,0
2025-07-06T03:00,2025-07-06,3,Sunday,7,1,26.1,87,30.6,0.0,11.1,0.0,0
2025-07-06T04:00,2025-07-06,4,Sunday,7,1,25.2,93,30.1,1.8,7.6,0.0,0
2025-07-06T05:00,2025-07-06,5,Sunday,7,1,25.7,89,30.8,0.1,5.6,0.0,0
2025-07-06T06:00,2025-07-06,6,Sunday,7,1,26.0,84,30.4,0.1,8.2,8.0,1
2025-07-06T07:00,2025-07-06,7,Sunday,7,1,26.7,82,31.5,0.1,6.3,46.0,1
2025-07-06T08:00,2025-07-06,8,Sunday,7,1,27.1,80,32.1,0.0,5.6,80.0,1
2025-07-06T09:00,2025-07-06,9,Sunday,7,1,28.0,78,33.4,0.1,3.8,166.0,1
2025-07-06T10:00,2025-07-06,10,Sunday,7,1,29.2,75,34.8,0.0,5.6,330.0,1
2025-07-06T11:00,2025-07-06,11,Sunday,7,1,31.2,68,37.3,0.0,8.1,659.0,1
2025-07-06T12:00,2025-07-06,12,Sunday,7,1,32.4,64,38.4,0.0,6.8,620.0,1
2025-07-06T13:00,2025-07-06,13,Sunday,7,1,32.7,63,38.5,0.0,4.6,543.0,1
2025-07-06T14:00,2025-07-06,14,Sunday,7,1,33.0,62,39.1,0.0,3.2,409.0,1
2025-07-06T15:00,2025-07-06,15,Sunday,7,1,33.7,60,39.9,0.0,2.9,466.0,1
2025-07-06T16:00,2025-07-06,16,Sunday,7,1,33.2,62,39.3,0.0,3.1,265.0,1
2025-07-06T17:00,2025-07-06,17,Sunday,7,1,33.3,61,39.7,0.0,1.2,315.0,1
2025-07-06T18:00,2025-07-06,18,Sunday,7,1,31.8,66,37.8,0.0,2.3,150.0,1
2025-07-06T19:00,2025-07-06,19,Sunday,7,1,30.6,73,37.2,0.0,2.4,49.0,1
2025-07-06T20:00,2025-07-06,20,Sunday,7,1,29.9,77,36.0,0.0,6.0,2.0,0
2025-07-06T21:00,2025-07-06,21,Sunday,7,1,29.0,80,35.2,0.0,4.8,0.0,0
2025-07-06T22:00,2025-07-06,22,Sunday,7,1,28.6,81,34.6,0.0,5.2,0.0,0
2025-07-06T23:00,2025-07-06,23,Sunday,7,1,28.0,84,33.9,0.0,4.7,0.0,0
2025-07-07T00:00,2025-07-07,0,Monday,7,0,27.9,83,33.6,0.0,5.2,0.0,0
2025-07-07T01:00,2025-07-07,1,Monday,7,0,27.4,84,33.1,0.0,5.1,0.0,0
2025-07-07T02:00,2025-07-07,2,Monday,7,0,26.9,87,32.9,0.0,3.4,0.0,0
2025-07-07T03:00,2025-07-07,3,Monday,7,0,27.0,86,32.7,0.0,4.5,0.0,0
2025-07-07T04:00,2025-07-07,4,Monday,7,0,27.0,84,32.0,0.0,8.1,0.0,0
2025-07-07T05:00,2025-07-07,5,Monday,7,0,26.5,85,31.1,0.0,8.4,0.0,0
2025-07-07T06:00,2025-07-07,6,Monday,7,0,27.2,86,32.6,0.0,7.2,24.0,1
2025-07-07T07:00,2025-07-07,7,Monday,7,0,28.4,80,33.7,0.0,8.0,133.0,1
2025-07-07T08:00,2025-07-07,8,Monday,7,0,29.6,72,34.8,0.0,6.4,289.0,1
2025-07-07T09:00,2025-07-07,9,Monday,7,0,31.0,67,36.3,0.0,6.2,462.0,1
2025-07-07T10:00,2025-07-07,10,Monday,7,0,32.0,62,36.9,0.0,9.4,606.0,1
2025-07-07T11:00,2025-07-07,11,Monday,7,0,32.2,63,37.8,0.2,9.6,691.0,1
2025-07-07T12:00,2025-07-07,12,Monday,7,0,33.0,60,39.1,0.0,7.7,734.0,1
2025-07-07T13:00,2025-07-07,13,Monday,7,0,33.4,59,39.8,0.0,4.5,684.0,1
2025-07-07T14:00,2025-07-07,14,Monday,7,0,33.3,58,39.7,0.0,4.4,710.0,1
2025-07-07T15:00,2025-07-07,15,Monday,7,0,30.4,72,36.4,1.1,4.5,535.0,1
2025-07-07T16:00,2025-07-07,16,Monday,7,0,30.1,72,36.4,0.0,1.5,271.0,1
2025-07-07T17:00,2025-07-07,17,Monday,7,0,29.9,73,36.0,0.0,2.6,103.0,1
2025-07-07T18:00,2025-07-07,18,Monday,7,0,29.5,74,35.6,0.0,2.5,113.0,1
2025-07-07T19:00,2025-07-07,19,Monday,7,0,28.7,81,35.3,0.0,2.1,44.0,1
2025-07-07T20:00,2025-07-07,20,Monday,7,0,28.0,85,34.3,0.0,3.4,2.0,0
2025-07-07T21:00,2025-07-07,21,Monday,7,0,27.5,89,34.1,0.0,2.9,0.0,0
2025-07-07T22:00,2025-07-07,22,Monday,7,0,27.5,88,34.4,0.0,0.6,0.0,0
2025-07-07T23:00,2025-07-07,23,Monday,7,0,27.2,89,33.9,0.0,1.7,0.0,0
2025-07-08T00:00,2025-07-08,0,Tuesday,7,0,27.0,90,33.5,0.0,2.6,0.0,0
2025-07-08T01:00,2025-07-08,1,Tuesday,7,0,27.0,89,33.3,0.0,3.2,0.0,0
2025-07-08T02:00,2025-07-08,2,Tuesday,7,0,26.9,89,33.1,0.0,2.9,0.0,0
2025-07-08T03:00,2025-07-08,3,Tuesday,7,0,26.8,89,33.2,0.0,1.1,0.0,0
2025-07-08T04:00,2025-07-08,4,Tuesday,7,0,26.1,91,32.1,0.0,3.7,0.0,0
2025-07-08T05:00,2025-07-08,5,Tuesday,7,0,26.0,90,32.2,0.0,0.7,0.0,0
2025-07-08T06:00,2025-07-08,6,Tuesday,7,0,26.1,87,31.9,0.1,1.0,6.0,1
2025-07-08T07:00,2025-07-08,7,Tuesday,7,0,26.0,88,31.5,0.1,3.0,48.0,1
2025-07-08T08:00,2025-07-08,8,Tuesday,7,0,27.0,85,33.1,0.1,1.3,193.0,1
2025-07-08T09:00,2025-07-08,9,Tuesday,7,0,28.6,80,34.7,0.0,3.5,405.0,1
2025-07-08T10:00,2025-07-08,10,Tuesday,7,0,30.6,73,37.6,0.2,2.4,608.0,1
2025-07-08T11:00,2025-07-08,11,Tuesday,7,0,31.0,71,37.7,0.3,5.2,642.0,1
2025-07-08T12:00,2025-07-08,12,Tuesday,7,0,31.0,70,36.8,0.2,6.0,518.0,1
2025-07-08T13:00,2025-07-08,13,Tuesday,7,0,31.2,69,37.4,0.1,3.1,509.0,1
2025-07-08T14:00,2025-07-08,14,Tuesday,7,0,31.7,68,38.4,0.1,0.5,494.0,1
2025-07-08T15:00,2025-07-08,15,Tuesday,7,0,31.7,69,38.3,0.1,2.5,536.0,1
2025-07-08T16:00,2025-07-08,16,Tuesday,7,0,30.5,71,36.1,1.3,7.2,471.0,1
2025-07-08T17:00,2025-07-08,17,Tuesday,7,0,28.5,80,34.1,0.2,6.0,215.0,1
2025-07-08T18:00,2025-07-08,18,Tuesday,7,0,31.1,67,35.9,0.0,9.9,177.0,1
2025-07-08T19:00,2025-07-08,19,Tuesday,7,0,29.9,74,35.1,0.0,9.0,61.0,1
2025-07-08T20:00,2025-07-08,20,Tuesday,7,0,28.5,81,34.4,0.0,4.3,2.0,0
2025-07-08T21:00,2025-07-08,21,Tuesday,7,0,27.9,83,34.0,0.0,3.8,0.0,0
2025-07-08T22:00,2025-07-08,22,Tuesday,7,0,27.6,84,33.8,0.0,2.5,0.0,0
2025-07-08T23:00,2025-07-08,23,Tuesday,7,0,27.4,84,33.6,0.0,1.3,0.0,0
2025-07-09T00:00,2025-07-09,0,Wednesday,7,0,26.9,86,32.7,0.0,2.7,0.0,0
2025-07-09T01:00,2025-07-09,1,Wednesday,7,0,25.4,91,30.2,5.4,8.2,0.0,0
2025-07-09T02:00,2025-07-09,2,Wednesday,7,0,24.4,91,28.4,3.1,9.2,0.0,0
2025-07-09T03:00,2025-07-09,3,Wednesday,7,0,24.0,93,28.7,1.4,4.5,0.0,0
2025-07-09T04:00,2025-07-09,4,Wednesday,7,0,24.5,91,29.6,0.2,2.9,0.0,0
2025-07-09T05:00,2025-07-09,5,Wednesday,7,0,24.8,93,30.3,0.3,1.7,0.0,0
2025-07-09T06:00,2025-07-09,6,Wednesday,7,0,25.1,93,30.8,0.5,2.8,9.0,1
2025-07-09T07:00,2025-07-09,7,Wednesday,7,0,25.5,92,31.5,0.3,1.5,69.0,1
2025-07-09T08:00,2025-07-09,8,Wednesday,7,0,26.3,87,31.9,0.1,3.3,177.0,1
2025-07-09T09:00,2025-07-09,9,Wednesday,7,0,27.5,79,33.1,0.0,2.5,378.0,1
2025-07-09T10:00,2025-07-09,10,Wednesday,7,0,29.5,70,34.6,0.0,5.2,555.0,1
2025-07-09T11:00,2025-07-09,11,Wednesday,7,0,30.4,68,36.3,0.0,5.2,665.0,1
2025-07-09T12:00,2025-07-09,12,Wednesday,7,0,31.5,66,38.3,0.0,3.6,715.0,1
2025-07-09T13:00,2025-07-09,13,Wednesday,7,0,31.0,68,37.5,0.0,3.6,654.0,1
2025-07-09T14:00,2025-07-09,14,Wednesday,7,0,32.0,65,39.5,0.1,2.7,742.0,1
2025-07-09T15:00,2025-07-09,15,Wednesday,7,0,31.0,68,36.6,1.4,7.8,603.0,1
2025-07-09T16:00,2025-07-09,16,Wednesday,7,0,30.2,72,35.9,2.1,5.2,419.0,1
2025-07-09T17:00,2025-07-09,17,Wednesday,7,0,30.8,68,36.3,0.0,4.9,303.0,1
2025-07-09T18:00,2025-07-09,18,Wednesday,7,0,30.0,70,35.2,0.0,6.5,199.0,1
2025-07-09T19:00,2025-07-09,19,Wednesday,7,0,28.9,76,34.6,0.0,3.9,63.0,1
2025-07-09T20:00,2025-07-09,20,Wednesday,7,0,27.8,79,33.1,0.0,4.3,2.0,0
2025-07-09T21:00,2025-07-09,21,Wednesday,7,0,27.5,80,32.5,0.0,6.9,0.0,0
2025-07-09T22:00,2025-07-09,22,Wednesday,7,0,26.9,83,32.0,0.0,6.1,0.0,0
2025-07-09T23:00,2025-07-09,23,Wednesday,7,0,26.3,87,32.2,0.0,0.9,0.0,0
2025-07-10T00:00,2025-07-10,0,Thursday,7,0,24.2,94,29.6,1.7,1.9,0.0,0
2025-07-10T01:00,2025-07-10,1,Thursday,7,0,23.8,96,29.0,0.2,2.6,0.0,0
2025-07-10T02:00,2025-07-10,2,Thursday,7,0,23.6,95,28.6,1.8,2.9,0.0,0
2025-07-10T03:00,2025-07-10,3,Thursday,7,0,23.3,97,28.4,0.5,1.7,0.0,0
2025-07-10T04:00,2025-07-10,4,Thursday,7,0,23.2,97,28.2,0.3,2.7,0.0,0
2025-07-10T05:00,2025-07-10,5,Thursday,7,0,23.1,97,27.8,1.0,3.9,0.0,0
2025-07-10T06:00,2025-07-10,6,Thursday,7,0,24.9,95,30.6,0.1,2.9,13.0,1
2025-07-10T07:00,2025-07-10,7,Thursday,7,0,25.4,91,30.4,0.1,6.5,45.0,1
2025-07-10T08:00,2025-07-10,8,Thursday,7,0,25.8,89,30.8,0.1,6.6,76.0,1
2025-07-10T09:00,2025-07-10,9,Thursday,7,0,27.2,81,32.1,0.1,7.6,263.0,1
2025-07-10T10:00,2025-07-10,10,Thursday,7,0,28.9,74,33.7,0.1,7.7,439.0,1
2025-07-10T11:00,2025-07-10,11,Thursday,7,0,29.9,68,34.5,0.1,10.1,602.0,1
2025-07-10T12:00,2025-07-10,12,Thursday,7,0,27.6,77,33.0,2.4,1.2,309.0,1
2025-07-10T13:00,2025-07-10,13,Thursday,7,0,27.9,76,32.5,0.2,7.6,256.0,1
2025-07-10T14:00,2025-07-10,14,Thursday,7,0,28.5,75,33.5,0.8,5.4,437.0,1
2025-07-10T15:00,2025-07-10,15,Thursday,7,0,28.4,76,33.5,0.3,5.1,339.0,1
2025-07-10T16:00,2025-07-10,16,Thursday,7,0,29.1,74,34.3,0.0,6.2,376.0,1
2025-07-10T17:00,2025-07-10,17,Thursday,7,0,29.4,72,34.9,0.1,3.2,328.0,1
2025-07-10T18:00,2025-07-10,18,Thursday,7,0,29.0,69,33.5,0.1,6.0,178.0,1
2025-07-10T19:00,2025-07-10,19,Thursday,7,0,28.1,74,33.1,0.0,4.0,57.0,1
2025-07-10T20:00,2025-07-10,20,Thursday,7,0,27.0,79,31.9,0.0,4.0,2.0,0
2025-07-10T21:00,2025-07-10,21,Thursday,7,0,26.5,81,31.4,0.0,4.5,0.0,0
2025-07-10T22:00,2025-07-10,22,Thursday,7,0,25.8,85,30.8,0.0,3.7,0.0,0
2025-07-10T23:00,2025-07-10,23,Thursday,7,0,25.5,87,30.8,0.0,1.9,0.0,0
2025-07-11T00:00,2025-07-11,0,Friday,7,1,25.1,90,30.6,0.0,2.2,0.0,0
2025-07-11T01:00,2025-07-11,1,Friday,7,1,24.7,93,30.2,0.0,2.0,0.0,0
2025-07-11T02:00,2025-07-11,2,Friday,7,1,24.3,94,29.7,0.0,2.1,0.0,0
2025-07-11T03:00,2025-07-11,3,Friday,7,1,24.2,93,29.6,0.0,0.7,0.0,0
2025-07-11T04:00,2025-07-11,4,Friday,7,1,23.9,93,28.7,0.7,3.2,0.0,0
2025-07-11T05:00,2025-07-11,5,Friday,7,1,23.1,93,26.7,1.3,8.8,0.0,0
2025-07-11T06:00,2025-07-11,6,Friday,7,1,25.0,90,30.1,0.1,4.0,17.0,1
2025-07-11T07:00,2025-07-11,7,Friday,7,1,26.0,81,30.8,0.0,3.6,131.0,1
2025-07-11T08:00,2025-07-11,8,Friday,7,1,27.1,76,32.2,0.0,1.0,275.0,1
2025-07-11T09:00,2025-07-11,9,Friday,7,1,28.5,71,33.5,0.0,3.3,462.0,1
2025-07-11T10:00,2025-07-11,10,Friday,7,1,29.8,66,34.9,0.0,3.6,602.0,1
2025-07-11T11:00,2025-07-11,11,Friday,7,1,30.8,62,36.6,0.0,4.5,735.0,1
2025-07-11T12:00,2025-07-11,12,Friday,7,1,31.6,59,37.6,0.0,5.7,803.0,1
2025-07-11T13:00,2025-07-11,13,Friday,7,1,32.2,56,38.2,0.0,6.2,827.0,1
2025-07-11T14:00,2025-07-11,14,Friday,7,1,32.5,55,38.4,0.0,4.0,772.0,1
2025-07-11T15:00,2025-07-11,15,Friday,7,1,32.7,54,37.6,0.0,5.8,672.0,1
2025-07-11T16:00,2025-07-11,16,Friday,7,1,32.4,54,36.7,0.0,4.4,493.0,1
2025-07-11T17:00,2025-07-11,17,Friday,7,1,32.0,56,36.6,0.0,2.5,327.0,1
2025-07-11T18:00,2025-07-11,18,Friday,7,1,26.2,83,30.8,0.2,6.4,27.0,1
2025-07-11T19:00,2025-07-11,19,Friday,7,1,26.1,83,31.1,0.6,4.4,59.0,1
2025-07-11T20:00,2025-07-11,20,Friday,7,1,25.8,86,30.8,0.1,4.3,2.0,0
2025-07-11T21:00,2025-07-11,21,Friday,7,1,25.7,86,30.5,0.0,5.3,0.0,0
2025-07-11T22:00,2025-07-11,22,Friday,7,1,25.4,86,30.2,0.0,4.8,0.0,0
2025-07-11T23:00,2025-07-11,23,Friday,7,1,25.1,86,29.7,0.0,4.5,0.0,0
2025-07-12T00:00,2025-07-12,0,Saturday,7,1,24.8,86,29.2,0.0,4.1,0.0,0
2025-07-12T01:00,2025-07-12,1,Saturday,7,1,24.0,85,27.6,1.6,6.9,0.0,0
2025-07-12T02:00,2025-07-12,2,Saturday,7,1,23.7,88,28.0,0.0,2.6,0.0,0
2025-07-12T03:00,2025-07-12,3,Saturday,7,1,22.2,92,24.9,3.1,11.1,0.0,0
2025-07-12T04:00,2025-07-12,4,Saturday,7,1,22.6,88,26.3,0.2,2.6,0.0,0
2025-07-12T05:00,2025-07-12,5,Saturday,7,1,22.5,90,26.1,0.1,4.9,0.0,0
2025-07-12T06:00,2025-07-12,6,Saturday,7,1,24.0,81,27.1,0.0,7.0,16.0,1
2025-07-12T07:00,2025-07-12,7,Saturday,7,1,25.6,78,30.1,0.1,1.1,130.0,1
2025-07-12T08:00,2025-07-12,8,Saturday,7,1,27.4,73,31.8,0.0,3.6,301.0,1
2025-07-12T09:00,2025-07-12,9,Saturday,7,1,29.2,64,33.5,0.0,3.7,483.0,1
2025-07-12T10:00,2025-07-12,10,Saturday,7,1,31.0,57,35.8,0.0,3.6,641.0,1
2025-07-12T11:00,2025-07-12,11,Saturday,7,1,32.0,55,37.4,0.0,4.7,744.0,1
2025-07-12T12:00,2025-07-12,12,Saturday,7,1,32.7,54,38.7,0.0,4.6,802.0,1
2025-07-12T13:00,2025-07-12,13,Saturday,7,1,33.2,53,39.5,0.0,3.7,819.0,1
2025-07-12T14:00,2025-07-12,14,Saturday,7,1,33.8,51,40.1,0.0,1.5,788.0,1
2025-07-12T15:00,2025-07-12,15,Saturday,7,1,34.0,50,39.2,0.0,4.2,680.0,1
2025-07-12T16:00,2025-07-12,16,Saturday,7,1,34.0,50,38.2,0.0,4.2,539.0,1
2025-07-12T17:00,2025-07-12,17,Saturday,7,1,33.5,51,37.7,0.0,4.2,378.0,1
2025-07-12T18:00,2025-07-12,18,Saturday,7,1,32.9,61,38.7,0.0,3.6,204.0,1
2025-07-12T19:00,2025-07-12,19,Saturday,7,1,31.0,67,36.5,0.0,3.6,63.0,1
2025-07-12T20:00,2025-07-12,20,Saturday,7,1,29.8,65,34.1,0.0,6.1,2.0,0
2025-07-12T21:00,2025-07-12,21,Saturday,7,1,28.8,69,33.0,0.0,6.3,0.0,0
2025-07-12T22:00,2025-07-12,22,Saturday,7,1,27.5,74,32.0,0.0,5.2,0.0,0
2025-07-12T23:00,2025-07-12,23,Saturday,7,1,26.7,78,31.3,0.0,4.1,0.0,0
2025-07-13T00:00,2025-07-13,0,Sunday,7,1,26.3,80,31.1,0.0,3.0,0.0,0
2025-07-13T01:00,2025-07-13,1,Sunday,7,1,26.0,81,30.7,0.0,2.7,0.0,0
2025-07-13T02:00,2025-07-13,2,Sunday,7,1,25.9,80,30.4,0.0,3.1,0.0,0
2025-07-13T03:00,2025-07-13,3,Sunday,7,1,25.6,79,29.9,0.0,3.3,0.0,0
2025-07-13T04:00,2025-07-13,4,Sunday,7,1,25.0,83,29.2,0.0,3.9,0.0,0
2025-07-13T05:00,2025-07-13,5,Sunday,7,1,24.2,88,28.8,0.0,3.2,0.0,0
2025-07-13T06:00,2025-07-13,6,Sunday,7,1,26.5,84,31.6,0.0,4.2,23.0,1
2025-07-13T07:00,2025-07-13,7,Sunday,7,1,28.0,80,33.8,0.0,3.5,134.0,1
2025-07-13T08:00,2025-07-13,8,Sunday,7,1,30.0,68,35.4,0.0,2.7,301.0,1
2025-07-13T09:00,2025-07-13,9,Sunday,7,1,31.5,64,36.8,0.0,4.3,471.0,1
2025-07-13T10:00,2025-07-13,10,Sunday,7,1,32.7,59,38.4,0.0,4.0,621.0,1
2025-07-13T11:00,2025-07-13,11,Sunday,7,1,33.3,56,39.4,0.0,3.8,686.0,1
2025-07-13T12:00,2025-07-13,12,Sunday,7,1,33.8,54,40.1,0.0,5.3,772.0,1
2025-07-13T13:00,2025-07-13,13,Sunday,7,1,32.8,58,38.2,0.6,11.7,781.0,1
2025-07-13T14:00,2025-07-13,14,Sunday,7,1,30.5,67,35.9,1.2,5.0,599.0,1
2025-07-13T15:00,2025-07-13,15,Sunday,7,1,31.7,62,36.9,0.0,5.5,573.0,1
2025-07-13T16:00,2025-07-13,16,Sunday,7,1,32.0,61,37.1,0.0,5.4,442.0,1
2025-07-13T17:00,2025-07-13,17,Sunday,7,1,27.0,79,31.3,3.3,9.3,338.0,1
2025-07-13T18:00,2025-07-13,18,Sunday,7,1,27.5,81,32.3,0.4,8.0,145.0,1
2025-07-13T19:00,2025-07-13,19,Sunday,7,1,27.5,82,33.3,0.1,3.4,57.0,1
2025-07-13T20:00,2025-07-13,20,Sunday,7,1,27.3,83,33.3,0.0,1.1,2.0,0
2025-07-13T21:00,2025-07-13,21,Sunday,7,1,26.5,89,32.4,0.0,3.4,0.0,0
2025-07-13T22:00,2025-07-13,22,Sunday,7,1,25.5,94,31.7,0.0,2.2,0.0,0
2025-07-13T23:00,2025-07-13,23,Sunday,7,1,25.2,94,31.0,0.0,3.2,0.0,0
2025-07-14T00:00,2025-07-14,0,Monday,7,0,24.9,94,30.2,0.0,4.3,0.0,0
2025-07-14T01:00,2025-07-14,1,Monday,7,0,24.5,94,29.7,0.0,4.2,0.0,0
2025-07-14T02:00,2025-07-14,2,Monday,7,0,24.1,94,28.9,0.0,4.9,0.0,0
2025-07-14T03:00,2025-07-14,3,Monday,7,0,24.0,93,28.7,0.0,4.2,0.0,0
2025-07-14T04:00,2025-07-14,4,Monday,7,0,23.8,91,28.1,0.0,5.7,0.0,0
2025-07-14T05:00,2025-07-14,5,Monday,7,0,23.7,89,27.8,0.0,4.4,0.0,0
2025-07-14T06:00,2025-07-14,6,Monday,7,0,23.3,88,26.6,1.8,8.6,2.0,1
2025-07-14T07:00,2025-07-14,7,Monday,7,0,23.9,89,28.6,0.6,0.7,98.0,1
2025-07-14T08:00,2025-07-14,8,Monday,7,0,25.1,84,30.1,0.1,0.8,277.0,1
2025-07-14T09:00,2025-07-14,9,Monday,7,0,27.1,75,31.7,0.0,3.4,426.0,1
2025-07-14T10:00,2025-07-14,10,Monday,7,0,29.2,65,34.1,0.0,2.6,590.0,1
2025-07-14T11:00,2025-07-14,11,Monday,7,0,30.4,62,35.4,0.0,1.1,528.0,1
2025-07-14T12:00,2025-07-14,12,Monday,7,0,30.3,64,35.1,0.0,3.8,321.0,1
2025-07-14T13:00,2025-07-14,13,Monday,7,0,31.7,61,37.6,0.0,2.9,654.0,1
2025-07-14T14:00,2025-07-14,14,Monday,7,0,31.8,60,37.2,0.0,0.7,498.0,1
2025-07-14T15:00,2025-07-14,15,Monday,7,0,32.3,58,37.4,0.0,1.9,541.0,1
2025-07-14T16:00,2025-07-14,16,Monday,7,0,32.2,55,36.9,0.0,1.5,425.0,1
2025-07-14T17:00,2025-07-14,17,Monday,7,0,32.1,55,36.4,0.0,4.2,353.0,1
2025-07-14T18:00,2025-07-14,18,Monday,7,0,29.1,64,33.1,0.0,4.2,129.0,1
2025-07-14T19:00,2025-07-14,19,Monday,7,0,28.1,74,33.6,0.0,1.0,23.0,1
2025-07-14T20:00,2025-07-14,20,Monday,7,0,27.6,74,32.8,0.0,0.6,1.0,0
2025-07-14T21:00,2025-07-14,21,Monday,7,0,27.1,77,32.1,0.0,2.3,0.0,0
2025-07-14T22:00,2025-07-14,22,Monday,7,0,26.8,81,32.0,0.0,2.8,0.0,0
2025-07-14T23:00,2025-07-14,23,Monday,7,0,26.6,83,32.2,0.0,1.9,0.0,0
2025-07-15T00:00,2025-07-15,0,Tuesday,7,0,26.4,84,31.9,0.0,1.5,0.0,0
2025-07-15T01:00,2025-07-15,1,Tuesday,7,0,26.2,84,31.2,0.0,5.1,0.0,0
2025-07-15T02:00,2025-07-15,2,Tuesday,7,0,25.8,86,31.1,0.0,2.7,0.0,0
2025-07-15T03:00,2025-07-15,3,Tuesday,7,0,25.6,87,30.9,0.0,3.1,0.0,0
2025-07-15T04:00,2025-07-15,4,Tuesday,7,0,25.6,88,31.2,0.0,1.3,0.0,0
2025-07-15T05:00,2025-07-15,5,Tuesday,7,0,25.5,87,30.9,0.0,1.8,0.0,0
2025-07-15T06:00,2025-07-15,6,Tuesday,7,0,26.2,85,31.4,0.0,4.0,20.0,1
2025-07-15T07:00,2025-07-15,7,Tuesday,7,0,27.0,78,31.6,0.0,5.6,95.0,1
2025-07-15T08:00,2025-07-15,8,Tuesday,7,0,27.4,76,32.2,0.0,4.1,119.0,1
2025-07-15T09:00,2025-07-15,9,Tuesday,7,0,28.1,74,33.4,0.0,1.3,216.0,1
2025-07-15T10:00,2025-07-15,10,Tuesday,7,0,29.3,70,34.8,0.0,1.6,325.0,1
2025-07-15T11:00,2025-07-15,11,Tuesday,7,0,30.0,67,34.5,0.0,8.1,341.0,1
2025-07-15T12:00,2025-07-15,12,Tuesday,7,0,28.7,72,32.3,0.9,13.8,331.0,1
2025-07-15T13:00,2025-07-15,13,Tuesday,7,0,27.6,80,32.3,0.8,9.4,389.0,1
2025-07-15T14:00,2025-07-15,14,Tuesday,7,0,26.4,85,31.4,0.8,6.1,139.0,1
2025-07-15T15:00,2025-07-15,15,Tuesday,7,0,26.5,83,31.0,0.4,8.1,178.0,1
2025-07-15T16:00,2025-07-15,16,Tuesday,7,0,29.0,71,34.1,0.0,4.3,473.0,1
2025-07-15T17:00,2025-07-15,17,Tuesday,7,0,29.9,70,35.2,0.0,4.5,334.0,1
2025-07-15T18:00,2025-07-15,18,Tuesday,7,0,28.3,77,33.9,0.0,2.3,91.0,1
2025-07-15T19:00,2025-07-15,19,Tuesday,7,0,27.7,81,33.2,0.1,4.7,24.0,1
2025-07-15T20:00,2025-07-15,20,Tuesday,7,0,27.0,84,32.8,0.0,2.6,0.0,0
2025-07-15T21:00,2025-07-15,21,Tuesday,7,0,26.8,81,31.9,0.0,3.8,0.0,0
2025-07-15T22:00,2025-07-15,22,Tuesday,7,0,26.5,83,31.7,0.0,3.3,0.0,0
2025-07-15T23:00,2025-07-15,23,Tuesday,7,0,26.2,82,31.0,0.0,4.4,0.0,0
2025-07-16T00:00,2025-07-16,0,Wednesday,7,0,26.0,84,30.9,0.0,3.6,0.0,0
2025-07-16T01:00,2025-07-16,1,Wednesday,7,0,25.8,84,30.7,0.0,2.4,0.0,0
2025-07-16T02:00,2025-07-16,2,Wednesday,7,0,25.8,81,30.1,0.0,5.5,0.0,0
2025-07-16T03:00,2025-07-16,3,Wednesday,7,0,25.6,82,30.0,0.0,4.8,0.0,0
2025-07-16T04:00,2025-07-16,4,Wednesday,7,0,25.8,78,29.4,0.0,7.3,0.0,0
2025-07-16T05:00,2025-07-16,5,Wednesday,7,0,25.4,75,28.8,0.0,4.9,0.0,0
2025-07-16T06:00,2025-07-16,6,Wednesday,7,0,24.6,92,29.9,0.4,2.2,7.0,1
2025-07-16T07:00,2025-07-16,7,Wednesday,7,0,24.6,93,29.9,1.9,3.3,17.0,1
2025-07-16T08:00,2025-07-16,8,Wednesday,7,0,25.1,88,29.7,1.3,5.7,102.0,1
2025-07-16T09:00,2025-07-16,9,Wednesday,7,0,26.3,85,31.5,0.2,4.6,144.0,1
2025-07-16T10:00,2025-07-16,10,Wednesday,7,0,26.2,89,31.4,2.2,7.3,118.0,1
2025-07-16T11:00,2025-07-16,11,Wednesday,7,0,26.0,88,30.7,4.0,9.0,102.0,1
2025-07-16T12:00,2025-07-16,12,Wednesday,7,0,25.0,90,29.4,5.2,9.0,96.0,1
2025-07-16T13:00,2025-07-16,13,Wednesday,7,0,26.3,86,31.1,4.6,7.7,164.0,1
2025-07-16T14:00,2025-07-16,14,Wednesday,7,0,25.8,89,30.4,5.9,8.7,103.0,1
2025-07-16T15:00,2025-07-16,15,Wednesday,7,0,26.0,87,30.7,4.7,8.7,103.0,1
2025-07-16T16:00,2025-07-16,16,Wednesday,7,0,26.6,79,30.5,0.5,10.6,83.0,1
2025-07-16T17:00,2025-07-16,17,Wednesday,7,0,26.4,82,31.3,0.0,4.6,32.0,1
2025-07-16T18:00,2025-07-16,18,Wednesday,7,0,27.6,74,32.0,0.0,5.9,156.0,1
2025-07-16T19:00,2025-07-16,19,Wednesday,7,0,26.2,86,31.7,2.2,2.6,28.0,1
2025-07-16T20:00,2025-07-16,20,Wednesday,7,0,24.6,90,28.9,6.4,7.8,0.0,0
2025-07-16T21:00,2025-07-16,21,Wednesday,7,0,24.0,88,27.7,9.2,7.9,0.0,0
2025-07-16T22:00,2025-07-16,22,Wednesday,7,0,24.0,91,27.9,8.4,8.3,0.0,0
2025-07-16T23:00,2025-07-16,23,Wednesday,7,0,23.9,90,27.5,2.2,10.0,0.0,0
2025-07-17T00:00,2025-07-17,0,Thursday,7,0,23.8,89,26.8,1.2,12.7,0.0,0
2025-07-17T01:00,2025-07-17,1,Thursday,7,0,24.0,88,27.0,0.9,12.4,0.0,0
2025-07-17T02:00,2025-07-17,2,Thursday,7,0,23.7,90,27.5,1.1,7.6,0.0,0
2025-07-17T03:00,2025-07-17,3,Thursday,7,0,23.5,91,26.8,4.2,11.0,0.0,0
2025-07-17T04:00,2025-07-17,4,Thursday,7,0,23.6,90,27.0,4.8,9.4,0.0,0
2025-07-17T05:00,2025-07-17,5,Thursday,7,0,23.6,89,27.0,1.4,9.7,0.0,0
2025-07-17T06:00,2025-07-17,6,Thursday,7,0,23.8,90,27.2,8.1,10.8,2.0,1
2025-07-17T07:00,2025-07-17,7,Thursday,7,0,23.8,89,27.1,13.6,10.9,4.0,1
2025-07-17T08:00,2025-07-17,8,Thursday,7,0,23.6,89,26.9,9.7,10.1,14.0,1
2025-07-17T09:00,2025-07-17,9,Thursday,7,0,24.0,90,28.3,3.2,5.2,42.0,1
2025-07-17T10:00,2025-07-17,10,Thursday,7,0,24.6,89,29.1,4.3,5.5,105.0,1
2025-07-17T11:00,2025-07-17,11,Thursday,7,0,25.9,84,29.9,2.5,9.6,242.0,1
2025-07-17T12:00,2025-07-17,12,Thursday,7,0,29.0,68,32.8,0.2,9.7,506.0,1
2025-07-17T13:00,2025-07-17,13,Thursday,7,0,29.8,68,34.2,2.1,8.7,558.0,1
2025-07-17T14:00,2025-07-17,14,Thursday,7,0,28.4,81,33.6,10.1,9.3,232.0,1
2025-07-17T15:00,2025-07-17,15,Thursday,7,0,30.1,70,35.1,0.1,8.6,562.0,1
2025-07-17T16:00,2025-07-17,16,Thursday,7,0,26.8,84,31.9,0.9,5.5,329.0,1
2025-07-17T17:00,2025-07-17,17,Thursday,7,0,27.6,80,32.1,0.2,10.8,294.0,1
2025-07-17T18:00,2025-07-17,18,Thursday,7,0,27.8,82,33.7,0.4,2.5,107.0,1
2025-07-17T19:00,2025-07-17,19,Thursday,7,0,26.3,93,32.4,0.5,4.4,34.0,1
2025-07-17T20:00,2025-07-17,20,Thursday,7,0,26.1,90,31.5,0.1,7.4,1.0,0
2025-07-17T21:00,2025-07-17,21,Thursday,7,0,26.0,90,31.6,0.0,4.6,0.0,0
2025-07-17T22:00,2025-07-17,22,Thursday,7,0,25.5,92,31.2,0.0,3.3,0.0,0
2025-07-17T23:00,2025-07-17,23,Thursday,7,0,25.5,90,31.1,0.0,1.9,0.0,0
2025-07-18T00:00,2025-07-18,0,Friday,7,1,25.0,91,30.4,0.0,3.2,0.0,0
2025-07-18T01:00,2025-07-18,1,Friday,7,1,24.7,92,30.0,0.0,2.8,0.0,0
2025-07-18T02:00,2025-07-18,2,Friday,7,1,24.4,94,29.6,0.0,3.2,0.0,0
2025-07-18T03:00,2025-07-18,3,Friday,7,1,24.3,94,29.3,0.0,4.2,0.0,0
2025-07-18T04:00,2025-07-18,4,Friday,7,1,24.0,93,29.2,0.0,1.5,0.0,0
2025-07-18T05:00,2025-07-18,5,Friday,7,1,24.0,93,29.2,0.0,1.5,0.0,0
2025-07-18T06:00,2025-07-18,6,Friday,7,1,25.1,90,30.7,0.0,0.7,18.0,1
2025-07-18T07:00,2025-07-18,7,Friday,7,1,26.1,87,31.8,0.0,1.6,113.0,1
2025-07-18T08:00,2025-07-18,8,Friday,7,1,27.6,80,33.5,0.0,0.9,274.0,1
2025-07-18T09:00,2025-07-18,9,Friday,7,1,29.1,72,34.8,0.0,1.0,443.0,1
2025-07-18T10:00,2025-07-18,10,Friday,7,1,30.5,67,36.7,0.0,0.7,611.0,1
2025-07-18T11:00,2025-07-18,11,Friday,7,1,31.6,62,38.2,0.0,2.0,715.0,1
2025-07-18T12:00,2025-07-18,12,Friday,7,1,32.3,59,38.7,0.0,5.6,799.0,1
2025-07-18T13:00,2025-07-18,13,Friday,7,1,32.9,55,38.6,0.0,6.8,783.0,1
2025-07-18T14:00,2025-07-18,14,Friday,7,1,32.9,54,38.1,0.1,6.7,709.0,1
2025-07-18T15:00,2025-07-18,15,Friday,7,1,32.7,56,37.7,0.1,5.4,630.0,1
2025-07-18T16:00,2025-07-18,16,Friday,7,1,32.4,57,37.2,0.1,4.5,489.0,1
2025-07-18T17:00,2025-07-18,17,Friday,7,1,31.9,60,36.8,0.0,3.9,355.0,1
2025-07-18T18:00,2025-07-18,18,Friday,7,1,30.5,68,35.6,0.0,5.3,180.0,1
2025-07-18T19:00,2025-07-18,19,Friday,7,1,29.0,76,35.0,0.0,3.1,56.0,1
2025-07-18T20:00,2025-07-18,20,Friday,7,1,28.5,78,34.7,0.0,0.7,1.0,0
2025-07-18T21:00,2025-07-18,21,Friday,7,1,28.6,76,34.6,0.0,0.3,0.0,0
2025-07-18T22:00,2025-07-18,22,Friday,7,1,28.2,77,34.2,0.0,0.4,0.0,0
2025-07-18T23:00,2025-07-18,23,Friday,7,1,27.2,80,32.6,0.0,2.3,0.0,0
2025-07-19T00:00,2025-07-19,0,Saturday,7,1,26.6,82,32.1,0.0,0.9,0.0,0
2025-07-19T01:00,2025-07-19,1,Saturday,7,1,26.0,85,31.4,0.0,1.2,0.0,0
2025-07-19T02:00,2025-07-19,2,Saturday,7,1,25.1,89,30.4,0.0,2.3,0.0,0
2025-07-19T03:00,2025-07-19,3,Saturday,7,1,24.7,91,29.9,0.0,2.4,0.0,0
2025-07-19T04:00,2025-07-19,4,Saturday,7,1,24.4,93,29.5,0.0,3.2,0.0,0
2025-07-19T05:00,2025-07-19,5,Saturday,7,1,24.0,95,29.2,0.0,2.3,0.0,0
2025-07-19T06:00,2025-07-19,6,Saturday,7,1,25.5,90,30.7,0.0,3.9,20.0,1
2025-07-19T07:00,2025-07-19,7,Saturday,7,1,27.1,85,33.4,0.0,1.1,125.0,1
2025-07-19T08:00,2025-07-19,8,Saturday,7,1,29.0,76,35.1,0.0,0.4,286.0,1
2025-07-19T09:00,2025-07-19,9,Saturday,7,1,30.5,71,36.6,0.0,2.1,459.0,1
2025-07-19T10:00,2025-07-19,10,Saturday,7,1,31.7,66,38.2,0.0,2.3,622.0,1
2025-07-19T11:00,2025-07-19,11,Saturday,7,1,32.7,62,39.8,0.0,2.7,714.0,1
2025-07-19T12:00,2025-07-19,12,Saturday,7,1,33.6,58,40.9,0.0,3.2,790.0,1
2025-07-19T13:00,2025-07-19,13,Saturday,7,1,34.0,56,41.2,0.0,3.6,809.0,1
2025-07-19T14:00,2025-07-19,14,Saturday,7,1,34.5,53,41.5,0.0,2.3,755.0,1
2025-07-19T15:00,2025-07-19,15,Saturday,7,1,34.8,52,41.0,0.0,2.2,653.0,1
2025-07-19T16:00,2025-07-19,16,Saturday,7,1,34.5,53,40.0,0.0,2.1,528.0,1
2025-07-19T17:00,2025-07-19,17,Saturday,7,1,33.9,55,39.3,0.0,3.6,365.0,1
2025-07-19T18:00,2025-07-19,18,Saturday,7,1,33.2,69,40.9,0.0,2.1,190.0,1
2025-07-19T19:00,2025-07-19,19,Saturday,7,1,32.2,69,39.4,0.0,0.7,56.0,1
2025-07-19T20:00,2025-07-19,20,Saturday,7,1,30.9,72,37.6,0.0,1.5,1.0,0
2025-07-19T21:00,2025-07-19,21,Saturday,7,1,29.4,78,35.6,0.0,4.4,0.0,0
2025-07-19T22:00,2025-07-19,22,Saturday,7,1,28.4,84,34.8,0.0,3.5,0.0,0
2025-07-19T23:00,2025-07-19,23,Saturday,7,1,27.9,86,34.3,0.0,3.9,0.0,0
2025-07-20T00:00,2025-07-20,0,Sunday,7,1,27.6,86,33.8,0.0,4.5,0.0,0
2025-07-20T01:00,2025-07-20,1,Sunday,7,1,27.5,85,33.4,0.0,4.6,0.0,0
2025-07-20T02:00,2025-07-20,2,Sunday,7,1,27.3,85,33.1,0.0,4.5,0.0,0
2025-07-20T03:00,2025-07-20,3,Sunday,7,1,27.4,83,32.7,0.0,5.7,0.0,0
2025-07-20T04:00,2025-07-20,4,Sunday,7,1,27.4,81,32.6,0.1,6.1,0.0,0
2025-07-20T05:00,2025-07-20,5,Sunday,7,1,27.3,82,32.8,0.1,4.0,0.0,0
2025-07-20T06:00,2025-07-20,6,Sunday,7,1,27.0,87,32.7,0.0,6.7,14.0,1
2025-07-20T07:00,2025-07-20,7,Sunday,7,1,27.3,85,32.6,0.0,8.0,101.0,1
2025-07-20T08:00,2025-07-20,8,Sunday,7,1,28.6,78,34.1,0.1,5.9,212.0,1
2025-07-20T09:00,2025-07-20,9,Sunday,7,1,30.1,72,36.0,0.0,3.6,397.0,1
2025-07-20T10:00,2025-07-20,10,Sunday,7,1,31.5,68,38.1,0.0,2.4,592.0,1
2025-07-20T11:00,2025-07-20,11,Sunday,7,1,32.6,64,39.8,0.0,4.5,728.0,1
2025-07-20T12:00,2025-07-20,12,Sunday,7,1,33.2,61,40.1,0.1,5.6,719.0,1
2025-07-20T13:00,2025-07-20,13,Sunday,7,1,34.0,59,40.9,0.0,4.4,706.0,1
2025-07-20T14:00,2025-07-20,14,Sunday,7,1,34.5,57,41.6,0.0,4.3,718.0,1
2025-07-20T15:00,2025-07-20,15,Sunday,7,1,34.8,56,41.7,0.0,2.4,640.0,1
2025-07-20T16:00,2025-07-20,16,Sunday,7,1,34.8,56,41.0,0.0,2.1,520.0,1
2025-07-20T17:00,2025-07-20,17,Sunday,7,1,34.8,56,41.1,0.0,1.0,350.0,1
2025-07-20T18:00,2025-07-20,18,Sunday,7,1,32.8,67,38.1,0.0,12.3,177.0,1
2025-07-20T19:00,2025-07-20,19,Sunday,7,1,31.0,73,37.0,0.0,7.4,52.0,1
2025-07-20T20:00,2025-07-20,20,Sunday,7,1,30.4,76,36.6,0.0,7.4,1.0,0
2025-07-20T21:00,2025-07-20,21,Sunday,7,1,30.1,76,36.0,0.0,8.2,0.0,0
2025-07-20T22:00,2025-07-20,22,Sunday,7,1,29.4,77,34.2,0.0,12.3,0.0,0
2025-07-20T23:00,2025-07-20,23,Sunday,7,1,28.3,79,33.0,0.1,10.6,0.0,0
2025-07-21T00:00,2025-07-21,0,Monday,7,0,26.6,86,31.3,0.9,10.4,0.0,0
2025-07-21T01:00,2025-07-21,1,Monday,7,0,26.3,89,31.2,0.7,9.4,0.0,0
2025-07-21T02:00,2025-07-21,2,Monday,7,0,26.0,90,31.8,1.9,2.8,0.0,0
2025-07-21T03:00,2025-07-21,3,Monday,7,0,25.6,93,31.2,1.0,4.7,0.0,0
2025-07-21T04:00,2025-07-21,4,Monday,7,0,25.6,93,31.5,0.7,4.0,0.0,0
2025-07-21T05:00,2025-07-21,5,Monday,7,0,25.9,91,31.8,0.2,3.1,0.0,0
2025-07-21T06:00,2025-07-21,6,Monday,7,0,25.9,97,32.1,1.4,4.8,17.0,1
2025-07-21T07:00,2025-07-21,7,Monday,7,0,25.5,97,31.2,2.8,7.6,51.0,1
2025-07-21T08:00,2025-07-21,8,Monday,7,0,26.2,90,32.2,1.3,2.5,142.0,1
2025-07-21T09:00,2025-07-21,9,Monday,7,0,26.9,88,33.0,0.5,2.4,208.0,1
2025-07-21T10:00,2025-07-21,10,Monday,7,0,28.4,83,34.8,0.9,3.4,450.0,1
2025-07-21T11:00,2025-07-21,11,Monday,7,0,30.0,76,36.6,0.1,3.1,511.0,1
2025-07-21T12:00,2025-07-21,12,Monday,7,0,31.5,73,39.6,0.0,4.5,757.0,1
2025-07-21T13:00,2025-07-21,13,Monday,7,0,31.9,72,40.1,0.0,2.6,722.0,1
2025-07-21T14:00,2025-07-21,14,Monday,7,0,32.6,69,40.3,0.0,2.6,632.0,1
2025-07-21T15:00,2025-07-21,15,Monday,7,0,31.2,73,37.2,4.6,8.8,508.0,1
2025-07-21T16:00,2025-07-21,16,Monday,7,0,27.8,88,33.8,6.3,8.2,215.0,1
2025-07-21T17:00,2025-07-21,17,Monday,7,0,28.7,82,34.4,0.1,9.0,266.0,1
2025-07-21T18:00,2025-07-21,18,Monday,7,0,29.4,82,35.4,0.1,9.0,129.0,1
2025-07-21T19:00,2025-07-21,19,Monday,7,0,28.9,80,34.1,0.1,10.5,40.0,1
2025-07-21T20:00,2025-07-21,20,Monday,7,0,26.9,89,32.4,1.0,8.0,1.0,0
2025-07-21T21:00,2025-07-21,21,Monday,7,0,26.5,88,31.8,0.3,7.5,0.0,0
2025-07-21T22:00,2025-07-21,22,Monday,7,0,26.1,90,31.5,0.0,6.4,0.0,0
2025-07-21T23:00,2025-07-21,23,Monday,7,0,25.5,94,31.0,2.8,5.6,0.0,0
2025-07-22T00:00,2025-07-22,0,Tuesday,7,0,25.1,95,30.6,10.5,5.5,0.0,0
2025-07-22T01:00,2025-07-22,1,Tuesday,7,0,25.0,94,30.4,7.0,5.7,0.0,0
2025-07-22T02:00,2025-07-22,2,Tuesday,7,0,25.1,94,30.2,3.3,6.9,0.0,0
2025-07-22T03:00,2025-07-22,3,Tuesday,7,0,25.1,94,30.6,5.2,4.5,0.0,0
2025-07-22T04:00,2025-07-22,4,Tuesday,7,0,25.2,91,30.5,1.0,4.5,0.0,0
2025-07-22T05:00,2025-07-22,5,Tuesday,7,0,25.2,94,30.9,0.2,3.5,0.0,0
2025-07-22T06:00,2025-07-22,6,Tuesday,7,0,25.0,94,30.3,0.3,6.2,14.0,1
2025-07-22T07:00,2025-07-22,7,Tuesday,7,0,25.0,94,30.2,2.1,6.4,51.0,1
2025-07-22T08:00,2025-07-22,8,Tuesday,7,0,25.4,93,30.2,3.3,9.4,144.0,1
2025-07-22T09:00,2025-07-22,9,Tuesday,7,0,25.4,94,30.5,10.8,8.0,99.0,1
2025-07-22T10:00,2025-07-22,10,Tuesday,7,0,26.4,89,31.5,1.9,9.2,406.0,1
2025-07-22T11:00,2025-07-22,11,Tuesday,7,0,27.5,80,32.0,0.7,10.5,302.0,1
2025-07-22T12:00,2025-07-22,12,Tuesday,7,0,28.1,78,33.0,2.0,8.2,293.0,1
2025-07-22T13:00,2025-07-22,13,Tuesday,7,0,29.9,69,34.4,0.1,10.0,564.0,1
2025-07-22T14:00,2025-07-22,14,Tuesday,7,0,30.4,67,35.0,0.1,8.7,499.0,1
2025-07-22T15:00,2025-07-22,15,Tuesday,7,0,31.2,65,35.9,0.0,9.9,583.0,1
2025-07-22T16:00,2025-07-22,16,Tuesday,7,0,31.1,65,35.9,0.0,8.9,501.0,1
2025-07-22T17:00,2025-07-22,17,Tuesday,7,0,31.0,67,36.3,0.0,5.5,326.0,1
2025-07-22T18:00,2025-07-22,18,Tuesday,7,0,28.9,71,33.4,0.0,7.3,174.0,1
2025-07-22T19:00,2025-07-22,19,Tuesday,7,0,27.5,80,32.8,0.0,3.7,54.0,1
2025-07-22T20:00,2025-07-22,20,Tuesday,7,0,26.8,82,32.2,0.0,1.7,1.0,0
2025-07-22T21:00,2025-07-22,21,Tuesday,7,0,26.3,83,31.8,0.0,1.0,0.0,0
2025-07-22T22:00,2025-07-22,22,Tuesday,7,0,25.7,86,31.0,0.0,1.8,0.0,0
2025-07-22T23:00,2025-07-22,23,Tuesday,7,0,25.0,90,30.0,0.0,4.7,0.0,0
2025-07-23T00:00,2025-07-23,0,Wednesday,7,0,24.8,92,29.9,0.2,4.3,0.0,0
2025-07-23T01:00,2025-07-23,1,Wednesday,7,0,23.8,97,29.0,12.1,2.5,0.0,0
2025-07-23T02:00,2025-07-23,2,Wednesday,7,0,23.8,95,28.3,0.6,6.0,0.0,0
2025-07-23T03:00,2025-07-23,3,Wednesday,7,0,23.5,95,27.6,5.7,8.0,0.0,0
2025-07-23T04:00,2025-07-23,4,Wednesday,7,0,23.7,95,28.7,1.7,2.7,0.0,0
2025-07-23T05:00,2025-07-23,5,Wednesday,7,0,23.5,96,28.2,9.5,4.3,0.0,0
2025-07-23T06:00,2025-07-23,6,Wednesday,7,0,25.0,94,30.2,1.9,6.0,2.0,1
2025-07-23T07:00,2025-07-23,7,Wednesday,7,0,25.0,93,30.5,1.5,2.7,38.0,1
2025-07-23T08:00,2025-07-23,8,Wednesday,7,0,25.1,93,30.7,2.1,3.2,45.0,1
2025-07-23T09:00,2025-07-23,9,Wednesday,7,0,25.3,93,30.6,1.8,5.4,58.0,1
2025-07-23T10:00,2025-07-23,10,Wednesday,7,0,26.7,81,31.0,1.7,8.9,438.0,1
2025-07-23T11:00,2025-07-23,11,Wednesday,7,0,27.1,77,31.3,0.1,7.8,368.0,1
2025-07-23T12:00,2025-07-23,12,Wednesday,7,0,28.9,70,33.9,0.0,8.3,694.0,1
2025-07-23T13:00,2025-07-23,13,Wednesday,7,0,30.5,65,37.3,0.0,4.0,829.0,1
2025-07-23T14:00,2025-07-23,14,Wednesday,7,0,31.1,64,37.9,0.0,4.1,791.0,1
2025-07-23T15:00,2025-07-23,15,Wednesday,7,0,31.6,63,38.0,0.0,3.1,683.0,1
2025-07-23T16:00,2025-07-23,16,Wednesday,7,0,31.8,64,37.5,0.0,2.8,514.0,1
2025-07-23T17:00,2025-07-23,17,Wednesday,7,0,30.7,68,36.0,0.0,6.3,320.0,1
2025-07-23T18:00,2025-07-23,18,Wednesday,7,0,26.9,87,32.3,0.4,7.0,78.0,1
2025-07-23T19:00,2025-07-23,19,Wednesday,7,0,25.8,94,31.7,0.5,4.6,20.0,1
2025-07-23T20:00,2025-07-23,20,Wednesday,7,0,25.2,95,31.0,0.1,3.7,1.0,0
2025-07-23T21:00,2025-07-23,21,Wednesday,7,0,25.0,94,30.6,0.0,2.8,0.0,0
2025-07-23T22:00,2025-07-23,22,Wednesday,7,0,24.7,93,30.0,0.0,3.3,0.0,0
2025-07-23T23:00,2025-07-23,23,Wednesday,7,0,25.1,90,30.4,0.0,3.2,0.0,0
2025-07-24T00:00,2025-07-24,0,Thursday,7,0,25.5,87,30.9,0.0,1.1,0.0,0
2025-07-24T01:00,2025-07-24,1,Thursday,7,0,25.2,89,30.8,0.0,0.4,0.0,0
2025-07-24T02:00,2025-07-24,2,Thursday,7,0,24.7,91,29.9,0.0,2.4,0.0,0
2025-07-24T03:00,2025-07-24,3,Thursday,7,0,24.7,89,29.9,0.0,1.1,0.0,0
2025-07-24T04:00,2025-07-24,4,Thursday,7,0,24.3,92,29.5,0.0,1.5,0.0,0
2025-07-24T05:00,2025-07-24,5,Thursday,7,0,23.9,94,28.8,0.1,3.3,0.0,0
2025-07-24T06:00,2025-07-24,6,Thursday,7,0,25.2,90,30.5,0.0,3.1,15.0,1
2025-07-24T07:00,2025-07-24,7,Thursday,7,0,26.1,87,31.7,0.0,2.5,92.0,1
2025-07-24T08:00,2025-07-24,8,Thursday,7,0,27.0,84,32.6,0.0,3.7,199.0,1
2025-07-24T09:00,2025-07-24,9,Thursday,7,0,28.2,76,33.6,0.0,3.3,308.0,1
2025-07-24T10:00,2025-07-24,10,Thursday,7,0,29.9,67,35.2,0.0,3.3,596.0,1
2025-07-24T11:00,2025-07-24,11,Thursday,7,0,30.9,64,37.0,0.0,2.3,691.0,1
2025-07-24T12:00,2025-07-24,12,Thursday,7,0,31.7,62,38.9,0.0,1.2,770.0,1
2025-07-24T13:00,2025-07-24,13,Thursday,7,0,32.0,62,39.5,0.0,1.7,803.0,1
2025-07-24T14:00,2025-07-24,14,Thursday,7,0,32.3,61,39.6,0.0,0.9,756.0,1
2025-07-24T15:00,2025-07-24,15,Thursday,7,0,32.3,61,38.2,0.0,3.1,603.0,1
2025-07-24T16:00,2025-07-24,16,Thursday,7,0,32.2,62,38.0,0.0,1.3,504.0,1
2025-07-24T17:00,2025-07-24,17,Thursday,7,0,32.0,62,37.9,0.0,0.3,356.0,1
2025-07-24T18:00,2025-07-24,18,Thursday,7,0,30.0,72,36.3,0.0,0.8,190.0,1
2025-07-24T19:00,2025-07-24,19,Thursday,7,0,28.9,78,35.3,0.0,0.6,53.0,1
2025-07-24T20:00,2025-07-24,20,Thursday,7,0,27.8,81,34.0,0.0,0.8,1.0,0
2025-07-24T21:00,2025-07-24,21,Thursday,7,0,27.0,85,33.1,0.0,1.0,0.0,0
2025-07-24T22:00,2025-07-24,22,Thursday,7,0,26.4,87,32.6,0.0,0.2,0.0,0
2025-07-24T23:00,2025-07-24,23,Thursday,7,0,25.9,90,31.9,0.0,0.3,0.0,0
2025-07-25T00:00,2025-07-25,0,Friday,7,1,25.4,91,31.4,0.0,0.2,0.0,0
2025-07-25T01:00,2025-07-25,1,Friday,7,1,24.8,94,30.6,0.0,0.7,0.0,0
2025-07-25T02:00,2025-07-25,2,Friday,7,1,24.4,95,29.7,0.0,2.7,0.0,0
2025-07-25T03:00,2025-07-25,3,Friday,7,1,24.2,94,29.3,0.0,3.4,0.0,0
2025-07-25T04:00,2025-07-25,4,Friday,7,1,24.1,93,29.1,0.0,2.8,0.0,0
2025-07-25T05:00,2025-07-25,5,Friday,7,1,24.0,93,29.2,0.0,1.0,0.0,0
2025-07-25T06:00,2025-07-25,6,Friday,7,1,25.6,90,31.5,0.0,1.2,16.0,1
2025-07-25T07:00,2025-07-25,7,Friday,7,1,27.0,86,33.1,0.0,0.9,118.0,1
2025-07-25T08:00,2025-07-25,8,Friday,7,1,28.6,79,34.8,0.0,2.2,283.0,1
2025-07-25T09:00,2025-07-25,9,Friday,7,1,30.0,73,36.1,0.0,3.5,465.0,1
2025-07-25T10:00,2025-07-25,10,Friday,7,1,31.2,68,37.8,0.0,3.8,631.0,1
2025-07-25T11:00,2025-07-25,11,Friday,7,1,32.0,65,39.2,0.0,4.3,744.0,1
2025-07-25T12:00,2025-07-25,12,Friday,7,1,32.8,60,40.4,0.0,1.2,809.0,1
2025-07-25T13:00,2025-07-25,13,Friday,7,1,33.5,55,40.8,0.0,0.9,815.0,1
2025-07-25T14:00,2025-07-25,14,Friday,7,1,33.8,54,40.7,0.0,1.6,757.0,1
2025-07-25T15:00,2025-07-25,15,Friday,7,1,33.5,56,40.0,0.0,0.9,659.0,1
2025-07-25T16:00,2025-07-25,16,Friday,7,1,33.5,55,38.9,0.0,1.3,517.0,1
2025-07-25T17:00,2025-07-25,17,Friday,7,1,32.8,56,37.9,0.0,3.1,351.0,1
2025-07-25T18:00,2025-07-25,18,Friday,7,1,31.2,67,37.2,0.0,2.9,179.0,1
2025-07-25T19:00,2025-07-25,19,Friday,7,1,30.0,74,36.3,0.0,2.0,53.0,1
2025-07-25T20:00,2025-07-25,20,Friday,7,1,29.5,75,35.8,0.0,1.5,1.0,0
2025-07-25T21:00,2025-07-25,21,Friday,7,1,28.7,78,34.6,0.0,2.8,0.0,0
2025-07-25T22:00,2025-07-25,22,Friday,7,1,27.5,82,33.3,0.0,2.8,0.0,0
2025-07-25T23:00,2025-07-25,23,Friday,7,1,26.5,87,32.2,0.0,3.3,0.0,0
2025-07-26T00:00,2025-07-26,0,Saturday,7,1,25.9,90,31.3,0.0,5.1,0.0,0
2025-07-26T01:00,2025-07-26,1,Saturday,7,1,25.6,88,30.7,0.0,4.8,0.0,0
2025-07-26T02:00,2025-07-26,2,Saturday,7,1,25.3,88,30.4,0.0,3.4,0.0,0
2025-07-26T03:00,2025-07-26,3,Saturday,7,1,25.2,87,30.3,0.0,3.3,0.0,0
2025-07-26T04:00,2025-07-26,4,Saturday,7,1,25.1,87,30.1,0.0,3.1,0.0,0
2025-07-26T05:00,2025-07-26,5,Saturday,7,1,24.9,88,29.8,0.0,3.2,0.0,0
2025-07-26T06:00,2025-07-26,6,Saturday,7,1,27.0,81,32.4,0.0,3.3,15.0,1
2025-07-26T07:00,2025-07-26,7,Saturday,7,1,28.2,79,33.8,0.0,4.4,119.0,1
2025-07-26T08:00,2025-07-26,8,Saturday,7,1,30.1,72,36.3,0.0,1.5,284.0,1
2025-07-26T09:00,2025-07-26,9,Saturday,7,1,31.5,66,37.7,0.0,1.7,458.0,1
2025-07-26T10:00,2025-07-26,10,Saturday,7,1,32.5,64,39.1,0.0,3.1,617.0,1
2025-07-26T11:00,2025-07-26,11,Saturday,7,1,33.3,61,40.8,0.0,1.2,706.0,1
2025-07-26T12:00,2025-07-26,12,Saturday,7,1,34.3,57,42.1,0.0,2.2,777.0,1
2025-07-26T13:00,2025-07-26,13,Saturday,7,1,34.0,59,41.4,0.0,3.6,763.0,1
2025-07-26T14:00,2025-07-26,14,Saturday,7,1,34.3,58,42.1,0.0,1.7,745.0,1
2025-07-26T15:00,2025-07-26,15,Saturday,7,1,34.4,56,40.9,0.0,2.2,612.0,1
2025-07-26T16:00,2025-07-26,16,Saturday,7,1,34.4,56,40.2,0.0,3.4,520.0,1
2025-07-26T17:00,2025-07-26,17,Saturday,7,1,33.8,58,39.3,0.0,5.6,355.0,1
2025-07-26T18:00,2025-07-26,18,Saturday,7,1,32.5,64,37.8,0.0,9.0,182.0,1
2025-07-26T19:00,2025-07-26,19,Saturday,7,1,30.7,72,36.8,0.0,4.8,53.0,1
2025-07-26T20:00,2025-07-26,20,Saturday,7,1,29.5,78,35.9,0.0,3.6,0.0,0
2025-07-26T21:00,2025-07-26,21,Saturday,7,1,28.5,83,35.0,0.0,3.3,0.0,0
2025-07-26T22:00,2025-07-26,22,Saturday,7,1,28.0,86,34.6,0.0,2.7,0.0,0
2025-07-26T23:00,2025-07-26,23,Saturday,7,1,27.6,87,34.0,0.0,3.2,0.0,0
2025-07-27T00:00,2025-07-27,0,Sunday,7,1,27.2,87,33.4,0.0,3.1,0.0,0
2025-07-27T01:00,2025-07-27,1,Sunday,7,1,26.9,86,32.7,0.0,3.3,0.0,0
2025-07-27T02:00,2025-07-27,2,Sunday,7,1,26.1,90,31.9,0.0,3.1,0.0,0
2025-07-27T03:00,2025-07-27,3,Sunday,7,1,25.8,91,31.4,0.0,4.3,0.0,0
2025-07-27T04:00,2025-07-27,4,Sunday,7,1,25.5,91,30.8,0.0,5.4,0.0,0
2025-07-27T05:00,2025-07-27,5,Sunday,7,1,25.2,92,30.5,0.0,4.5,0.0,0
2025-07-27T06:00,2025-07-27,6,Sunday,7,1,27.2,87,33.3,0.0,3.9,15.0,1
2025-07-27T07:00,2025-07-27,7,Sunday,7,1,28.8,82,35.3,0.0,3.0,118.0,1
2025-07-27T08:00,2025-07-27,8,Sunday,7,1,30.4,74,37.1,0.0,1.1,274.0,1
2025-07-27T09:00,2025-07-27,9,Sunday,7,1,31.5,69,37.9,0.0,2.5,451.0,1
2025-07-27T10:00,2025-07-27,10,Sunday,7,1,32.5,66,39.5,0.0,2.4,598.0,1
2025-07-27T11:00,2025-07-27,11,Sunday,7,1,33.1,66,40.8,0.0,3.5,687.0,1
2025-07-27T12:00,2025-07-27,12,Sunday,7,1,33.7,65,42.0,0.0,3.7,768.0,1
2025-07-27T13:00,2025-07-27,13,Sunday,7,1,34.2,62,42.4,0.0,4.2,791.0,1
2025-07-27T14:00,2025-07-27,14,Sunday,7,1,34.8,59,42.6,0.0,4.2,758.0,1
2025-07-27T15:00,2025-07-27,15,Sunday,7,1,35.2,57,42.4,0.0,3.1,670.0,1
2025-07-27T16:00,2025-07-27,16,Sunday,7,1,35.0,56,41.0,0.0,3.7,501.0,1
2025-07-27T17:00,2025-07-27,17,Sunday,7,1,34.6,57,40.7,0.0,3.6,354.0,1
2025-07-27T18:00,2025-07-27,18,Sunday,7,1,33.5,66,40.4,0.0,4.7,170.0,1
2025-07-27T19:00,2025-07-27,19,Sunday,7,1,32.0,71,38.8,0.0,4.5,47.0,1
2025-07-27T20:00,2025-07-27,20,Sunday,7,1,30.9,76,37.8,0.0,3.3,0.0,0
2025-07-27T21:00,2025-07-27,21,Sunday,7,1,30.4,76,37.3,0.0,1.8,0.0,0
2025-07-27T22:00,2025-07-27,22,Sunday,7,1,29.4,80,35.8,0.1,3.7,0.0,0
2025-07-27T23:00,2025-07-27,23,Sunday,7,1,28.9,80,35.0,0.0,5.3,0.0,0
2025-07-28T00:00,2025-07-28,0,Monday,7,0,28.2,83,34.4,0.0,4.3,0.0,0
2025-07-28T01:00,2025-07-28,1,Monday,7,0,27.7,85,33.7,0.0,4.4,0.0,0
2025-07-28T02:00,2025-07-28,2,Monday,7,0,27.7,85,34.1,0.0,2.0,0.0,0
2025-07-28T03:00,2025-07-28,3,Monday,7,0,27.1,87,32.8,0.0,5.7,0.0,0
2025-07-28T04:00,2025-07-28,4,Monday,7,0,26.3,91,32.4,0.0,2.8,0.0,0
2025-07-28T05:00,2025-07-28,5,Monday,7,0,26.0,91,32.3,0.0,0.8,0.0,0
2025-07-28T06:00,2025-07-28,6,Monday,7,0,26.4,86,31.8,0.0,4.0,15.0,1
2025-07-28T07:00,2025-07-28,7,Monday,7,0,27.3,84,33.5,0.0,1.0,114.0,1
2025-07-28T08:00,2025-07-28,8,Monday,7,0,28.8,79,34.9,0.0,3.8,267.0,1
2025-07-28T09:00,2025-07-28,9,Monday,7,0,30.5,73,37.2,0.0,0.9,451.0,1
2025-07-28T10:00,2025-07-28,10,Monday,7,0,31.7,72,39.0,0.0,3.6,617.0,1
2025-07-28T11:00,2025-07-28,11,Monday,7,0,32.7,70,40.7,0.1,5.0,717.0,1
2025-07-28T12:00,2025-07-28,12,Monday,7,0,33.0,69,41.7,0.0,3.1,755.0,1
2025-07-28T13:00,2025-07-28,13,Monday,7,0,33.8,65,42.6,0.0,2.9,788.0,1
2025-07-28T14:00,2025-07-28,14,Monday,7,0,34.5,61,42.9,0.0,2.2,752.0,1
2025-07-28T15:00,2025-07-28,15,Monday,7,0,34.8,60,42.3,0.0,3.0,648.0,1
2025-07-28T16:00,2025-07-28,16,Monday,7,0,35.0,59,41.6,0.0,3.5,536.0,1
2025-07-28T17:00,2025-07-28,17,Monday,7,0,34.7,59,41.4,0.0,2.7,366.0,1
2025-07-28T18:00,2025-07-28,18,Monday,7,0,33.7,70,41.2,0.1,6.1,165.0,1
2025-07-28T19:00,2025-07-28,19,Monday,7,0,30.0,87,37.9,0.5,4.5,33.0,1
2025-07-28T20:00,2025-07-28,20,Monday,7,0,28.2,86,34.1,0.1,9.1,0.0,0
2025-07-28T21:00,2025-07-28,21,Monday,7,0,27.6,89,34.3,0.0,3.3,0.0,0
2025-07-28T22:00,2025-07-28,22,Monday,7,0,27.4,91,34.2,0.0,3.2,0.0,0
2025-07-28T23:00,2025-07-28,23,Monday,7,0,27.1,94,34.0,0.0,4.2,0.0,0
2025-07-29T00:00,2025-07-29,0,Tuesday,7,0,27.1,94,34.0,0.0,3.6,0.0,0
2025-07-29T01:00,2025-07-29,1,Tuesday,7,0,27.1,92,33.3,0.1,7.5,0.0,0
2025-07-29T02:00,2025-07-29,2,Tuesday,7,0,25.2,95,31.4,3.2,1.3,0.0,0
2025-07-29T03:00,2025-07-29,3,Tuesday,7,0,25.0,96,30.6,1.0,4.9,0.0,0
2025-07-29T04:00,2025-07-29,4,Tuesday,7,0,25.0,94,30.7,0.9,2.1,0.0,0
2025-07-29T05:00,2025-07-29,5,Tuesday,7,0,24.9,94,30.4,0.1,3.2,0.0,0
2025-07-29T06:00,2025-07-29,6,Tuesday,7,0,25.2,93,30.1,2.5,7.5,10.0,1
2025-07-29T07:00,2025-07-29,7,Tuesday,7,0,26.1,88,31.8,0.2,3.0,96.0,1
2025-07-29T08:00,2025-07-29,8,Tuesday,7,0,27.2,86,33.3,0.1,3.3,258.0,1
2025-07-29T09:00,2025-07-29,9,Tuesday,7,0,28.7,78,34.4,0.0,5.1,449.0,1
2025-07-29T10:00,2025-07-29,10,Tuesday,7,0,30.1,73,36.3,0.0,3.4,547.0,1
2025-07-29T11:00,2025-07-29,11,Tuesday,7,0,31.8,69,39.1,0.0,4.7,705.0,1
2025-07-29T12:00,2025-07-29,12,Tuesday,7,0,32.2,71,40.1,0.0,5.7,718.0,1
2025-07-29T13:00,2025-07-29,13,Tuesday,7,0,32.7,69,40.3,0.1,7.2,717.0,1
2025-07-29T14:00,2025-07-29,14,Tuesday,7,0,32.5,69,39.1,1.0,7.1,583.0,1
2025-07-29T15:00,2025-07-29,15,Tuesday,7,0,32.0,70,38.0,0.1,9.2,444.0,1
2025-07-29T16:00,2025-07-29,16,Tuesday,7,0,32.0,69,38.2,0.0,7.2,404.0,1
2025-07-29T17:00,2025-07-29,17,Tuesday,7,0,32.0,69,38.2,0.0,7.3,330.0,1
2025-07-29T18:00,2025-07-29,18,Tuesday,7,0,28.5,84,34.2,0.1,9.1,149.0,1
2025-07-29T19:00,2025-07-29,19,Tuesday,7,0,28.0,86,33.8,0.0,7.8,36.0,1
2025-07-29T20:00,2025-07-29,20,Tuesday,7,0,27.8,85,33.5,0.0,6.5,0.0,0
2025-07-29T21:00,2025-07-29,21,Tuesday,7,0,27.4,86,33.5,0.6,3.7,0.0,0
2025-07-29T22:00,2025-07-29,22,Tuesday,7,0,25.6,91,30.3,3.6,9.8,0.0,0
2025-07-29T23:00,2025-07-29,23,Tuesday,7,0,24.6,93,29.0,23.6,9.6,0.0,0
2025-07-30T00:00,2025-07-30,0,Wednesday,7,0,24.5,94,29.0,5.2,8.1,0.0,0
2025-07-30T01:00,2025-07-30,1,Wednesday,7,0,24.5,93,29.4,7.5,6.4,0.0,0
2025-07-30T02:00,2025-07-30,2,Wednesday,7,0,24.1,96,28.7,4.8,8.3,0.0,0
2025-07-30T03:00,2025-07-30,3,Wednesday,7,0,24.1,95,28.8,12.3,6.7,0.0,0
2025-07-30T04:00,2025-07-30,4,Wednesday,7,0,24.0,95,28.2,6.8,9.9,0.0,0
2025-07-30T05:00,2025-07-30,5,Wednesday,7,0,24.1,93,28.3,6.9,8.5,0.0,0
2025-07-30T06:00,2025-07-30,6,Wednesday,7,0,25.0,94,30.3,1.7,4.8,5.0,1
2025-07-30T07:00,2025-07-30,7,Wednesday,7,0,25.6,91,31.4,0.4,1.8,64.0,1
2025-07-30T08:00,2025-07-30,8,Wednesday,7,0,27.0,84,32.8,0.1,1.5,236.0,1
2025-07-30T09:00,2025-07-30,9,Wednesday,7,0,27.4,77,31.1,0.4,12.5,284.0,1
2025-07-30T10:00,2025-07-30,10,Wednesday,7,0,27.0,79,31.0,0.3,11.3,215.0,1
2025-07-30T11:00,2025-07-30,11,Wednesday,7,0,28.6,74,33.1,0.1,8.7,407.0,1
2025-07-30T12:00,2025-07-30,12,Wednesday,7,0,29.6,69,34.2,0.0,7.9,441.0,1
2025-07-30T13:00,2025-07-30,13,Wednesday,7,0,30.4,66,34.7,0.1,9.1,513.0,1
2025-07-30T14:00,2025-07-30,14,Wednesday,7,0,31.3,65,36.9,0.1,9.3,691.0,1
2025-07-30T15:00,2025-07-30,15,Wednesday,7,0,31.0,68,36.1,0.0,11.2,602.0,1
2025-07-30T16:00,2025-07-30,16,Wednesday,7,0,30.1,72,35.0,0.0,9.9,469.0,1
2025-07-30T17:00,2025-07-30,17,Wednesday,7,0,29.7,72,34.7,0.1,8.6,272.0,1
2025-07-30T18:00,2025-07-30,18,Wednesday,7,0,27.8,83,32.8,0.5,9.3,161.0,1
2025-07-30T19:00,2025-07-30,19,Wednesday,7,0,27.4,85,33.0,0.0,5.5,32.0,1
2025-07-30T20:00,2025-07-30,20,Wednesday,7,0,27.0,85,32.2,0.0,6.4,0.0,0
2025-07-30T21:00,2025-07-30,21,Wednesday,7,0,26.5,85,31.8,0.0,4.7,0.0,0
2025-07-30T22:00,2025-07-30,22,Wednesday,7,0,26.1,85,31.3,0.0,3.9,0.0,0
2025-07-30T23:00,2025-07-30,23,Wednesday,7,0,25.8,86,30.9,0.0,4.2,0.0,0
2025-07-31T00:00,2025-07-31,0,Thursday,7,0,25.1,89,30.4,0.0,3.0,0.0,0
2025-07-31T01:00,2025-07-31,1,Thursday,7,0,24.8,91,29.8,0.0,3.8,0.0,0
2025-07-31T02:00,2025-07-31,2,Thursday,7,0,24.6,91,29.8,0.0,2.3,0.0,0
2025-07-31T03:00,2025-07-31,3,Thursday,7,0,24.8,90,30.0,0.0,2.2,0.0,0
2025-07-31T04:00,2025-07-31,4,Thursday,7,0,24.2,91,28.2,1.0,9.3,0.0,0
2025-07-31T05:00,2025-07-31,5,Thursday,7,0,23.5,97,28.8,2.7,1.4,0.0,0
2025-07-31T06:00,2025-07-31,6,Thursday,7,0,25.4,92,31.1,0.1,2.1,11.0,1
2025-07-31T07:00,2025-07-31,7,Thursday,7,0,26.0,90,31.5,0.0,5.4,109.0,1
2025-07-31T08:00,2025-07-31,8,Thursday,7,0,27.2,83,32.8,0.0,3.6,263.0,1
2025-07-31T09:00,2025-07-31,9,Thursday,7,0,29.0,73,34.7,0.0,0.9,454.0,1
2025-07-31T10:00,2025-07-31,10,Thursday,7,0,30.3,69,36.3,0.0,2.7,593.0,1
2025-07-31T11:00,2025-07-31,11,Thursday,7,0,31.0,67,37.6,0.2,4.7,727.0,1
2025-07-31T12:00,2025-07-31,12,Thursday,7,0,31.3,67,38.4,0.1,5.1,774.0,1
2025-07-31T13:00,2025-07-31,13,Thursday,7,0,31.6,67,38.9,0.0,4.2,749.0,1
2025-07-31T14:00,2025-07-31,14,Thursday,7,0,32.2,65,39.5,0.1,2.5,715.0,1
2025-07-31T15:00,2025-07-31,15,Thursday,7,0,32.2,64,38.6,0.0,3.2,644.0,1
2025-07-31T16:00,2025-07-31,16,Thursday,7,0,32.2,63,38.0,0.0,2.6,501.0,1
2025-07-31T17:00,2025-07-31,17,Thursday,7,0,32.0,63,37.6,0.0,2.5,340.0,1
2025-07-31T18:00,2025-07-31,18,Thursday,7,0,30.6,71,36.5,0.2,5.2,172.0,1
2025-07-31T19:00,2025-07-31,19,Thursday,7,0,29.2,77,35.1,0.0,4.8,45.0,1
2025-07-31T20:00,2025-07-31,20,Thursday,7,0,28.3,81,34.1,0.0,5.1,0.0,0
2025-07-31T21:00,2025-07-31,21,Thursday,7,0,27.3,85,33.2,0.0,4.1,0.0,0
2025-07-31T22:00,2025-07-31,22,Thursday,7,0,26.8,87,32.6,0.0,4.0,0.0,0
2025-07-31T23:00,2025-07-31,23,Thursday,7,0,26.5,87,31.9,0.0,6.1,0.0,0
2025-08-01T00:00,2025-08-01,0,Friday,8,1,26.2,86,31.2,0.0,6.9,0.0,0
2025-08-01T01:00,2025-08-01,1,Friday,8,1,25.9,87,30.8,0.0,6.2,0.0,0
2025-08-01T02:00,2025-08-01,2,Friday,8,1,24.5,94,29.9,1.1,3.3,0.0,0
2025-08-01T03:00,2025-08-01,3,Friday,8,1,24.4,92,29.3,0.3,4.8,0.0,0
2025-08-01T04:00,2025-08-01,4,Friday,8,1,24.3,92,29.6,0.1,0.9,0.0,0
2025-08-01T05:00,2025-08-01,5,Friday,8,1,24.4,91,29.5,0.0,2.1,0.0,0
2025-08-01T06:00,2025-08-01,6,Friday,8,1,24.8,89,29.2,0.0,6.5,11.0,1
2025-08-01T07:00,2025-08-01,7,Friday,8,1,26.0,87,31.6,0.0,2.1,101.0,1
2025-08-01T08:00,2025-08-01,8,Friday,8,1,27.3,82,32.7,0.0,4.0,276.0,1
2025-08-01T09:00,2025-08-01,9,Friday,8,1,28.8,76,34.6,0.0,2.7,454.0,1
2025-08-01T10:00,2025-08-01,10,Friday,8,1,30.1,70,35.6,0.0,5.4,576.0,1
2025-08-01T11:00,2025-08-01,11,Friday,8,1,31.1,66,36.8,0.1,6.8,649.0,1
2025-08-01T12:00,2025-08-01,12,Friday,8,1,31.9,65,37.9,0.0,9.6,731.0,1
2025-08-01T13:00,2025-08-01,13,Friday,8,1,30.2,72,36.4,0.5,6.6,644.0,1
2025-08-01T14:00,2025-08-01,14,Friday,8,1,28.5,77,32.5,0.9,14.1,542.0,1
2025-08-01T15:00,2025-08-01,15,Friday,8,1,28.4,77,32.9,0.3,10.2,422.0,1
2025-08-01T16:00,2025-08-01,16,Friday,8,1,29.2,74,34.5,0.0,6.4,370.0,1
2025-08-01T17:00,2025-08-01,17,Friday,8,1,29.5,74,35.1,0.0,4.7,284.0,1
2025-08-01T18:00,2025-08-01,18,Friday,8,1,30.2,75,36.4,0.0,5.5,161.0,1
2025-08-01T19:00,2025-08-01,19,Friday,8,1,28.5,82,34.6,0.1,4.8,42.0,1
2025-08-01T20:00,2025-08-01,20,Friday,8,1,27.9,85,34.0,0.0,5.0,0.0,0
2025-08-01T21:00,2025-08-01,21,Friday,8,1,27.3,87,33.0,0.0,6.7,0.0,0
2025-08-01T22:00,2025-08-01,22,Friday,8,1,26.8,89,32.7,0.0,4.8,0.0,0
2025-08-01T23:00,2025-08-01,23,Friday,8,1,26.6,90,32.5,0.0,5.1,0.0,0
2025-08-02T00:00,2025-08-02,0,Saturday,8,1,26.0,90,31.3,0.2,7.0,0.0,0
2025-08-02T01:00,2025-08-02,1,Saturday,8,1,25.8,89,30.9,0.4,5.4,0.0,0
2025-08-02T02:00,2025-08-02,2,Saturday,8,1,25.1,93,31.0,1.0,1.0,0.0,0
2025-08-02T03:00,2025-08-02,3,Saturday,8,1,24.0,96,27.9,2.0,11.5,0.0,0
2025-08-02T04:00,2025-08-02,4,Saturday,8,1,23.9,94,28.3,2.0,6.4,0.0,0
2025-08-02T05:00,2025-08-02,5,Saturday,8,1,23.7,95,28.7,0.2,2.3,0.0,0
2025-08-02T06:00,2025-08-02,6,Saturday,8,1,24.5,91,29.8,0.2,1.3,10.0,1
2025-08-02T07:00,2025-08-02,7,Saturday,8,1,25.1,88,30.6,0.0,0.2,111.0,1
2025-08-02T08:00,2025-08-02,8,Saturday,8,1,26.7,84,32.4,0.0,1.5,275.0,1
2025-08-02T09:00,2025-08-02,9,Saturday,8,1,28.4,77,34.0,0.0,3.5,463.0,1
2025-08-02T10:00,2025-08-02,10,Saturday,8,1,29.5,73,35.1,0.0,7.2,625.0,1
2025-08-02T11:00,2025-08-02,11,Saturday,8,1,30.3,71,36.9,0.0,6.4,739.0,1
2025-08-02T12:00,2025-08-02,12,Saturday,8,1,31.1,69,37.9,0.0,7.2,755.0,1
2025-08-02T13:00,2025-08-02,13,Saturday,8,1,30.5,70,35.8,0.0,6.5,469.0,1
2025-08-02T14:00,2025-08-02,14,Saturday,8,1,29.8,72,35.1,0.5,5.8,300.0,1
2025-08-02T15:00,2025-08-02,15,Saturday,8,1,30.6,70,36.5,0.2,3.3,330.0,1
2025-08-02T16:00,2025-08-02,16,Saturday,8,1,31.2,68,37.0,0.1,4.8,443.0,1
2025-08-02T17:00,2025-08-02,17,Saturday,8,1,31.1,66,36.8,0.0,3.5,345.0,1
2025-08-02T18:00,2025-08-02,18,Saturday,8,1,30.5,74,37.0,0.0,2.8,167.0,1
2025-08-02T19:00,2025-08-02,19,Saturday,8,1,29.0,79,35.3,0.0,3.7,44.0,1
2025-08-02T20:00,2025-08-02,20,Saturday,8,1,28.1,81,34.1,0.0,3.8,0.0,0
2025-08-02T21:00,2025-08-02,21,Saturday,8,1,27.5,86,33.6,0.0,3.1,0.0,0
2025-08-02T22:00,2025-08-02,22,Saturday,8,1,26.5,91,32.8,0.0,3.3,0.0,0
2025-08-02T23:00,2025-08-02,23,Saturday,8,1,25.8,94,32.1,0.0,2.2,0.0,0
2025-08-03T00:00,2025-08-03,0,Sunday,8,1,25.2,96,31.3,0.0,2.7,0.0,0
2025-08-03T01:00,2025-08-03,1,Sunday,8,1,24.9,96,30.8,0.0,2.8,0.0,0
2025-08-03T02:00,2025-08-03,2,Sunday,8,1,24.6,96,30.0,0.0,4.7,0.0,0
2025-08-03T03:00,2025-08-03,3,Sunday,8,1,24.0,95,27.7,0.5,12.2,0.0,0
2025-08-03T04:00,2025-08-03,4,Sunday,8,1,24.1,89,28.5,0.1,5.2,0.0,0
2025-08-03T05:00,2025-08-03,5,Sunday,8,1,24.0,92,29.1,0.0,1.8,0.0,0
2025-08-03T06:00,2025-08-03,6,Sunday,8,1,24.9,90,30.0,0.2,3.6,7.0,1
2025-08-03T07:00,2025-08-03,7,Sunday,8,1,25.6,87,31.3,0.0,0.2,71.0,1
2025-08-03T08:00,2025-08-03,8,Sunday,8,1,27.0,83,32.8,0.0,2.4,278.0,1
2025-08-03T09:00,2025-08-03,9,Sunday,8,1,28.4,77,34.2,0.0,1.7,452.0,1
2025-08-03T10:00,2025-08-03,10,Sunday,8,1,29.6,73,35.9,0.0,3.2,608.0,1
2025-08-03T11:00,2025-08-03,11,Sunday,8,1,30.9,69,37.9,0.0,4.5,747.0,1
2025-08-03T12:00,2025-08-03,12,Sunday,8,1,31.7,67,39.2,0.0,5.1,816.0,1
2025-08-03T13:00,2025-08-03,13,Sunday,8,1,32.4,65,40.3,0.0,3.3,816.0,1
2025-08-03T14:00,2025-08-03,14,Sunday,8,1,32.5,64,39.6,0.0,3.3,679.0,1
2025-08-03T15:00,2025-08-03,15,Sunday,8,1,32.7,64,39.5,0.0,1.9,597.0,1
2025-08-03T16:00,2025-08-03,16,Sunday,8,1,32.7,64,39.0,0.0,3.1,465.0,1
2025-08-03T17:00,2025-08-03,17,Sunday,8,1,32.2,65,38.2,0.0,5.0,330.0,1
2025-08-03T18:00,2025-08-03,18,Sunday,8,1,32.0,66,37.6,0.0,8.1,164.0,1
2025-08-03T19:00,2025-08-03,19,Sunday,8,1,30.5,70,35.7,0.0,8.8,42.0,1
2025-08-03T20:00,2025-08-03,20,Sunday,8,1,29.3,75,34.6,0.0,7.4,0.0,0
2025-08-03T21:00,2025-08-03,21,Sunday,8,1,28.0,81,33.6,0.0,4.8,0.0,0
2025-08-03T22:00,2025-08-03,22,Sunday,8,1,27.1,84,32.8,0.0,4.3,0.0,0
2025-08-03T23:00,2025-08-03,23,Sunday,8,1,26.5,88,32.3,0.0,4.4,0.0,0
2025-08-04T00:00,2025-08-04,0,Monday,8,0,26.0,91,31.8,0.0,3.8,0.0,0
2025-08-04T01:00,2025-08-04,1,Monday,8,0,25.7,92,31.5,0.1,3.4,0.0,0
2025-08-04T02:00,2025-08-04,2,Monday,8,0,25.5,90,30.4,0.1,7.7,0.0,0
2025-08-04T03:00,2025-08-04,3,Monday,8,0,25.6,89,30.4,0.2,7.7,0.0,0
2025-08-04T04:00,2025-08-04,4,Monday,8,0,25.4,89,29.9,1.9,8.0,0.0,0
2025-08-04T05:00,2025-08-04,5,Monday,8,0,25.1,91,30.1,3.4,4.9,0.0,0
2025-08-04T06:00,2025-08-04,6,Monday,8,0,25.3,87,30.6,0.0,1.4,11.0,1
2025-08-04T07:00,2025-08-04,7,Monday,8,0,26.1,86,31.7,0.0,2.3,111.0,1
2025-08-04T08:00,2025-08-04,8,Monday,8,0,27.9,80,33.4,0.0,3.7,277.0,1
2025-08-04T09:00,2025-08-04,9,Monday,8,0,29.6,72,35.5,0.0,1.4,461.0,1
2025-08-04T10:00,2025-08-04,10,Monday,8,0,31.1,68,37.5,0.0,3.1,627.0,1
2025-08-04T11:00,2025-08-04,11,Monday,8,0,32.2,65,39.7,0.0,2.3,738.0,1
2025-08-04T12:00,2025-08-04,12,Monday,8,0,32.8,63,40.8,0.0,2.3,792.0,1
2025-08-04T13:00,2025-08-04,13,Monday,8,0,33.2,62,41.2,0.0,2.9,797.0,1
2025-08-04T14:00,2025-08-04,14,Monday,8,0,33.7,60,41.0,0.0,4.5,751.0,1
2025-08-04T15:00,2025-08-04,15,Monday,8,0,33.5,61,39.9,0.0,6.3,638.0,1
2025-08-04T16:00,2025-08-04,16,Monday,8,0,32.9,64,39.0,0.0,4.7,474.0,1
2025-08-04T17:00,2025-08-04,17,Monday,8,0,32.6,65,38.5,0.0,6.9,291.0,1
2025-08-04T18:00,2025-08-04,18,Monday,8,0,30.2,75,36.3,0.0,6.1,167.0,1
2025-08-04T19:00,2025-08-04,19,Monday,8,0,29.5,77,34.9,0.0,9.7,42.0,1
2025-08-04T20:00,2025-08-04,20,Monday,8,0,28.5,80,34.4,0.0,5.0,0.0,0
2025-08-04T21:00,2025-08-04,21,Monday,8,0,27.9,85,34.3,0.0,2.4,0.0,0
2025-08-04T22:00,2025-08-04,22,Monday,8,0,27.3,88,33.6,0.0,3.3,0.0,0
2025-08-04T23:00,2025-08-04,23,Monday,8,0,26.9,90,33.3,0.0,2.7,0.0,0
2025-08-05T00:00,2025-08-05,0,Tuesday,8,0,26.6,90,32.9,0.0,3.1,0.0,0
2025-08-05T01:00,2025-08-05,1,Tuesday,8,0,26.6,90,32.6,0.0,3.9,0.0,0
2025-08-05T02:00,2025-08-05,2,Tuesday,8,0,26.3,86,30.7,0.1,10.6,0.0,0
2025-08-05T03:00,2025-08-05,3,Tuesday,8,0,25.5,84,30.1,0.3,5.6,0.0,0
2025-08-05T04:00,2025-08-05,4,Tuesday,8,0,25.0,86,29.2,2.3,6.3,0.0,0
2025-08-05T05:00,2025-08-05,5,Tuesday,8,0,24.5,91,28.9,0.2,6.6,0.0,0
2025-08-05T06:00,2025-08-05,6,Tuesday,8,0,25.8,89,31.5,0.0,2.4,11.0,1
2025-08-05T07:00,2025-08-05,7,Tuesday,8,0,26.5,87,32.2,0.0,3.4,105.0,1
2025-08-05T08:00,2025-08-05,8,Tuesday,8,0,28.1,79,33.8,0.0,3.7,276.0,1
2025-08-05T09:00,2025-08-05,9,Tuesday,8,0,29.9,70,35.4,0.0,3.2,460.0,1
2025-08-05T10:00,2025-08-05,10,Tuesday,8,0,31.0,70,37.3,0.0,6.4,619.0,1
2025-08-05T11:00,2025-08-05,11,Tuesday,8,0,31.6,69,38.4,0.0,7.3,699.0,1
2025-08-05T12:00,2025-08-05,12,Tuesday,8,0,32.2,66,39.1,0.1,7.1,748.0,1
2025-08-05T13:00,2025-08-05,13,Tuesday,8,0,32.3,66,38.7,0.0,9.1,693.0,1
2025-08-05T14:00,2025-08-05,14,Tuesday,8,0,29.7,74,35.3,1.8,9.7,655.0,1
2025-08-05T15:00,2025-08-05,15,Tuesday,8,0,30.5,71,36.2,0.1,6.1,448.0,1
2025-08-05T16:00,2025-08-05,16,Tuesday,8,0,31.0,70,36.7,0.0,6.5,465.0,1
2025-08-05T17:00,2025-08-05,17,Tuesday,8,0,31.1,69,37.1,0.0,4.7,304.0,1
2025-08-05T18:00,2025-08-05,18,Tuesday,8,0,31.7,68,37.2,0.0,8.4,92.0,1
2025-08-05T19:00,2025-08-05,19,Tuesday,8,0,30.3,73,35.3,0.0,11.3,29.0,1
2025-08-05T20:00,2025-08-05,20,Tuesday,8,0,29.2,72,33.5,0.0,11.5,0.0,0
2025-08-05T21:00,2025-08-05,21,Tuesday,8,0,28.6,71,32.4,0.0,11.1,0.0,0
2025-08-05T22:00,2025-08-05,22,Tuesday,8,0,28.1,71,32.4,0.0,6.8,0.0,0
2025-08-05T23:00,2025-08-05,23,Tuesday,8,0,27.6,73,31.2,0.0,11.1,0.0,0
2025-08-06T00:00,2025-08-06,0,Wednesday,8,0,26.5,73,29.4,0.0,11.7,0.0,0
2025-08-06T01:00,2025-08-06,1,Wednesday,8,0,24.5,86,27.9,1.6,10.1,0.0,0
2025-08-06T02:00,2025-08-06,2,Wednesday,8,0,24.6,90,29.0,0.2,6.6,0.0,0
2025-08-06T03:00,2025-08-06,3,Wednesday,8,0,24.5,90,29.7,0.3,1.8,0.0,0
2025-08-06T04:00,2025-08-06,4,Wednesday,8,0,23.9,92,28.0,0.0,8.1,0.0,0
2025-08-06T05:00,2025-08-06,5,Wednesday,8,0,23.5,92,27.8,0.0,4.2,0.0,0
2025-08-06T06:00,2025-08-06,6,Wednesday,8,0,24.4,86,28.9,0.2,3.1,4.0,1
2025-08-06T07:00,2025-08-06,7,Wednesday,8,0,25.1,88,30.2,0.0,3.2,64.0,1
2025-08-06T08:00,2025-08-06,8,Wednesday,8,0,26.3,85,31.7,0.0,2.8,204.0,1
2025-08-06T09:00,2025-08-06,9,Wednesday,8,0,26.4,83,31.5,1.5,3.7,303.0,1
2025-08-06T10:00,2025-08-06,10,Wednesday,8,0,27.6,76,32.6,0.0,3.6,438.0,1
2025-08-06T11:00,2025-08-06,11,Wednesday,8,0,29.4,69,35.4,0.0,2.1,668.0,1
2025-08-06T12:00,2025-08-06,12,Wednesday,8,0,30.8,66,38.0,0.0,2.3,792.0,1
2025-08-06T13:00,2025-08-06,13,Wednesday,8,0,31.5,65,38.5,0.0,3.2,766.0,1
2025-08-06T14:00,2025-08-06,14,Wednesday,8,0,32.0,63,39.2,0.0,1.7,740.0,1
2025-08-06T15:00,2025-08-06,15,Wednesday,8,0,31.8,65,38.5,0.0,2.4,652.0,1
2025-08-06T16:00,2025-08-06,16,Wednesday,8,0,31.1,68,36.8,0.0,5.8,478.0,1
2025-08-06T17:00,2025-08-06,17,Wednesday,8,0,29.9,72,34.9,1.1,8.7,262.0,1
2025-08-06T18:00,2025-08-06,18,Wednesday,8,0,29.0,73,34.6,0.4,2.8,159.0,1
2025-08-06T19:00,2025-08-06,19,Wednesday,8,0,28.0,78,33.5,0.0,2.8,37.0,1
2025-08-06T20:00,2025-08-06,20,Wednesday,8,0,27.5,80,33.3,0.0,1.3,0.0,0
2025-08-06T21:00,2025-08-06,21,Wednesday,8,0,26.9,84,32.9,0.0,1.0,0.0,0
2025-08-06T22:00,2025-08-06,22,Wednesday,8,0,26.3,86,32.1,0.0,1.2,0.0,0
2025-08-06T23:00,2025-08-06,23,Wednesday,8,0,25.8,89,31.5,0.0,1.5,0.0,0
2025-08-07T00:00,2025-08-07,0,Thursday,8,0,25.1,92,30.9,0.0,1.4,0.0,0
2025-08-07T01:00,2025-08-07,1,Thursday,8,0,24.6,94,30.1,0.0,2.6,0.0,0
2025-08-07T02:00,2025-08-07,2,Thursday,8,0,24.4,94,29.7,0.0,3.1,0.0,0
2025-08-07T03:00,2025-08-07,3,Thursday,8,0,23.6,96,28.0,0.6,7.6,0.0,0
2025-08-07T04:00,2025-08-07,4,Thursday,8,0,23.6,93,27.8,0.1,6.8,0.0,0
2025-08-07T05:00,2025-08-07,5,Thursday,8,0,23.6,90,28.0,0.0,3.6,0.0,0
2025-08-07T06:00,2025-08-07,6,Thursday,8,0,24.5,87,29.2,0.0,2.3,10.0,1
2025-08-07T07:00,2025-08-07,7,Thursday,8,0,25.5,80,30.2,0.0,0.6,104.0,1
2025-08-07T08:00,2025-08-07,8,Thursday,8,0,26.8,75,31.4,0.0,1.7,269.0,1
2025-08-07T09:00,2025-08-07,9,Thursday,8,0,28.5,68,33.3,0.0,0.6,456.0,1
2025-08-07T10:00,2025-08-07,10,Thursday,8,0,30.0,62,35.0,0.0,1.7,625.0,1
2025-08-07T11:00,2025-08-07,11,Thursday,8,0,31.2,59,37.3,0.0,2.1,750.0,1
2025-08-07T12:00,2025-08-07,12,Thursday,8,0,32.0,57,38.3,0.0,4.0,823.0,1
2025-08-07T13:00,2025-08-07,13,Thursday,8,0,32.6,56,39.0,0.0,5.1,834.0,1
2025-08-07T14:00,2025-08-07,14,Thursday,8,0,32.9,56,39.1,0.0,4.4,779.0,1
2025-08-07T15:00,2025-08-07,15,Thursday,8,0,33.2,55,38.8,0.0,4.1,668.0,1
2025-08-07T16:00,2025-08-07,16,Thursday,8,0,32.8,57,37.9,0.0,3.8,514.0,1
2025-08-07T17:00,2025-08-07,17,Thursday,8,0,32.4,59,37.5,0.0,4.3,343.0,1
2025-08-07T18:00,2025-08-07,18,Thursday,8,0,30.6,70,36.3,0.0,4.2,172.0,1
2025-08-07T19:00,2025-08-07,19,Thursday,8,0,29.2,76,35.4,0.0,2.3,38.0,1
2025-08-07T20:00,2025-08-07,20,Thursday,8,0,28.6,78,34.8,0.0,1.3,0.0,0
2025-08-07T21:00,2025-08-07,21,Thursday,8,0,27.7,83,33.8,0.0,2.4,0.0,0
2025-08-07T22:00,2025-08-07,22,Thursday,8,0,26.6,88,32.7,0.0,2.4,0.0,0
2025-08-07T23:00,2025-08-07,23,Thursday,8,0,25.8,92,31.7,0.0,3.2,0.0,0
2025-08-08T00:00,2025-08-08,0,Friday,8,1,25.3,93,31.0,0.0,3.6,0.0,0
2025-08-08T01:00,2025-08-08,1,Friday,8,1,25.1,92,30.4,0.0,4.7,0.0,0
2025-08-08T02:00,2025-08-08,2,Friday,8,1,25.2,89,30.3,0.0,4.4,0.0,0
2025-08-08T03:00,2025-08-08,3,Friday,8,1,24.6,92,30.0,0.1,2.1,0.0,0
2025-08-08T04:00,2025-08-08,4,Friday,8,1,24.8,91,29.8,0.0,4.4,0.0,0
2025-08-08T05:00,2025-08-08,5,Friday,8,1,24.6,90,29.2,0.0,6.1,0.0,0
2025-08-08T06:00,2025-08-08,6,Friday,8,1,25.6,85,30.1,0.0,7.5,9.0,1
2025-08-08T07:00,2025-08-08,7,Friday,8,1,27.1,81,32.5,0.0,3.8,103.0,1
2025-08-08T08:00,2025-08-08,8,Friday,8,1,28.7,75,34.1,0.0,3.7,270.0,1
2025-08-08T09:00,2025-08-08,9,Friday,8,1,30.1,71,35.6,0.0,4.6,454.0,1
2025-08-08T10:00,2025-08-08,10,Friday,8,1,31.2,67,37.5,0.0,3.6,616.0,1
2025-08-08T11:00,2025-08-08,11,Friday,8,1,32.2,64,39.1,0.0,2.9,716.0,1
2025-08-08T12:00,2025-08-08,12,Friday,8,1,33.0,59,40.5,0.0,1.1,766.0,1
2025-08-08T13:00,2025-08-08,13,Friday,8,1,33.5,57,40.5,0.0,3.2,769.0,1
2025-08-08T14:00,2025-08-08,14,Friday,8,1,33.7,57,40.8,0.0,1.0,745.0,1
2025-08-08T15:00,2025-08-08,15,Friday,8,1,33.8,56,40.3,0.0,1.9,663.0,1
2025-08-08T16:00,2025-08-08,16,Friday,8,1,33.0,58,38.7,0.0,2.2,508.0,1
2025-08-08T17:00,2025-08-08,17,Friday,8,1,32.8,60,37.9,0.0,6.6,334.0,1
2025-08-08T18:00,2025-08-08,18,Friday,8,1,29.8,72,35.1,0.0,6.5,134.0,1
2025-08-08T19:00,2025-08-08,19,Friday,8,1,28.7,75,34.1,0.0,4.2,37.0,1
2025-08-08T20:00,2025-08-08,20,Friday,8,1,27.9,78,33.1,0.0,4.7,0.0,0
2025-08-08T21:00,2025-08-08,21,Friday,8,1,27.1,82,32.4,0.0,4.4,0.0,0
2025-08-08T22:00,2025-08-08,22,Friday,8,1,26.6,84,32.0,0.0,4.0,0.0,0
2025-08-08T23:00,2025-08-08,23,Friday,8,1,26.4,85,31.5,0.0,4.4,0.0,0
2025-08-09T00:00,2025-08-09,0,Saturday,8,1,26.0,85,30.9,0.0,4.4,0.0,0
2025-08-09T01:00,2025-08-09,1,Saturday,8,1,25.4,86,30.0,0.5,6.2,0.0,0
2025-08-09T02:00,2025-08-09,2,Saturday,8,1,25.3,88,30.0,0.1,6.2,0.0,0
2025-08-09T03:00,2025-08-09,3,Saturday,8,1,25.4,90,30.7,0.0,3.0,0.0,0
2025-08-09T04:00,2025-08-09,4,Saturday,8,1,25.2,92,30.9,0.0,1.9,0.0,0
2025-08-09T05:00,2025-08-09,5,Saturday,8,1,25.0,92,30.2,0.0,4.9,0.0,0
2025-08-09T06:00,2025-08-09,6,Saturday,8,1,24.1,91,28.5,1.6,6.4,6.0,1
2025-08-09T07:00,2025-08-09,7,Saturday,8,1,24.9,87,28.9,0.1,8.3,83.0,1
2025-08-09T08:00,2025-08-09,8,Saturday,8,1,26.1,83,30.6,0.1,7.1,238.0,1
2025-08-09T09:00,2025-08-09,9,Saturday,8,1,28.1,77,33.5,0.0,4.0,428.0,1
2025-08-09T10:00,2025-08-09,10,Saturday,8,1,29.8,72,36.0,0.0,2.3,615.0,1
2025-08-09T11:00,2025-08-09,11,Saturday,8,1,31.0,67,38.1,0.0,2.6,740.0,1
2025-08-09T12:00,2025-08-09,12,Saturday,8,1,31.9,65,39.7,0.0,1.5,796.0,1
2025-08-09T13:00,2025-08-09,13,Saturday,8,1,32.7,62,40.5,0.0,1.9,805.0,1
2025-08-09T14:00,2025-08-09,14,Saturday,8,1,33.1,60,40.2,0.0,2.7,738.0,1
2025-08-09T15:00,2025-08-09,15,Saturday,8,1,33.2,59,39.7,0.0,2.0,642.0,1
2025-08-09T16:00,2025-08-09,16,Saturday,8,1,33.0,59,38.8,0.0,2.3,491.0,1
2025-08-09T17:00,2025-08-09,17,Saturday,8,1,32.7,60,38.4,0.0,1.9,332.0,1
2025-08-09T18:00,2025-08-09,18,Saturday,8,1,28.8,79,34.9,0.1,3.0,162.0,1
2025-08-09T19:00,2025-08-09,19,Saturday,8,1,28.1,84,34.9,0.0,0.7,36.0,1
2025-08-09T20:00,2025-08-09,20,Saturday,8,1,27.7,86,34.2,0.0,1.8,0.0,0
2025-08-09T21:00,2025-08-09,21,Saturday,8,1,27.3,88,33.7,0.0,2.7,0.0,0
2025-08-09T22:00,2025-08-09,22,Saturday,8,1,26.8,90,33.1,0.0,3.2,0.0,0
2025-08-09T23:00,2025-08-09,23,Saturday,8,1,26.4,91,32.5,0.0,3.5,0.0,0
2025-08-10T00:00,2025-08-10,0,Sunday,8,1,26.0,91,32.0,0.0,2.6,0.0,0
2025-08-10T01:00,2025-08-10,1,Sunday,8,1,25.5,92,31.4,0.0,2.7,0.0,0
2025-08-10T02:00,2025-08-10,2,Sunday,8,1,25.3,93,30.8,0.0,4.1,0.0,0
2025-08-10T03:00,2025-08-10,3,Sunday,8,1,25.0,93,30.2,0.0,5.3,0.0,0
2025-08-10T04:00,2025-08-10,4,Sunday,8,1,24.9,91,29.8,0.0,5.5,0.0,0
2025-08-10T05:00,2025-08-10,5,Sunday,8,1,25.1,87,29.8,0.0,5.1,0.0,0
2025-08-10T06:00,2025-08-10,6,Sunday,8,1,24.6,91,29.3,2.1,6.4,6.0,1
2025-08-10T07:00,2025-08-10,7,Sunday,8,1,24.3,96,29.5,0.5,4.7,51.0,1
2025-08-10T08:00,2025-08-10,8,Sunday,8,1,26.0,89,31.4,0.2,4.9,201.0,1
2025-08-10T09:00,2025-08-10,9,Sunday,8,1,28.0,80,33.5,0.0,4.9,402.0,1
2025-08-10T10:00,2025-08-10,10,Sunday,8,1,29.7,75,36.1,0.0,2.4,560.0,1
2025-08-10T11:00,2025-08-10,11,Sunday,8,1,31.1,72,38.3,0.1,4.1,669.0,1
2025-08-10T12:00,2025-08-10,12,Sunday,8,1,31.7,71,39.8,0.0,4.3,781.0,1
2025-08-10T13:00,2025-08-10,13,Sunday,8,1,32.0,68,40.4,0.0,2.4,804.0,1
2025-08-10T14:00,2025-08-10,14,Sunday,8,1,32.7,64,40.4,0.0,1.4,712.0,1
2025-08-10T15:00,2025-08-10,15,Sunday,8,1,33.0,63,39.8,0.0,1.1,574.0,1
2025-08-10T16:00,2025-08-10,16,Sunday,8,1,32.6,64,38.8,0.0,2.9,445.0,1
2025-08-10T17:00,2025-08-10,17,Sunday,8,1,32.2,65,38.4,0.0,3.1,294.0,1
2025-08-10T18:00,2025-08-10,18,Sunday,8,1,30.6,73,37.4,0.0,1.1,151.0,1
2025-08-10T19:00,2025-08-10,19,Sunday,8,1,29.6,80,36.8,0.0,0.8,33.0,0
2025-08-10T20:00,2025-08-10,20,Sunday,8,1,29.1,81,36.1,0.0,0.9,0.0,0
2025-08-10T21:00,2025-08-10,21,Sunday,8,1,28.9,81,35.5,0.0,1.5,0.0,0
2025-08-10T22:00,2025-08-10,22,Sunday,8,1,28.2,84,34.8,0.0,2.2,0.0,0
2025-08-10T23:00,2025-08-10,23,Sunday,8,1,27.6,87,34.3,0.0,1.8,0.0,0
2025-08-11T00:00,2025-08-11,0,Monday,8,0,26.8,91,33.2,0.0,2.8,0.0,0
2025-08-11T01:00,2025-08-11,1,Monday,8,0,26.5,91,32.5,0.0,4.4,0.0,0
2025-08-11T02:00,2025-08-11,2,Monday,8,0,26.2,89,31.9,0.0,4.6,0.0,0
2025-08-11T03:00,2025-08-11,3,Monday,8,0,25.9,90,31.6,0.0,3.2,0.0,0
2025-08-11T04:00,2025-08-11,4,Monday,8,0,25.9,89,31.7,0.2,2.3,0.0,0
2025-08-11T05:00,2025-08-11,5,Monday,8,0,25.9,89,31.3,0.3,4.1,0.0,0
2025-08-11T06:00,2025-08-11,6,Monday,8,0,26.5,91,32.0,0.0,8.2,7.0,1
2025-08-11T07:00,2025-08-11,7,Monday,8,0,27.6,87,34.0,0.0,4.4,91.0,1
2025-08-11T08:00,2025-08-11,8,Monday,8,0,29.0,81,35.5,0.0,3.8,241.0,1
2025-08-11T09:00,2025-08-11,9,Monday,8,0,30.6,75,37.7,0.0,1.4,445.0,1
2025-08-11T10:00,2025-08-11,10,Monday,8,0,32.1,68,39.2,0.0,2.3,597.0,1
2025-08-11T11:00,2025-08-11,11,Monday,8,0,33.3,63,40.7,0.0,5.1,729.0,1
2025-08-11T12:00,2025-08-11,12,Monday,8,0,34.0,60,41.2,0.0,6.2,759.0,1
2025-08-11T13:00,2025-08-11,13,Monday,8,0,34.3,59,41.5,0.0,6.3,768.0,1
2025-08-11T14:00,2025-08-11,14,Monday,8,0,34.8,56,41.8,0.0,5.3,752.0,1
2025-08-11T15:00,2025-08-11,15,Monday,8,0,34.9,55,41.0,0.0,4.2,591.0,1
2025-08-11T16:00,2025-08-11,16,Monday,8,0,35.0,55,41.0,0.0,3.0,448.0,1
2025-08-11T17:00,2025-08-11,17,Monday,8,0,34.3,60,40.7,0.0,4.4,249.0,1
2025-08-11T18:00,2025-08-11,18,Monday,8,0,33.8,66,40.8,0.0,4.9,142.0,1
2025-08-11T19:00,2025-08-11,19,Monday,8,0,31.5,74,38.5,0.0,4.6,32.0,0
2025-08-11T20:00,2025-08-11,20,Monday,8,0,30.5,77,37.2,0.0,5.5,0.0,0
2025-08-11T21:00,2025-08-11,21,Monday,8,0,30.0,76,36.0,0.0,7.2,0.0,0
2025-08-11T22:00,2025-08-11,22,Monday,8,0,29.0,79,35.2,0.0,4.4,0.0,0
2025-08-11T23:00,2025-08-11,23,Monday,8,0,28.9,78,34.7,0.0,5.4,0.0,0
2025-08-12T00:00,2025-08-12,0,Tuesday,8,0,28.4,81,34.3,0.0,4.2,0.0,0
2025-08-12T01:00,2025-08-12,1,Tuesday,8,0,28.2,81,34.2,0.0,3.7,0.0,0
2025-08-12T02:00,2025-08-12,2,Tuesday,8,0,28.0,82,34.2,0.0,1.8,0.0,0
2025-08-12T03:00,2025-08-12,3,Tuesday,8,0,27.6,83,33.7,0.0,2.7,0.0,0
2025-08-12T04:00,2025-08-12,4,Tuesday,8,0,27.2,85,33.2,0.0,2.8,0.0,0
2025-08-12T05:00,2025-08-12,5,Tuesday,8,0,27.2,86,33.6,0.0,1.1,0.0,0
2025-08-12T06:00,2025-08-12,6,Tuesday,8,0,28.1,86,35.0,0.1,2.4,6.0,1
2025-08-12T07:00,2025-08-12,7,Tuesday,8,0,28.5,84,34.5,0.2,7.5,60.0,1
2025-08-12T08:00,2025-08-12,8,Tuesday,8,0,28.4,82,34.0,0.4,7.1,137.0,1
2025-08-12T09:00,2025-08-12,9,Tuesday,8,0,29.2,80,34.7,0.3,9.7,248.0,1
2025-08-12T10:00,2025-08-12,10,Tuesday,8,0,29.9,76,35.2,0.1,10.1,343.0,1
2025-08-12T11:00,2025-08-12,11,Tuesday,8,0,31.0,71,36.4,0.0,9.0,479.0,1
2025-08-12T12:00,2025-08-12,12,Tuesday,8,0,32.2,67,38.1,0.0,9.4,628.0,1
2025-08-12T13:00,2025-08-12,13,Tuesday,8,0,32.0,66,38.2,0.0,11.6,750.0,1
2025-08-12T14:00,2025-08-12,14,Tuesday,8,0,31.5,71,37.7,0.2,10.3,646.0,1
2025-08-12T15:00,2025-08-12,15,Tuesday,8,0,31.1,72,36.8,0.7,9.4,387.0,1
2025-08-12T16:00,2025-08-12,16,Tuesday,8,0,30.2,78,36.1,1.7,9.8,286.0,1
2025-08-12T17:00,2025-08-12,17,Tuesday,8,0,30.0,76,35.7,0.2,9.5,204.0,1
2025-08-12T18:00,2025-08-12,18,Tuesday,8,0,29.3,80,35.0,0.2,8.6,114.0,1
2025-08-12T19:00,2025-08-12,19,Tuesday,8,0,28.6,82,34.3,0.1,8.0,22.0,0
2025-08-12T20:00,2025-08-12,20,Tuesday,8,0,27.9,84,33.6,0.0,7.3,0.0,0
2025-08-12T21:00,2025-08-12,21,Tuesday,8,0,27.2,87,33.4,0.0,3.9,0.0,0
2025-08-12T22:00,2025-08-12,22,Tuesday,8,0,27.0,90,33.4,0.0,2.2,0.0,0
2025-08-12T23:00,2025-08-12,23,Tuesday,8,0,26.7,90,33.0,0.0,2.7,0.0,0
2025-08-13T00:00,2025-08-13,0,Wednesday,8,0,26.6,89,32.7,0.0,3.4,0.0,0
2025-08-13T01:00,2025-08-13,1,Wednesday,8,0,26.5,90,32.8,0.0,1.8,0.0,0
2025-08-13T02:00,2025-08-13,2,Wednesday,8,0,26.5,89,32.7,0.0,1.1,0.0,0
2025-08-13T03:00,2025-08-13,3,Wednesday,8,0,26.1,90,32.1,0.0,2.7,0.0,0
2025-08-13T04:00,2025-08-13,4,Wednesday,8,0,26.3,89,32.3,0.0,2.3,0.0,0
2025-08-13T05:00,2025-08-13,5,Wednesday,8,0,26.4,88,32.2,0.2,3.1,0.0,0
2025-08-13T06:00,2025-08-13,6,Wednesday,8,0,26.7,89,32.5,0.1,5.1,4.0,1
2025-08-13T07:00,2025-08-13,7,Wednesday,8,0,27.0,87,32.5,0.0,7.0,44.0,1
2025-08-13T08:00,2025-08-13,8,Wednesday,8,0,27.4,85,32.8,0.1,8.3,112.0,1
2025-08-13T09:00,2025-08-13,9,Wednesday,8,0,28.6,79,34.1,0.1,7.6,300.0,1
2025-08-13T10:00,2025-08-13,10,Wednesday,8,0,29.9,74,35.6,0.1,5.6,438.0,1
2025-08-13T11:00,2025-08-13,11,Wednesday,8,0,30.8,71,36.5,0.0,6.2,498.0,1
2025-08-13T12:00,2025-08-13,12,Wednesday,8,0,31.6,69,37.9,0.0,5.6,594.0,1
2025-08-13T13:00,2025-08-13,13,Wednesday,8,0,31.9,69,38.3,0.0,4.3,519.0,1
2025-08-13T14:00,2025-08-13,14,Wednesday,8,0,32.3,67,39.3,0.0,3.7,611.0,1
2025-08-13T15:00,2025-08-13,15,Wednesday,8,0,32.7,65,39.3,0.0,3.6,580.0,1
2025-08-13T16:00,2025-08-13,16,Wednesday,8,0,32.8,64,38.9,0.0,4.8,476.0,1
2025-08-13T17:00,2025-08-13,17,Wednesday,8,0,32.5,66,38.7,0.0,4.8,290.0,1
2025-08-13T18:00,2025-08-13,18,Wednesday,8,0,31.1,72,37.8,0.0,2.5,144.0,1
2025-08-13T19:00,2025-08-13,19,Wednesday,8,0,29.7,78,36.3,0.0,3.1,29.0,0
2025-08-13T20:00,2025-08-13,20,Wednesday,8,0,29.1,82,35.8,0.0,3.6,0.0,0
2025-08-13T21:00,2025-08-13,21,Wednesday,8,0,28.8,83,35.3,0.0,3.9,0.0,0
2025-08-13T22:00,2025-08-13,22,Wednesday,8,0,28.2,85,34.7,0.0,4.0,0.0,0
2025-08-13T23:00,2025-08-13,23,Wednesday,8,0,27.8,87,34.2,0.0,3.6,0.0,0
2025-08-14T00:00,2025-08-14,0,Thursday,8,0,27.8,85,34.0,0.0,3.8,0.0,0
2025-08-14T01:00,2025-08-14,1,Thursday,8,0,27.6,86,34.0,0.0,3.0,0.0,0
2025-08-14T02:00,2025-08-14,2,Thursday,8,0,28.0,81,33.7,0.0,4.5,0.0,0
2025-08-14T03:00,2025-08-14,3,Thursday,8,0,27.9,79,33.1,0.0,5.4,0.0,0
2025-08-14T04:00,2025-08-14,4,Thursday,8,0,27.4,81,32.8,0.0,4.0,0.0,0
2025-08-14T05:00,2025-08-14,5,Thursday,8,0,26.9,84,32.4,0.0,3.6,0.0,0
2025-08-14T06:00,2025-08-14,6,Thursday,8,0,26.6,87,32.2,0.0,5.1,6.0,1
2025-08-14T07:00,2025-08-14,7,Thursday,8,0,27.4,87,33.5,0.0,4.0,78.0,1
2025-08-14T08:00,2025-08-14,8,Thursday,8,0,28.5,83,34.9,0.0,3.5,218.0,1
2025-08-14T09:00,2025-08-14,9,Thursday,8,0,30.2,74,36.3,0.0,4.8,390.0,1
2025-08-14T10:00,2025-08-14,10,Thursday,8,0,31.1,71,37.1,0.1,6.7,472.0,1
2025-08-14T11:00,2025-08-14,11,Thursday,8,0,31.0,70,36.7,0.4,10.2,639.0,1
2025-08-14T12:00,2025-08-14,12,Thursday,8,0,30.8,75,37.1,0.5,8.3,613.0,1
2025-08-14T13:00,2025-08-14,13,Thursday,8,0,29.6,78,35.6,4.3,7.4,541.0,1
2025-08-14T14:00,2025-08-14,14,Thursday,8,0,28.4,81,33.5,3.2,10.1,301.0,1
2025-08-14T15:00,2025-08-14,15,Thursday,8,0,28.4,84,33.8,4.8,10.7,340.0,1
2025-08-14T16:00,2025-08-14,16,Thursday,8,0,27.8,86,33.1,5.8,10.2,190.0,1
2025-08-14T17:00,2025-08-14,17,Thursday,8,0,27.5,87,32.8,0.1,11.0,111.0,1
2025-08-14T18:00,2025-08-14,18,Thursday,8,0,26.7,88,31.3,1.1,12.3,44.0,1
2025-08-14T19:00,2025-08-14,19,Thursday,8,0,26.2,90,31.2,0.4,10.0,14.0,0
2025-08-14T20:00,2025-08-14,20,Thursday,8,0,26.0,89,31.2,0.0,6.9,0.0,0
2025-08-14T21:00,2025-08-14,21,Thursday,8,0,26.0,88,30.9,0.0,6.8,0.0,0
2025-08-14T22:00,2025-08-14,22,Thursday,8,0,25.4,90,30.7,0.0,3.9,0.0,0
2025-08-14T23:00,2025-08-14,23,Thursday,8,0,25.4,89,31.0,0.0,1.5,0.0,0
2025-08-15T00:00,2025-08-15,0,Friday,8,1,25.2,90,30.8,0.0,1.0,0.0,0
2025-08-15T01:00,2025-08-15,1,Friday,8,1,25.0,91,30.4,0.0,2.2,0.0,0
2025-08-15T02:00,2025-08-15,2,Friday,8,1,25.0,91,30.2,0.0,3.2,0.0,0
2025-08-15T03:00,2025-08-15,3,Friday,8,1,25.3,90,30.8,0.5,1.5,0.0,0
2025-08-15T04:00,2025-08-15,4,Friday,8,1,25.2,90,30.9,1.0,0.8,0.0,0
2025-08-15T05:00,2025-08-15,5,Friday,8,1,25.0,92,30.4,0.3,2.5,0.0,0
2025-08-15T06:00,2025-08-15,6,Friday,8,1,24.0,94,28.9,0.7,4.4,3.0,1
2025-08-15T07:00,2025-08-15,7,Friday,8,1,24.5,92,29.5,0.5,4.3,38.0,1
2025-08-15T08:00,2025-08-15,8,Friday,8,1,25.5,87,30.3,0.3,6.1,121.0,1
2025-08-15T09:00,2025-08-15,9,Friday,8,1,26.0,85,30.3,0.2,8.9,151.0,1
2025-08-15T10:00,2025-08-15,10,Friday,8,1,27.9,78,32.7,0.1,7.8,453.0,1
2025-08-15T11:00,2025-08-15,11,Friday,8,1,29.4,74,35.2,0.0,6.7,642.0,1
2025-08-15T12:00,2025-08-15,12,Friday,8,1,30.3,72,37.4,0.1,4.0,726.0,1
2025-08-15T13:00,2025-08-15,13,Friday,8,1,31.2,68,39.0,0.0,1.1,771.0,1
2025-08-15T14:00,2025-08-15,14,Friday,8,1,31.4,67,38.3,0.0,0.9,650.0,1
2025-08-15T15:00,2025-08-15,15,Friday,8,1,30.8,69,36.9,0.0,2.2,361.0,1
2025-08-15T16:00,2025-08-15,16,Friday,8,1,30.5,71,36.8,0.2,1.3,417.0,1
2025-08-15T17:00,2025-08-15,17,Friday,8,1,30.5,71,36.9,0.0,0.2,300.0,1
2025-08-15T18:00,2025-08-15,18,Friday,8,1,29.8,77,36.6,0.1,0.6,139.0,1
2025-08-15T19:00,2025-08-15,19,Friday,8,1,28.3,86,35.3,0.0,1.7,26.0,0
2025-08-15T20:00,2025-08-15,20,Friday,8,1,27.9,87,34.8,0.0,1.0,0.0,0
2025-08-15T21:00,2025-08-15,21,Friday,8,1,27.5,87,34.2,0.0,1.1,0.0,0
2025-08-15T22:00,2025-08-15,22,Friday,8,1,27.0,89,33.4,0.0,2.2,0.0,0
2025-08-15T23:00,2025-08-15,23,Friday,8,1,26.5,90,32.5,0.0,3.3,0.0,0
2025-08-16T00:00,2025-08-16,0,Saturday,8,1,26.2,88,31.8,2.6,4.5,0.0,0
2025-08-16T01:00,2025-08-16,1,Saturday,8,1,24.5,94,29.2,14.7,8.0,0.0,0
2025-08-16T02:00,2025-08-16,2,Saturday,8,1,24.2,96,29.0,5.1,6.9,0.0,0
2025-08-16T03:00,2025-08-16,3,Saturday,8,1,24.1,97,29.7,5.0,2.1,0.0,0
2025-08-16T04:00,2025-08-16,4,Saturday,8,1,24.4,96,30.1,1.0,1.4,0.0,0
2025-08-16T05:00,2025-08-16,5,Saturday,8,1,24.4,96,30.1,1.0,1.2,0.0,0
2025-08-16T06:00,2025-08-16,6,Saturday,8,1,25.2,96,30.9,0.1,4.9,5.0,1
2025-08-16T07:00,2025-08-16,7,Saturday,8,1,25.9,91,31.3,0.0,5.8,83.0,1
2025-08-16T08:00,2025-08-16,8,Saturday,8,1,27.0,86,33.3,0.1,1.3,245.0,1
2025-08-16T09:00,2025-08-16,9,Saturday,8,1,28.3,81,34.7,0.0,0.9,369.0,1
2025-08-16T10:00,2025-08-16,10,Saturday,8,1,29.7,75,35.9,0.0,3.3,561.0,1
2025-08-16T11:00,2025-08-16,11,Saturday,8,1,30.6,71,37.4,0.1,3.8,668.0,1
2025-08-16T12:00,2025-08-16,12,Saturday,8,1,31.6,67,39.0,0.0,5.2,781.0,1
2025-08-16T13:00,2025-08-16,13,Saturday,8,1,32.4,65,39.9,0.1,4.8,789.0,1
2025-08-16T14:00,2025-08-16,14,Saturday,8,1,32.5,64,39.3,0.0,6.0,724.0,1
2025-08-16T15:00,2025-08-16,15,Saturday,8,1,32.8,62,39.0,0.0,6.5,645.0,1
2025-08-16T16:00,2025-08-16,16,Saturday,8,1,32.6,63,38.2,0.0,5.8,490.0,1
2025-08-16T17:00,2025-08-16,17,Saturday,8,1,32.4,64,38.3,0.0,4.2,328.0,1
2025-08-16T18:00,2025-08-16,18,Saturday,8,1,32.0,73,39.6,0.0,2.4,151.0,1
2025-08-16T19:00,2025-08-16,19,Saturday,8,1,30.8,76,38.0,0.0,1.7,26.0,0
2025-08-16T20:00,2025-08-16,20,Saturday,8,1,30.0,79,37.1,0.0,1.4,0.0,0
2025-08-16T21:00,2025-08-16,21,Saturday,8,1,29.1,82,36.3,0.0,0.7,0.0,0
2025-08-16T22:00,2025-08-16,22,Saturday,8,1,28.0,87,34.5,0.0,4.4,0.0,0
2025-08-16T23:00,2025-08-16,23,Saturday,8,1,26.3,89,31.0,3.4,11.3,0.0,0
2025-08-17T00:00,2025-08-17,0,Sunday,8,1,25.4,95,31.0,5.8,5.4,0.0,0
2025-08-17T01:00,2025-08-17,1,Sunday,8,1,24.9,95,30.4,4.7,3.9,0.0,0
2025-08-17T02:00,2025-08-17,2,Sunday,8,1,25.0,91,29.5,3.9,8.7,0.0,0
2025-08-17T03:00,2025-08-17,3,Sunday,8,1,24.6,92,29.8,2.2,3.7,0.0,0
2025-08-17T04:00,2025-08-17,4,Sunday,8,1,24.0,96,28.5,8.1,8.1,0.0,0
2025-08-17T05:00,2025-08-17,5,Sunday,8,1,24.1,95,28.9,0.3,6.3,0.0,0
2025-08-17T06:00,2025-08-17,6,Sunday,8,1,25.7,96,31.7,1.3,5.3,5.0,1
2025-08-17T07:00,2025-08-17,7,Sunday,8,1,24.7,94,28.9,0.8,11.8,29.0,1
2025-08-17T08:00,2025-08-17,8,Sunday,8,1,24.7,93,30.0,6.0,3.4,78.0,1
2025-08-17T09:00,2025-08-17,9,Sunday,8,1,26.5,84,31.3,0.1,6.8,295.0,1
2025-08-17T10:00,2025-08-17,10,Sunday,8,1,27.9,78,33.1,0.0,4.0,464.0,1
2025-08-17T11:00,2025-08-17,11,Sunday,8,1,29.5,72,35.0,0.0,6.9,647.0,1
2025-08-17T12:00,2025-08-17,12,Sunday,8,1,30.6,69,37.3,0.0,4.3,716.0,1
2025-08-17T13:00,2025-08-17,13,Sunday,8,1,31.0,69,37.6,0.0,3.1,649.0,1
2025-08-17T14:00,2025-08-17,14,Sunday,8,1,31.4,68,38.0,0.0,4.2,638.0,1
2025-08-17T15:00,2025-08-17,15,Sunday,8,1,31.5,69,38.1,0.1,2.6,583.0,1
2025-08-17T16:00,2025-08-17,16,Sunday,8,1,31.4,70,37.9,0.0,2.1,458.0,1
2025-08-17T17:00,2025-08-17,17,Sunday,8,1,31.0,71,37.6,0.0,1.0,313.0,1
2025-08-17T18:00,2025-08-17,18,Sunday,8,1,28.1,78,33.0,0.0,8.6,118.0,1
2025-08-17T19:00,2025-08-17,19,Sunday,8,1,27.5,81,33.0,0.0,4.0,24.0,0
2025-08-17T20:00,2025-08-17,20,Sunday,8,1,27.1,86,33.4,0.0,1.7,0.0,0
2025-08-17T21:00,2025-08-17,21,Sunday,8,1,27.3,86,33.8,0.0,0.0,0.0,0
2025-08-17T22:00,2025-08-17,22,Sunday,8,1,26.3,89,32.0,1.8,3.6,0.0,0
2025-08-17T23:00,2025-08-17,23,Sunday,8,1,25.8,92,30.9,0.5,7.7,0.0,0
2025-08-18T00:00,2025-08-18,0,Monday,8,0,25.3,93,30.4,0.1,6.8,0.0,0
2025-08-18T01:00,2025-08-18,1,Monday,8,0,25.0,94,30.1,0.1,7.0,0.0,0
2025-08-18T02:00,2025-08-18,2,Monday,8,0,24.0,95,29.1,8.8,3.6,0.0,0
2025-08-18T03:00,2025-08-18,3,Monday,8,0,23.8,95,28.1,4.8,7.8,0.0,0
2025-08-18T04:00,2025-08-18,4,Monday,8,0,23.9,95,28.3,4.7,7.2,0.0,0
2025-08-18T05:00,2025-08-18,5,Monday,8,0,23.7,95,28.0,2.6,7.5,0.0,0
2025-08-18T06:00,2025-08-18,6,Monday,8,0,25.1,95,30.5,0.6,5.6,1.0,1
2025-08-18T07:00,2025-08-18,7,Monday,8,0,25.6,93,31.3,0.6,4.7,55.0,1
2025-08-18T08:00,2025-08-18,8,Monday,8,0,26.6,85,32.0,0.5,4.2,167.0,1
2025-08-18T09:00,2025-08-18,9,Monday,8,0,25.6,88,31.1,12.6,1.8,250.0,1
2025-08-18T10:00,2025-08-18,10,Monday,8,0,26.0,88,31.7,1.2,1.9,240.0,1
2025-08-18T11:00,2025-08-18,11,Monday,8,0,26.4,90,32.0,0.7,6.2,233.0,1
2025-08-18T12:00,2025-08-18,12,Monday,8,0,28.6,79,33.7,0.4,9.0,545.0,1
2025-08-18T13:00,2025-08-18,13,Monday,8,0,26.8,86,32.1,4.1,6.2,334.0,1
2025-08-18T14:00,2025-08-18,14,Monday,8,0,27.8,82,33.7,0.2,3.3,275.0,1
2025-08-18T15:00,2025-08-18,15,Monday,8,0,28.6,77,33.9,0.2,5.9,383.0,1
2025-08-18T16:00,2025-08-18,16,Monday,8,0,27.4,84,33.0,0.5,4.8,102.0,1
2025-08-18T17:00,2025-08-18,17,Monday,8,0,28.0,80,33.9,0.3,2.0,282.0,1
2025-08-18T18:00,2025-08-18,18,Monday,8,0,28.1,78,33.4,0.5,6.1,140.0,1
2025-08-18T19:00,2025-08-18,19,Monday,8,0,27.1,84,33.4,0.0,0.4,21.0,0
2025-08-18T20:00,2025-08-18,20,Monday,8,0,26.5,87,32.1,0.0,4.0,0.0,0
2025-08-18T21:00,2025-08-18,21,Monday,8,0,25.8,90,31.6,0.0,2.0,0.0,0
2025-08-18T22:00,2025-08-18,22,Monday,8,0,25.4,91,31.1,0.1,1.8,0.0,0
2025-08-18T23:00,2025-08-18,23,Monday,8,0,24.9,94,30.6,0.0,1.5,0.0,0
2025-08-19T00:00,2025-08-19,0,Tuesday,8,0,24.2,96,29.9,0.0,1.3,0.0,0
2025-08-19T01:00,2025-08-19,1,Tuesday,8,0,23.9,98,29.3,0.0,2.3,0.0,0
2025-08-19T02:00,2025-08-19,2,Tuesday,8,0,23.9,97,29.4,0.1,0.6,0.0,0
2025-08-19T03:00,2025-08-19,3,Tuesday,8,0,23.4,91,26.6,2.4,11.6,0.0,0
2025-08-19T04:00,2025-08-19,4,Tuesday,8,0,23.2,92,27.7,0.1,2.2,0.0,0
2025-08-19T05:00,2025-08-19,5,Tuesday,8,0,23.1,96,28.1,1.9,1.5,0.0,0
2025-08-19T06:00,2025-08-19,6,Tuesday,8,0,23.4,86,26.7,0.0,6.9,5.0,1
2025-08-19T07:00,2025-08-19,7,Tuesday,8,0,24.5,85,28.5,0.0,6.0,60.0,1
2025-08-19T08:00,2025-08-19,8,Tuesday,8,0,26.5,80,31.3,0.0,3.8,209.0,1
2025-08-19T09:00,2025-08-19,9,Tuesday,8,0,28.0,71,32.7,0.0,1.9,311.0,1
2025-08-19T10:00,2025-08-19,10,Tuesday,8,0,28.0,71,32.3,0.0,4.8,173.0,1
2025-08-19T11:00,2025-08-19,11,Tuesday,8,0,29.6,64,34.3,0.0,2.3,416.0,1
2025-08-19T12:00,2025-08-19,12,Tuesday,8,0,30.4,59,34.8,0.0,1.8,466.0,1
2025-08-19T13:00,2025-08-19,13,Tuesday,8,0,30.1,59,34.4,0.0,2.0,279.0,1
2025-08-19T14:00,2025-08-19,14,Tuesday,8,0,30.9,56,35.1,0.0,3.3,579.0,1
2025-08-19T15:00,2025-08-19,15,Tuesday,8,0,31.0,56,35.0,0.0,2.9,442.0,1
2025-08-19T16:00,2025-08-19,16,Tuesday,8,0,31.2,55,35.4,0.0,1.8,408.0,1
2025-08-19T17:00,2025-08-19,17,Tuesday,8,0,31.0,58,35.2,0.0,3.7,334.0,1
2025-08-19T18:00,2025-08-19,18,Tuesday,8,0,29.0,73,34.1,0.0,5.6,148.0,1
2025-08-19T19:00,2025-08-19,19,Tuesday,8,0,26.8,83,32.1,0.0,3.9,24.0,0
2025-08-19T20:00,2025-08-19,20,Tuesday,8,0,26.2,84,31.8,0.0,1.2,0.0,0
2025-08-19T21:00,2025-08-19,21,Tuesday,8,0,25.5,88,30.9,0.0,1.4,0.0,0
2025-08-19T22:00,2025-08-19,22,Tuesday,8,0,24.2,93,29.2,0.0,3.5,0.0,0
2025-08-19T23:00,2025-08-19,23,Tuesday,8,0,23.5,96,28.4,0.0,3.3,0.0,0
2025-08-20T00:00,2025-08-20,0,Wednesday,8,0,23.0,97,27.9,0.0,2.3,0.0,0
2025-08-20T01:00,2025-08-20,1,Wednesday,8,0,22.9,98,27.6,0.0,2.7,0.0,0
2025-08-20T02:00,2025-08-20,2,Wednesday,8,0,22.8,97,27.4,0.0,3.2,0.0,0
2025-08-20T03:00,2025-08-20,3,Wednesday,8,0,22.6,96,27.0,0.0,3.4,0.0,0
2025-08-20T04:00,2025-08-20,4,Wednesday,8,0,22.6,94,26.7,0.0,4.5,0.0,0
2025-08-20T05:00,2025-08-20,5,Wednesday,8,0,22.5,94,26.4,0.0,4.8,0.0,0
2025-08-20T06:00,2025-08-20,6,Wednesday,8,0,23.4,92,28.1,0.0,1.9,5.0,1
2025-08-20T07:00,2025-08-20,7,Wednesday,8,0,24.6,87,28.3,0.0,9.3,93.0,1
2025-08-20T08:00,2025-08-20,8,Wednesday,8,0,25.6,80,29.7,0.0,5.2,243.0,1
2025-08-20T09:00,2025-08-20,9,Wednesday,8,0,27.2,74,31.8,0.0,3.1,426.0,1
2025-08-20T10:00,2025-08-20,10,Wednesday,8,0,28.8,69,34.1,0.0,1.9,617.0,1
2025-08-20T11:00,2025-08-20,11,Wednesday,8,0,30.2,64,36.5,0.0,2.4,743.0,1
2025-08-20T12:00,2025-08-20,12,Wednesday,8,0,31.2,60,37.5,0.0,4.2,794.0,1
2025-08-20T13:00,2025-08-20,13,Wednesday,8,0,31.8,57,37.7,0.0,5.6,807.0,1
2025-08-20T14:00,2025-08-20,14,Wednesday,8,0,32.0,55,37.5,0.0,4.6,757.0,1
2025-08-20T15:00,2025-08-20,15,Wednesday,8,0,32.2,52,37.0,0.0,2.1,641.0,1
2025-08-20T16:00,2025-08-20,16,Wednesday,8,0,32.0,52,36.0,0.0,2.6,496.0,1
2025-08-20T17:00,2025-08-20,17,Wednesday,8,0,31.4,55,35.3,0.0,4.0,323.0,1
2025-08-20T18:00,2025-08-20,18,Wednesday,8,0,28.9,72,33.3,0.0,9.0,138.0,1
2025-08-20T19:00,2025-08-20,19,Wednesday,8,0,27.5,78,32.3,0.0,6.0,20.0,0
2025-08-20T20:00,2025-08-20,20,Wednesday,8,0,26.1,86,31.5,0.0,3.2,0.0,0
2025-08-20T21:00,2025-08-20,21,Wednesday,8,0,25.9,88,31.7,0.0,0.6,0.0,0
2025-08-20T22:00,2025-08-20,22,Wednesday,8,0,25.2,91,30.7,0.0,1.9,0.0,0
2025-08-20T23:00,2025-08-20,23,Wednesday,8,0,24.5,93,29.8,0.0,3.0,0.0,0
2025-08-21T00:00,2025-08-21,0,Thursday,8,0,24.1,94,29.2,0.0,2.9,0.0,0
2025-08-21T01:00,2025-08-21,1,Thursday,8,0,23.8,94,28.6,0.0,3.6,0.0,0
2025-08-21T02:00,2025-08-21,2,Thursday,8,0,23.7,93,28.3,0.0,4.0,0.0,0
2025-08-21T03:00,2025-08-21,3,Thursday,8,0,23.9,90,28.2,0.0,5.3,0.0,0
2025-08-21T04:00,2025-08-21,4,Thursday,8,0,23.8,90,28.1,0.0,4.1,0.0,0
2025-08-21T05:00,2025-08-21,5,Thursday,8,0,23.5,92,28.0,0.0,3.1,0.0,0
2025-08-21T06:00,2025-08-21,6,Thursday,8,0,24.5,90,29.5,0.0,3.5,5.0,1
2025-08-21T07:00,2025-08-21,7,Thursday,8,0,25.6,89,31.1,0.0,2.7,91.0,1
2025-08-21T08:00,2025-08-21,8,Thursday,8,0,27.1,84,33.2,0.0,1.5,258.0,1
2025-08-21T09:00,2025-08-21,9,Thursday,8,0,29.0,74,34.3,0.0,5.8,447.0,1
2025-08-21T10:00,2025-08-21,10,Thursday,8,0,30.6,66,36.0,0.0,5.5,606.0,1
2025-08-21T11:00,2025-08-21,11,Thursday,8,0,31.5,62,37.2,0.0,6.0,707.0,1
2025-08-21T12:00,2025-08-21,12,Thursday,8,0,32.1,60,38.6,0.0,5.4,807.0,1
2025-08-21T13:00,2025-08-21,13,Thursday,8,0,32.5,58,39.1,0.0,4.2,804.0,1
2025-08-21T14:00,2025-08-21,14,Thursday,8,0,32.8,56,39.3,0.0,2.4,754.0,1
2025-08-21T15:00,2025-08-21,15,Thursday,8,0,32.9,56,38.9,0.0,0.6,641.0,1
2025-08-21T16:00,2025-08-21,16,Thursday,8,0,32.7,57,38.0,0.0,1.4,487.0,1
2025-08-21T17:00,2025-08-21,17,Thursday,8,0,32.2,60,37.2,0.0,4.2,310.0,1
2025-08-21T18:00,2025-08-21,18,Thursday,8,0,31.5,70,38.0,0.0,2.7,143.0,1
2025-08-21T19:00,2025-08-21,19,Thursday,8,0,29.6,72,35.5,0.0,2.4,21.0,0
2025-08-21T20:00,2025-08-21,20,Thursday,8,0,28.5,77,34.4,0.0,1.8,0.0,0
2025-08-21T21:00,2025-08-21,21,Thursday,8,0,27.1,83,32.6,0.0,3.9,0.0,0
2025-08-21T22:00,2025-08-21,22,Thursday,8,0,26.5,85,31.7,0.0,4.5,0.0,0
2025-08-21T23:00,2025-08-21,23,Thursday,8,0,26.2,85,31.3,0.0,5.0,0.0,0
2025-08-22T00:00,2025-08-22,0,Friday,8,1,26.1,83,30.9,0.0,5.6,0.0,0
2025-08-22T01:00,2025-08-22,1,Friday,8,1,25.5,85,30.2,0.0,4.9,0.0,0
2025-08-22T02:00,2025-08-22,2,Friday,8,1,25.0,87,29.6,0.0,4.2,0.0,0
2025-08-22T03:00,2025-08-22,3,Friday,8,1,24.4,89,29.0,0.0,3.9,0.0,0
2025-08-22T04:00,2025-08-22,4,Friday,8,1,24.0,92,28.7,0.0,3.5,0.0,0
2025-08-22T05:00,2025-08-22,5,Friday,8,1,23.6,94,28.3,0.0,4.0,0.0,0
2025-08-22T06:00,2025-08-22,6,Friday,8,1,25.4,86,30.3,0.0,2.9,5.0,1
2025-08-22T07:00,2025-08-22,7,Friday,8,1,26.5,85,31.8,0.0,3.5,91.0,1
2025-08-22T08:00,2025-08-22,8,Friday,8,1,28.4,77,34.1,0.0,2.7,261.0,1
2025-08-22T09:00,2025-08-22,9,Friday,8,1,29.9,70,35.5,0.0,2.4,451.0,1
2025-08-22T10:00,2025-08-22,10,Friday,8,1,30.9,67,36.7,0.0,4.3,604.0,1
2025-08-22T11:00,2025-08-22,11,Friday,8,1,31.8,63,37.7,0.1,6.5,713.0,1
2025-08-22T12:00,2025-08-22,12,Friday,8,1,32.5,60,38.6,0.0,7.8,791.0,1
2025-08-22T13:00,2025-08-22,13,Friday,8,1,33.0,57,39.1,0.0,8.1,812.0,1
2025-08-22T14:00,2025-08-22,14,Friday,8,1,33.2,56,39.0,0.0,7.6,758.0,1
2025-08-22T15:00,2025-08-22,15,Friday,8,1,33.5,55,38.8,0.0,5.9,662.0,1
2025-08-22T16:00,2025-08-22,16,Friday,8,1,33.5,54,38.2,0.0,4.4,504.0,1
2025-08-22T17:00,2025-08-22,17,Friday,8,1,33.0,56,38.0,0.0,2.7,325.0,1
2025-08-22T18:00,2025-08-22,18,Friday,8,1,32.0,67,38.6,0.0,2.3,138.0,1
2025-08-22T19:00,2025-08-22,19,Friday,8,1,30.0,72,36.2,0.0,1.8,20.0,0
2025-08-22T20:00,2025-08-22,20,Friday,8,1,29.0,76,35.1,0.0,1.1,0.0,0
2025-08-22T21:00,2025-08-22,21,Friday,8,1,27.9,81,33.6,0.0,3.6,0.0,0
2025-08-22T22:00,2025-08-22,22,Friday,8,1,26.8,85,32.3,0.0,4.4,0.0,0
2025-08-22T23:00,2025-08-22,23,Friday,8,1,26.7,83,31.7,0.0,6.2,0.0,0
2025-08-23T00:00,2025-08-23,0,Saturday,8,1,26.2,84,31.1,0.0,4.9,0.0,0
2025-08-23T01:00,2025-08-23,1,Saturday,8,1,25.9,84,30.7,0.0,4.5,0.0,0
2025-08-23T02:00,2025-08-23,2,Saturday,8,1,25.6,85,30.3,0.0,4.4,0.0,0
2025-08-23T03:00,2025-08-23,3,Saturday,8,1,25.4,85,30.0,0.0,4.4,0.0,0
2025-08-23T04:00,2025-08-23,4,Saturday,8,1,25.0,86,29.6,0.0,4.0,0.0,0
2025-08-23T05:00,2025-08-23,5,Saturday,8,1,24.5,88,29.2,0.0,3.6,0.0,0
2025-08-23T06:00,2025-08-23,6,Saturday,8,1,25.8,88,31.5,0.0,1.4,4.0,1
2025-08-23T07:00,2025-08-23,7,Saturday,8,1,26.9,85,33.0,0.0,0.4,76.0,1
2025-08-23T08:00,2025-08-23,8,Saturday,8,1,28.1,79,34.2,0.0,1.3,239.0,1
2025-08-23T09:00,2025-08-23,9,Saturday,8,1,29.7,73,35.5,0.0,3.5,426.0,1
2025-08-23T10:00,2025-08-23,10,Saturday,8,1,30.7,70,36.5,0.0,5.8,571.0,1
2025-08-23T11:00,2025-08-23,11,Saturday,8,1,31.2,69,37.3,0.2,7.3,636.0,1
2025-08-23T12:00,2025-08-23,12,Saturday,8,1,31.5,69,38.4,0.2,5.1,688.0,1
2025-08-23T13:00,2025-08-23,13,Saturday,8,1,29.5,77,35.5,0.3,5.1,539.0,1
2025-08-23T14:00,2025-08-23,14,Saturday,8,1,28.2,78,32.4,4.7,13.4,452.0,1
2025-08-23T15:00,2025-08-23,15,Saturday,8,1,27.2,80,31.8,0.2,8.5,282.0,1
2025-08-23T16:00,2025-08-23,16,Saturday,8,1,27.6,77,32.2,0.0,7.0,266.0,1
2025-08-23T17:00,2025-08-23,17,Saturday,8,1,28.5,74,33.6,0.0,4.1,271.0,1
2025-08-23T18:00,2025-08-23,18,Saturday,8,1,28.0,76,32.6,0.0,6.8,103.0,1
2025-08-23T19:00,2025-08-23,19,Saturday,8,1,27.6,77,32.5,0.0,5.1,16.0,0
2025-08-23T20:00,2025-08-23,20,Saturday,8,1,27.0,82,32.3,0.0,4.7,0.0,0
2025-08-23T21:00,2025-08-23,21,Saturday,8,1,26.4,87,32.0,0.0,3.2,0.0,0
2025-08-23T22:00,2025-08-23,22,Saturday,8,1,25.9,87,31.0,0.4,5.0,0.0,0
2025-08-23T23:00,2025-08-23,23,Saturday,8,1,24.8,88,28.2,1.2,11.9,0.0,0
2025-08-24T00:00,2025-08-24,0,Sunday,8,1,23.7,89,27.1,2.0,10.2,0.0,0
2025-08-24T01:00,2025-08-24,1,Sunday,8,1,24.1,89,28.7,0.1,2.8,0.0,0
2025-08-24T02:00,2025-08-24,2,Sunday,8,1,23.6,93,27.7,3.1,7.3,0.0,0
2025-08-24T03:00,2025-08-24,3,Sunday,8,1,23.5,92,27.8,0.8,4.7,0.0,0
2025-08-24T04:00,2025-08-24,4,Sunday,8,1,23.6,90,27.5,1.1,6.5,0.0,0
2025-08-24T05:00,2025-08-24,5,Sunday,8,1,23.2,93,27.0,1.8,8.1,0.0,0
2025-08-24T06:00,2025-08-24,6,Sunday,8,1,23.6,92,28.1,5.4,4.0,0.0,1
2025-08-24T07:00,2025-08-24,7,Sunday,8,1,23.8,93,28.5,4.2,3.7,8.0,1
2025-08-24T08:00,2025-08-24,8,Sunday,8,1,24.0,94,28.7,2.2,4.9,40.0,1
2025-08-24T09:00,2025-08-24,9,Sunday,8,1,24.9,89,29.7,1.1,4.4,165.0,1
2025-08-24T10:00,2025-08-24,10,Sunday,8,1,26.0,82,30.7,0.2,3.9,301.0,1
2025-08-24T11:00,2025-08-24,11,Sunday,8,1,27.4,76,32.2,0.1,3.8,466.0,1
2025-08-24T12:00,2025-08-24,12,Sunday,8,1,29.0,70,33.6,0.1,8.1,602.0,1
2025-08-24T13:00,2025-08-24,13,Sunday,8,1,29.0,69,33.0,0.0,12.9,628.0,1
2025-08-24T14:00,2025-08-24,14,Sunday,8,1,27.2,79,32.4,3.4,5.1,592.0,1
2025-08-24T15:00,2025-08-24,15,Sunday,8,1,27.0,79,31.4,0.1,7.5,325.0,1
2025-08-24T16:00,2025-08-24,16,Sunday,8,1,27.8,74,31.9,0.2,9.2,390.0,1
2025-08-24T17:00,2025-08-24,17,Sunday,8,1,27.5,75,32.3,0.1,4.3,258.0,1
2025-08-24T18:00,2025-08-24,18,Sunday,8,1,25.9,81,29.6,0.1,8.8,95.0,1
2025-08-24T19:00,2025-08-24,19,Sunday,8,1,25.1,84,30.0,0.0,1.5,16.0,0
2025-08-24T20:00,2025-08-24,20,Sunday,8,1,25.1,83,29.9,0.0,0.4,0.0,0
2025-08-24T21:00,2025-08-24,21,Sunday,8,1,24.7,85,29.4,0.0,1.7,0.0,0
2025-08-24T22:00,2025-08-24,22,Sunday,8,1,24.0,88,28.8,0.0,1.4,0.0,0
2025-08-24T23:00,2025-08-24,23,Sunday,8,1,23.5,91,28.3,0.0,0.8,0.0,0
2025-08-25T00:00,2025-08-25,0,Monday,8,0,23.1,93,27.9,0.0,0.7,0.0,0
2025-08-25T01:00,2025-08-25,1,Monday,8,0,22.7,95,27.5,0.0,0.4,0.0,0
2025-08-25T02:00,2025-08-25,2,Monday,8,0,22.2,96,26.6,0.0,2.1,0.0,0
2025-08-25T03:00,2025-08-25,3,Monday,8,0,22.3,94,26.7,0.0,0.7,0.0,0
2025-08-25T04:00,2025-08-25,4,Monday,8,0,22.0,96,26.4,0.0,0.4,0.0,0
2025-08-25T05:00,2025-08-25,5,Monday,8,0,21.8,96,26.3,0.0,0.3,0.0,0
2025-08-25T06:00,2025-08-25,6,Monday,8,0,22.6,98,27.7,0.0,0.6,4.0,1
2025-08-25T07:00,2025-08-25,7,Monday,8,0,24.0,93,28.8,0.0,3.6,88.0,1
2025-08-25T08:00,2025-08-25,8,Monday,8,0,25.6,86,30.7,0.0,3.3,258.0,1
2025-08-25T09:00,2025-08-25,9,Monday,8,0,27.4,79,32.5,0.0,3.5,448.0,1
2025-08-25T10:00,2025-08-25,10,Monday,8,0,29.0,72,34.2,0.0,5.7,618.0,1
2025-08-25T11:00,2025-08-25,11,Monday,8,0,30.3,63,35.5,0.0,8.1,743.0,1
2025-08-25T12:00,2025-08-25,12,Monday,8,0,30.5,64,35.4,0.0,13.1,805.0,1
2025-08-25T13:00,2025-08-25,13,Monday,8,0,29.5,70,34.3,1.2,14.7,777.0,1
2025-08-25T14:00,2025-08-25,14,Monday,8,0,28.9,67,32.1,0.1,12.9,569.0,1
2025-08-25T15:00,2025-08-25,15,Monday,8,0,29.8,65,33.8,0.2,7.6,547.0,1
2025-08-25T16:00,2025-08-25,16,Monday,8,0,29.8,64,34.3,0.2,3.8,473.0,1
2025-08-25T17:00,2025-08-25,17,Monday,8,0,29.2,65,34.0,0.0,1.7,301.0,1
2025-08-25T18:00,2025-08-25,18,Monday,8,0,28.5,73,33.6,0.0,2.7,128.0,1
2025-08-25T19:00,2025-08-25,19,Monday,8,0,26.6,78,31.1,0.0,5.1,16.0,0
2025-08-25T20:00,2025-08-25,20,Monday,8,0,25.6,82,30.1,0.0,4.2,0.0,0
2025-08-25T21:00,2025-08-25,21,Monday,8,0,25.2,82,30.0,0.0,0.9,0.0,0
2025-08-25T22:00,2025-08-25,22,Monday,8,0,24.5,85,28.9,0.0,3.4,0.0,0
2025-08-25T23:00,2025-08-25,23,Monday,8,0,24.2,87,28.7,0.0,2.8,0.0,0
2025-08-26T00:00,2025-08-26,0,Tuesday,8,0,23.6,91,28.4,0.0,1.9,0.0,0
2025-08-26T01:00,2025-08-26,1,Tuesday,8,0,23.2,94,28.1,0.0,0.9,0.0,0
2025-08-26T02:00,2025-08-26,2,Tuesday,8,0,23.0,95,27.8,0.0,0.4,0.0,0
2025-08-26T03:00,2025-08-26,3,Tuesday,8,0,22.7,95,27.5,0.0,0.6,0.0,0
2025-08-26T04:00,2025-08-26,4,Tuesday,8,0,22.5,96,27.0,0.0,1.1,0.0,0
2025-08-26T05:00,2025-08-26,5,Tuesday,8,0,22.2,95,26.1,0.0,5.2,0.0,0
2025-08-26T06:00,2025-08-26,6,Tuesday,8,0,22.9,93,26.7,0.0,5.6,3.0,1
2025-08-26T07:00,2025-08-26,7,Tuesday,8,0,24.0,88,28.0,0.0,5.4,82.0,1
2025-08-26T08:00,2025-08-26,8,Tuesday,8,0,25.3,85,29.8,0.0,5.3,246.0,1
2025-08-26T09:00,2025-08-26,9,Tuesday,8,0,26.7,80,31.5,0.0,4.4,423.0,1
2025-08-26T10:00,2025-08-26,10,Tuesday,8,0,28.5,72,33.1,0.0,7.5,597.0,1
2025-08-26T11:00,2025-08-26,11,Tuesday,8,0,29.5,67,34.7,0.0,5.6,672.0,1
2025-08-26T12:00,2025-08-26,12,Tuesday,8,0,30.2,63,35.7,0.0,7.4,776.0,1
2025-08-26T13:00,2025-08-26,13,Tuesday,8,0,30.8,62,36.6,0.0,5.1,767.0,1
2025-08-26T14:00,2025-08-26,14,Tuesday,8,0,31.1,61,36.7,0.0,4.7,697.0,1
2025-08-26T15:00,2025-08-26,15,Tuesday,8,0,31.2,59,35.8,0.0,6.6,623.0,1
2025-08-26T16:00,2025-08-26,16,Tuesday,8,0,30.9,58,34.5,0.0,7.8,485.0,1
2025-08-26T17:00,2025-08-26,17,Tuesday,8,0,30.2,59,34.1,0.0,4.7,302.0,1
2025-08-26T18:00,2025-08-26,18,Tuesday,8,0,27.3,68,30.1,0.0,10.8,130.0,1
2025-08-26T19:00,2025-08-26,19,Tuesday,8,0,25.7,75,30.0,0.0,0.5,15.0,0
2025-08-26T20:00,2025-08-26,20,Tuesday,8,0,24.9,78,28.7,0.0,3.2,0.0,0
2025-08-26T21:00,2025-08-26,21,Tuesday,8,0,24.8,78,28.8,0.0,1.5,0.0,0
2025-08-26T22:00,2025-08-26,22,Tuesday,8,0,24.3,80,28.1,0.0,2.4,0.0,0
2025-08-26T23:00,2025-08-26,23,Tuesday,8,0,24.4,82,27.4,0.0,9.9,0.0,0
2025-08-27T00:00,2025-08-27,0,Wednesday,8,0,24.2,83,27.9,0.0,5.8,0.0,0
2025-08-27T01:00,2025-08-27,1,Wednesday,8,0,23.8,86,27.8,0.0,3.6,0.0,0
2025-08-27T02:00,2025-08-27,2,Wednesday,8,0,24.0,85,28.4,0.0,0.6,0.0,0
2025-08-27T03:00,2025-08-27,3,Wednesday,8,0,23.8,86,28.3,0.0,0.5,0.0,0
2025-08-27T04:00,2025-08-27,4,Wednesday,8,0,23.4,87,27.5,0.0,1.9,0.0,0
2025-08-27T05:00,2025-08-27,5,Wednesday,8,0,23.8,86,28.0,0.0,2.0,0.0,0
2025-08-27T06:00,2025-08-27,6,Wednesday,8,0,23.6,88,27.9,0.2,2.7,1.0,1
2025-08-27T07:00,2025-08-27,7,Wednesday,8,0,24.0,87,28.3,0.2,3.0,36.0,1
2025-08-27T08:00,2025-08-27,8,Wednesday,8,0,24.8,84,29.3,0.2,2.3,119.0,1
2025-08-27T09:00,2025-08-27,9,Wednesday,8,0,24.9,88,30.0,1.5,2.0,171.0,1
2025-08-27T10:00,2025-08-27,10,Wednesday,8,0,25.1,89,30.2,1.2,3.0,182.0,1
2025-08-27T11:00,2025-08-27,11,Wednesday,8,0,25.2,88,30.2,0.6,3.7,150.0,1
2025-08-27T12:00,2025-08-27,12,Wednesday,8,0,26.2,78,31.0,0.3,1.7,259.0,1
2025-08-27T13:00,2025-08-27,13,Wednesday,8,0,27.0,74,31.7,0.0,1.3,291.0,1
2025-08-27T14:00,2025-08-27,14,Wednesday,8,0,27.8,72,32.3,0.0,3.3,296.0,1
2025-08-27T15:00,2025-08-27,15,Wednesday,8,0,29.1,65,33.2,0.1,4.7,454.0,1
2025-08-27T16:00,2025-08-27,16,Wednesday,8,0,29.1,63,33.2,0.0,3.0,358.0,1
2025-08-27T17:00,2025-08-27,17,Wednesday,8,0,28.6,66,32.6,0.0,4.3,220.0,1
2025-08-27T18:00,2025-08-27,18,Wednesday,8,0,28.2,76,33.6,0.0,3.3,119.0,1
2025-08-27T19:00,2025-08-27,19,Wednesday,8,0,26.3,86,31.9,0.0,2.4,14.0,0
2025-08-27T20:00,2025-08-27,20,Wednesday,8,0,25.3,91,31.0,0.0,1.9,0.0,0
2025-08-27T21:00,2025-08-27,21,Wednesday,8,0,24.9,93,30.7,0.0,0.4,0.0,0
2025-08-27T22:00,2025-08-27,22,Wednesday,8,0,24.4,95,30.1,0.0,0.4,0.0,0
2025-08-27T23:00,2025-08-27,23,Wednesday,8,0,23.7,97,29.0,0.0,2.0,0.0,0
2025-08-28T00:00,2025-08-28,0,Thursday,8,0,23.5,97,28.7,0.0,2.4,0.0,0
2025-08-28T01:00,2025-08-28,1,Thursday,8,0,23.2,97,28.2,0.0,2.5,0.0,0
2025-08-28T02:00,2025-08-28,2,Thursday,8,0,22.9,97,27.7,0.0,2.3,0.0,0
2025-08-28T03:00,2025-08-28,3,Thursday,8,0,22.9,96,27.3,0.0,4.4,0.0,0
2025-08-28T04:00,2025-08-28,4,Thursday,8,0,22.5,95,26.7,0.0,3.9,0.0,0
2025-08-28T05:00,2025-08-28,5,Thursday,8,0,22.3,94,26.3,0.0,3.4,0.0,0
2025-08-28T06:00,2025-08-28,6,Thursday,8,0,23.5,93,28.3,0.0,2.4,3.0,1
2025-08-28T07:00,2025-08-28,7,Thursday,8,0,25.0,89,30.3,0.0,2.0,78.0,1
2025-08-28T08:00,2025-08-28,8,Thursday,8,0,27.1,82,32.7,0.0,2.3,240.0,1
2025-08-28T09:00,2025-08-28,9,Thursday,8,0,28.9,75,34.4,0.0,3.0,426.0,1
2025-08-28T10:00,2025-08-28,10,Thursday,8,0,30.3,67,35.8,0.0,3.8,590.0,1
2025-08-28T11:00,2025-08-28,11,Thursday,8,0,31.2,63,37.4,0.0,3.9,707.0,1
2025-08-28T12:00,2025-08-28,12,Thursday,8,0,32.1,60,38.3,0.0,5.4,773.0,1
2025-08-28T13:00,2025-08-28,13,Thursday,8,0,32.3,59,38.7,0.0,5.3,781.0,1
2025-08-28T14:00,2025-08-28,14,Thursday,8,0,32.6,59,39.3,0.0,2.0,720.0,1
2025-08-28T15:00,2025-08-28,15,Thursday,8,0,32.8,59,38.9,0.0,0.7,608.0,1
2025-08-28T16:00,2025-08-28,16,Thursday,8,0,32.5,60,38.2,0.0,1.4,447.0,1
2025-08-28T17:00,2025-08-28,17,Thursday,8,0,32.0,62,37.6,0.0,3.1,283.0,1
2025-08-28T18:00,2025-08-28,18,Thursday,8,0,30.3,73,35.8,0.0,8.0,117.0,1
2025-08-28T19:00,2025-08-28,19,Thursday,8,0,28.6,79,34.4,0.0,4.2,12.0,0
2025-08-28T20:00,2025-08-28,20,Thursday,8,0,27.5,87,34.0,0.0,2.3,0.0,0
2025-08-28T21:00,2025-08-28,21,Thursday,8,0,26.9,90,33.4,0.0,1.8,0.0,0
2025-08-28T22:00,2025-08-28,22,Thursday,8,0,26.4,92,32.6,0.0,3.1,0.0,0
2025-08-28T23:00,2025-08-28,23,Thursday,8,0,26.0,92,31.8,0.0,4.6,0.0,0
2025-08-29T00:00,2025-08-29,0,Friday,8,1,25.9,89,31.3,0.0,4.5,0.0,0
2025-08-29T01:00,2025-08-29,1,Friday,8,1,26.0,86,31.1,0.0,4.6,0.0,0
2025-08-29T02:00,2025-08-29,2,Friday,8,1,25.9,86,30.8,0.0,4.7,0.0,0
2025-08-29T03:00,2025-08-29,3,Friday,8,1,26.0,84,30.5,0.0,6.2,0.0,0
2025-08-29T04:00,2025-08-29,4,Friday,8,1,25.5,85,29.9,0.0,6.4,0.0,0
2025-08-29T05:00,2025-08-29,5,Friday,8,1,24.3,90,28.9,3.1,4.2,0.0,0
2025-08-29T06:00,2025-08-29,6,Friday,8,1,25.1,89,30.2,0.0,3.7,2.0,1
2025-08-29T07:00,2025-08-29,7,Friday,8,1,26.2,86,31.7,0.0,3.5,78.0,1
2025-08-29T08:00,2025-08-29,8,Friday,8,1,27.9,82,33.7,0.0,3.4,239.0,1
2025-08-29T09:00,2025-08-29,9,Friday,8,1,29.6,72,35.2,0.0,4.1,412.0,1
2025-08-29T10:00,2025-08-29,10,Friday,8,1,30.6,70,36.4,0.0,4.6,568.0,1
2025-08-29T11:00,2025-08-29,11,Friday,8,1,30.9,70,37.1,0.1,7.0,639.0,1
2025-08-29T12:00,2025-08-29,12,Friday,8,1,31.1,71,38.0,0.2,6.5,703.0,1
2025-08-29T13:00,2025-08-29,13,Friday,8,1,31.3,69,38.4,0.1,3.6,676.0,1
2025-08-29T14:00,2025-08-29,14,Friday,8,1,32.0,66,38.6,0.1,4.0,627.0,1
2025-08-29T15:00,2025-08-29,15,Friday,8,1,31.8,66,37.8,0.9,3.5,509.0,1
2025-08-29T16:00,2025-08-29,16,Friday,8,1,31.7,66,37.6,0.1,4.3,380.0,1
2025-08-29T17:00,2025-08-29,17,Friday,8,1,30.6,71,36.5,0.1,4.0,238.0,1
2025-08-29T18:00,2025-08-29,18,Friday,8,1,29.7,76,35.8,0.0,4.5,114.0,1
2025-08-29T19:00,2025-08-29,19,Friday,8,1,28.3,82,34.3,0.0,4.9,12.0,0
2025-08-29T20:00,2025-08-29,20,Friday,8,1,27.6,84,33.3,0.0,6.0,0.0,0
2025-08-29T21:00,2025-08-29,21,Friday,8,1,26.6,85,31.5,0.0,8.5,0.0,0
2025-08-29T22:00,2025-08-29,22,Friday,8,1,24.8,93,29.2,1.6,9.8,0.0,0
2025-08-29T23:00,2025-08-29,23,Friday,8,1,24.8,89,29.2,0.2,7.1,0.0,0
2025-08-30T00:00,2025-08-30,0,Saturday,8,1,24.3,92,29.3,0.0,3.4,0.0,0
2025-08-30T01:00,2025-08-30,1,Saturday,8,1,24.4,92,29.5,0.0,2.9,0.0,0
2025-08-30T02:00,2025-08-30,2,Saturday,8,1,24.1,94,29.4,0.2,1.6,0.0,0
2025-08-30T03:00,2025-08-30,3,Saturday,8,1,23.9,96,29.1,1.5,1.8,0.0,0
2025-08-30T04:00,2025-08-30,4,Saturday,8,1,23.6,95,28.5,0.0,3.2,0.0,0
2025-08-30T05:00,2025-08-30,5,Saturday,8,1,23.4,94,28.1,0.0,2.4,0.0,0
2025-08-30T06:00,2025-08-30,6,Saturday,8,1,24.8,90,29.4,0.1,6.3,1.0,1
2025-08-30T07:00,2025-08-30,7,Saturday,8,1,25.4,87,29.7,0.0,7.8,33.0,1
2025-08-30T08:00,2025-08-30,8,Saturday,8,1,26.8,80,31.8,0.0,3.3,217.0,1
2025-08-30T09:00,2025-08-30,9,Saturday,8,1,27.7,77,32.6,0.0,5.1,352.0,1
2025-08-30T10:00,2025-08-30,10,Saturday,8,1,28.5,75,33.1,0.1,8.0,498.0,1
2025-08-30T11:00,2025-08-30,11,Saturday,8,1,27.6,76,32.0,0.9,8.0,538.0,1
2025-08-30T12:00,2025-08-30,12,Saturday,8,1,28.0,75,32.4,0.1,8.4,397.0,1
2025-08-30T13:00,2025-08-30,13,Saturday,8,1,29.6,69,35.3,0.1,5.6,675.0,1
2025-08-30T14:00,2025-08-30,14,Saturday,8,1,30.4,65,36.3,0.1,2.8,673.0,1
2025-08-30T15:00,2025-08-30,15,Saturday,8,1,30.8,63,36.3,0.0,1.5,585.0,1
2025-08-30T16:00,2025-08-30,16,Saturday,8,1,30.2,66,35.3,0.4,4.1,442.0,1
2025-08-30T17:00,2025-08-30,17,Saturday,8,1,29.3,70,34.1,0.0,5.4,150.0,1
2025-08-30T18:00,2025-08-30,18,Saturday,8,1,28.9,70,34.0,0.0,1.5,99.0,1
2025-08-30T19:00,2025-08-30,19,Saturday,8,1,27.5,78,33.0,0.0,0.7,10.0,0
2025-08-30T20:00,2025-08-30,20,Saturday,8,1,26.9,81,32.5,0.0,0.6,0.0,0
2025-08-30T21:00,2025-08-30,21,Saturday,8,1,26.5,83,32.2,0.0,0.5,0.0,0
2025-08-30T22:00,2025-08-30,22,Saturday,8,1,25.9,87,31.4,0.0,1.3,0.0,0
2025-08-30T23:00,2025-08-30,23,Saturday,8,1,25.2,90,31.0,0.0,0.6,0.0,0
2025-08-31T00:00,2025-08-31,0,Sunday,8,1,24.9,92,30.6,0.0,0.8,0.0,0
2025-08-31T01:00,2025-08-31,1,Sunday,8,1,24.5,93,30.1,0.0,1.5,0.0,0
2025-08-31T02:00,2025-08-31,2,Sunday,8,1,24.4,93,29.9,0.0,0.9,0.0,0
2025-08-31T03:00,2025-08-31,3,Sunday,8,1,24.5,92,29.9,0.0,0.6,0.0,0
2025-08-31T04:00,2025-08-31,4,Sunday,8,1,24.2,93,29.7,0.0,0.4,0.0,0
2025-08-31T05:00,2025-08-31,5,Sunday,8,1,23.8,94,29.0,0.0,0.4,0.0,0
2025-08-31T06:00,2025-08-31,6,Sunday,8,1,23.9,97,29.5,0.0,1.1,2.0,1
2025-08-31T07:00,2025-08-31,7,Sunday,8,1,25.0,95,30.4,0.0,5.0,77.0,1
2025-08-31T08:00,2025-08-31,8,Sunday,8,1,26.4,87,31.7,0.0,5.7,240.0,1
2025-08-31T09:00,2025-08-31,9,Sunday,8,1,27.3,84,33.0,0.0,4.1,387.0,1
2025-08-31T10:00,2025-08-31,10,Sunday,8,1,28.5,78,33.8,0.2,6.3,491.0,1
2025-08-31T11:00,2025-08-31,11,Sunday,8,1,28.0,76,32.7,0.1,7.0,484.0,1
2025-08-31T12:00,2025-08-31,12,Sunday,8,1,28.5,74,33.3,0.0,6.3,418.0,1
2025-08-31T13:00,2025-08-31,13,Sunday,8,1,28.7,72,33.9,0.3,6.5,632.0,1
2025-08-31T14:00,2025-08-31,14,Sunday,8,1,27.6,76,32.1,1.3,9.8,612.0,1
2025-08-31T15:00,2025-08-31,15,Sunday,8,1,27.7,75,31.8,0.2,8.6,412.0,1
2025-08-31T16:00,2025-08-31,16,Sunday,8,1,27.0,77,30.8,0.0,10.3,365.0,1
2025-08-31T17:00,2025-08-31,17,Sunday,8,1,27.1,77,31.4,0.0,7.8,262.0,1
2025-08-31T18:00,2025-08-31,18,Sunday,8,1,25.6,84,30.0,0.1,7.3,103.0,1
2025-08-31T19:00,2025-08-31,19,Sunday,8,1,24.9,88,29.5,0.0,5.1,9.0,0
2025-08-31T20:00,2025-08-31,20,Sunday,8,1,24.5,90,29.7,0.0,0.8,0.0,0
2025-08-31T21:00,2025-08-31,21,Sunday,8,1,24.0,91,28.9,0.0,2.2,0.0,0
2025-08-31T22:00,2025-08-31,22,Sunday,8,1,23.6,94,28.6,0.0,1.8,0.0,0
2025-08-31T23:00,2025-08-31,23,Sunday,8,1,23.2,95,28.1,0.0,2.4,0.0,0
2025-09-01T00:00,2025-09-01,0,Monday,9,0,22.9,97,27.8,0.0,1.9,0.0,0
2025-09-01T01:00,2025-09-01,1,Monday,9,0,22.9,97,27.5,0.0,3.3,0.0,0
2025-09-01T02:00,2025-09-01,2,Monday,9,0,22.7,97,27.2,0.0,3.6,0.0,0
2025-09-01T03:00,2025-09-01,3,Monday,9,0,22.5,95,27.2,0.0,0.4,0.0,0
2025-09-01T04:00,2025-09-01,4,Monday,9,0,22.2,95,26.7,0.0,1.1,0.0,0
2025-09-01T05:00,2025-09-01,5,Monday,9,0,22.4,94,26.9,0.0,0.3,0.0,0
2025-09-01T06:00,2025-09-01,6,Monday,9,0,22.9,95,27.5,0.0,2.5,2.0,1
2025-09-01T07:00,2025-09-01,7,Monday,9,0,24.1,90,28.9,0.0,1.7,76.0,1
2025-09-01T08:00,2025-09-01,8,Monday,9,0,25.4,85,30.2,0.0,3.1,239.0,1
2025-09-01T09:00,2025-09-01,9,Monday,9,0,27.0,76,31.8,0.0,2.2,428.0,1
2025-09-01T10:00,2025-09-01,10,Monday,9,0,28.4,66,32.9,0.0,2.1,588.0,1
2025-09-01T11:00,2025-09-01,11,Monday,9,0,29.4,62,34.4,0.0,2.7,678.0,1
2025-09-01T12:00,2025-09-01,12,Monday,9,0,30.0,60,35.2,0.0,4.2,728.0,1
2025-09-01T13:00,2025-09-01,13,Monday,9,0,30.3,59,35.1,0.1,6.6,737.0,1
2025-09-01T14:00,2025-09-01,14,Monday,9,0,30.0,62,34.9,0.0,5.9,709.0,1
2025-09-01T15:00,2025-09-01,15,Monday,9,0,29.0,65,32.4,0.7,10.5,513.0,1
2025-09-01T16:00,2025-09-01,16,Monday,9,0,26.5,79,30.7,1.8,7.6,367.0,1
2025-09-01T17:00,2025-09-01,17,Monday,9,0,26.5,78,30.8,0.1,6.5,188.0,1
2025-09-01T18:00,2025-09-01,18,Monday,9,0,26.2,80,30.9,0.0,4.0,82.0,1
2025-09-01T19:00,2025-09-01,19,Monday,9,0,24.9,87,29.6,0.0,2.8,9.0,0
2025-09-01T20:00,2025-09-01,20,Monday,9,0,24.5,89,29.6,0.0,1.7,0.0,0
2025-09-01T21:00,2025-09-01,21,Monday,9,0,24.3,89,29.4,0.0,0.3,0.0,0
2025-09-01T22:00,2025-09-01,22,Monday,9,0,23.8,90,28.6,0.0,1.2,0.0,0
2025-09-01T23:00,2025-09-01,23,Monday,9,0,23.3,92,27.9,0.0,1.5,0.0,0
2025-09-02T00:00,2025-09-02,0,Tuesday,9,0,22.9,93,27.2,0.0,3.2,0.0,0
2025-09-02T01:00,2025-09-02,1,Tuesday,9,0,22.7,91,26.5,0.0,4.6,0.0,0
2025-09-02T02:00,2025-09-02,2,Tuesday,9,0,22.2,93,26.3,0.0,1.5,0.0,0
2025-09-02T03:00,2025-09-02,3,Tuesday,9,0,21.8,95,25.8,0.0,2.1,0.0,0
2025-09-02T04:00,2025-09-02,4,Tuesday,9,0,21.3,97,25.2,0.0,2.7,0.0,0
2025-09-02T05:00,2025-09-02,5,Tuesday,9,0,21.2,97,25.1,0.0,2.5,0.0,0
2025-09-02T06:00,2025-09-02,6,Tuesday,9,0,21.8,98,26.0,0.0,2.4,2.0,1
2025-09-02T07:00,2025-09-02,7,Tuesday,9,0,23.2,93,27.6,0.0,4.0,75.0,1
2025-09-02T08:00,2025-09-02,8,Tuesday,9,0,25.2,80,29.5,0.0,3.4,240.0,1
2025-09-02T09:00,2025-09-02,9,Tuesday,9,0,26.7,72,30.8,0.0,2.9,427.0,1
2025-09-02T10:00,2025-09-02,10,Tuesday,9,0,27.9,66,31.8,0.0,4.9,588.0,1
2025-09-02T11:00,2025-09-02,11,Tuesday,9,0,28.5,64,32.5,0.0,5.8,636.0,1
2025-09-02T12:00,2025-09-02,12,Tuesday,9,0,29.0,62,34.0,0.0,4.0,729.0,1
2025-09-02T13:00,2025-09-02,13,Tuesday,9,0,30.0,58,34.8,0.0,3.8,723.0,1
2025-09-02T14:00,2025-09-02,14,Tuesday,9,0,29.9,60,33.8,0.0,8.2,640.0,1
2025-09-02T15:00,2025-09-02,15,Tuesday,9,0,28.8,64,32.2,0.0,8.7,575.0,1
2025-09-02T16:00,2025-09-02,16,Tuesday,9,0,28.8,63,31.9,0.0,8.7,387.0,1
2025-09-02T17:00,2025-09-02,17,Tuesday,9,0,28.0,66,30.9,0.0,10.3,265.0,1
2025-09-02T18:00,2025-09-02,18,Tuesday,9,0,26.9,76,31.4,0.0,3.5,107.0,1
2025-09-02T19:00,2025-09-02,19,Tuesday,9,0,25.4,80,29.5,0.0,4.7,8.0,0
2025-09-02T20:00,2025-09-02,20,Tuesday,9,0,24.9,80,28.5,0.0,6.1,0.0,0
2025-09-02T21:00,2025-09-02,21,Tuesday,9,0,24.0,84,27.8,0.0,4.5,0.0,0
2025-09-02T22:00,2025-09-02,22,Tuesday,9,0,23.5,89,27.5,0.0,3.7,0.0,0
2025-09-02T23:00,2025-09-02,23,Tuesday,9,0,23.0,91,27.2,0.0,3.3,0.0,0
2025-09-03T00:00,2025-09-03,0,Wednesday,9,0,23.3,87,26.8,0.0,5.9,0.0,0
2025-09-03T01:00,2025-09-03,1,Wednesday,9,0,23.5,82,26.2,0.2,8.7,0.0,0
2025-09-03T02:00,2025-09-03,2,Wednesday,9,0,22.6,86,24.7,0.4,12.6,0.0,0
2025-09-03T03:00,2025-09-03,3,Wednesday,9,0,22.7,86,26.0,0.2,4.7,0.0,0
2025-09-03T04:00,2025-09-03,4,Wednesday,9,0,22.6,88,26.7,0.1,0.2,0.0,0
2025-09-03T05:00,2025-09-03,5,Wednesday,9,0,22.3,87,26.1,0.0,0.8,0.0,0
2025-09-03T06:00,2025-09-03,6,Wednesday,9,0,23.0,95,27.6,0.1,2.3,1.0,1
2025-09-03T07:00,2025-09-03,7,Wednesday,9,0,23.7,88,28.1,0.0,2.5,60.0,1
2025-09-03T08:00,2025-09-03,8,Wednesday,9,0,24.1,82,27.5,0.2,5.5,180.0,1
2025-09-03T09:00,2025-09-03,9,Wednesday,9,0,23.9,89,28.2,4.8,3.6,234.0,1
2025-09-03T10:00,2025-09-03,10,Wednesday,9,0,23.9,91,28.5,2.8,3.8,121.0,1
2025-09-03T11:00,2025-09-03,11,Wednesday,9,0,24.8,84,28.7,1.6,6.5,252.0,1
2025-09-03T12:00,2025-09-03,12,Wednesday,9,0,26.2,72,29.6,0.1,6.0,451.0,1
2025-09-03T13:00,2025-09-03,13,Wednesday,9,0,28.0,62,31.1,0.0,8.3,592.0,1
2025-09-03T14:00,2025-09-03,14,Wednesday,9,0,28.3,58,30.2,0.0,10.7,443.0,1
2025-09-03T15:00,2025-09-03,15,Wednesday,9,0,28.4,56,30.5,0.0,8.7,453.0,1
2025-09-03T16:00,2025-09-03,16,Wednesday,9,0,28.5,54,30.0,0.0,10.1,414.0,1
2025-09-03T17:00,2025-09-03,17,Wednesday,9,0,26.6,64,29.0,0.0,8.1,238.0,1
2025-09-03T18:00,2025-09-03,18,Wednesday,9,0,26.4,72,30.1,0.0,3.8,90.0,1
2025-09-03T19:00,2025-09-03,19,Wednesday,9,0,25.1,77,29.4,0.0,0.3,7.0,0
2025-09-03T20:00,2025-09-03,20,Wednesday,9,0,24.8,78,28.8,0.0,2.2,0.0,0
2025-09-03T21:00,2025-09-03,21,Wednesday,9,0,24.6,80,28.7,0.0,1.1,0.0,0
2025-09-03T22:00,2025-09-03,22,Wednesday,9,0,24.0,82,28.1,0.0,1.2,0.0,0
2025-09-03T23:00,2025-09-03,23,Wednesday,9,0,23.3,85,27.4,0.0,0.8,0.0,0
2025-09-04T00:00,2025-09-04,0,Thursday,9,0,22.6,88,26.6,0.0,0.9,0.0,0
2025-09-04T01:00,2025-09-04,1,Thursday,9,0,22.1,90,26.1,0.0,1.2,0.0,0
2025-09-04T02:00,2025-09-04,2,Thursday,9,0,21.7,91,25.2,0.0,3.1,0.0,0
2025-09-04T03:00,2025-09-04,3,Thursday,9,0,21.9,88,25.6,0.1,0.7,0.0,0
2025-09-04T04:00,2025-09-04,4,Thursday,9,0,21.7,90,25.4,0.0,0.6,0.0,0
2025-09-04T05:00,2025-09-04,5,Thursday,9,0,21.4,92,25.2,0.0,0.2,0.0,0
2025-09-04T06:00,2025-09-04,6,Thursday,9,0,21.8,89,25.0,0.1,3.9,1.0,1
2025-09-04T07:00,2025-09-04,7,Thursday,9,0,23.0,87,26.8,0.0,3.7,67.0,1
2025-09-04T08:00,2025-09-04,8,Thursday,9,0,25.1,81,29.7,0.0,1.9,226.0,1
2025-09-04T09:00,2025-09-04,9,Thursday,9,0,27.0,71,30.9,0.0,4.6,419.0,1
2025-09-04T10:00,2025-09-04,10,Thursday,9,0,28.8,63,32.7,0.0,4.3,586.0,1
2025-09-04T11:00,2025-09-04,11,Thursday,9,0,30.0,59,35.0,0.0,4.3,710.0,1
2025-09-04T12:00,2025-09-04,12,Thursday,9,0,31.0,56,36.2,0.0,5.2,787.0,1
2025-09-04T13:00,2025-09-04,13,Thursday,9,0,31.2,53,35.8,0.0,5.4,749.0,1
2025-09-04T14:00,2025-09-04,14,Thursday,9,0,31.0,54,34.6,0.0,8.4,685.0,1
2025-09-04T15:00,2025-09-04,15,Thursday,9,0,30.2,58,33.5,0.0,7.7,543.0,1
2025-09-04T16:00,2025-09-04,16,Thursday,9,0,29.9,60,33.7,0.0,4.4,413.0,1
2025-09-04T17:00,2025-09-04,17,Thursday,9,0,29.5,62,33.6,0.0,3.1,266.0,1
2025-09-04T18:00,2025-09-04,18,Thursday,9,0,25.4,79,28.7,0.1,9.0,93.0,1
2025-09-04T19:00,2025-09-04,19,Thursday,9,0,24.5,84,28.7,0.0,3.2,7.0,0
2025-09-04T20:00,2025-09-04,20,Thursday,9,0,24.1,87,28.4,0.0,3.1,0.0,0
2025-09-04T21:00,2025-09-04,21,Thursday,9,0,23.6,91,28.2,0.0,2.9,0.0,0
2025-09-04T22:00,2025-09-04,22,Thursday,9,0,23.4,92,28.0,0.0,1.8,0.0,0
2025-09-04T23:00,2025-09-04,23,Thursday,9,0,22.9,94,27.4,0.0,1.5,0.0,0
2025-09-05T00:00,2025-09-05,0,Friday,9,1,22.4,95,26.8,0.0,1.6,0.0,0
2025-09-05T01:00,2025-09-05,1,Friday,9,1,22.1,95,26.3,0.0,2.5,0.0,0
2025-09-05T02:00,2025-09-05,2,Friday,9,1,21.9,94,26.0,0.0,1.9,0.0,0
2025-09-05T03:00,2025-09-05,3,Friday,9,1,21.9,93,26.0,0.0,0.6,0.0,0
2025-09-05T04:00,2025-09-05,4,Friday,9,1,21.7,93,25.8,0.0,0.5,0.0,0
2025-09-05T05:00,2025-09-05,5,Friday,9,1,21.5,93,25.4,0.0,0.9,0.0,0
2025-09-05T06:00,2025-09-05,6,Friday,9,1,22.6,92,26.8,0.0,2.4,1.0,1
2025-09-05T07:00,2025-09-05,7,Friday,9,1,23.9,86,27.9,0.0,4.2,64.0,1
2025-09-05T08:00,2025-09-05,8,Friday,9,1,25.6,76,29.6,0.0,3.1,216.0,1
2025-09-05T09:00,2025-09-05,9,Friday,9,1,27.8,68,31.8,0.0,3.3,422.0,1
2025-09-05T10:00,2025-09-05,10,Friday,9,1,29.8,60,34.0,0.0,3.6,587.0,1
2025-09-05T11:00,2025-09-05,11,Friday,9,1,30.9,58,36.6,0.0,1.5,723.0,1
2025-09-05T12:00,2025-09-05,12,Friday,9,1,31.5,57,37.8,0.0,1.6,789.0,1
2025-09-05T13:00,2025-09-05,13,Friday,9,1,32.0,55,38.4,0.0,0.2,788.0,1
2025-09-05T14:00,2025-09-05,14,Friday,9,1,32.5,52,37.8,0.0,2.2,709.0,1
2025-09-05T15:00,2025-09-05,15,Friday,9,1,32.2,52,36.4,0.0,3.5,584.0,1
2025-09-05T16:00,2025-09-05,16,Friday,9,1,32.0,53,35.9,0.0,3.1,446.0,1
2025-09-05T17:00,2025-09-05,17,Friday,9,1,31.3,57,35.6,0.0,3.1,272.0,1
2025-09-05T18:00,2025-09-05,18,Friday,9,1,29.1,76,35.4,0.0,1.5,100.0,1
2025-09-05T19:00,2025-09-05,19,Friday,9,1,27.6,78,33.1,0.0,1.9,6.0,0
2025-09-05T20:00,2025-09-05,20,Friday,9,1,27.0,80,32.5,0.0,1.3,0.0,0
2025-09-05T21:00,2025-09-05,21,Friday,9,1,26.4,82,31.7,0.0,0.7,0.0,0
2025-09-05T22:00,2025-09-05,22,Friday,9,1,25.5,84,30.5,0.0,1.8,0.0,0
2025-09-05T23:00,2025-09-05,23,Friday,9,1,24.6,87,29.2,0.0,3.6,0.0,0
2025-09-06T00:00,2025-09-06,0,Saturday,9,1,24.1,87,28.2,0.0,5.0,0.0,0
2025-09-06T01:00,2025-09-06,1,Saturday,9,1,23.7,87,27.6,0.0,5.1,0.0,0
2025-09-06T02:00,2025-09-06,2,Saturday,9,1,23.3,88,27.1,0.0,4.8,0.0,0
2025-09-06T03:00,2025-09-06,3,Saturday,9,1,23.0,89,26.7,0.0,4.5,0.0,0
2025-09-06T04:00,2025-09-06,4,Saturday,9,1,22.7,90,26.5,0.0,4.0,0.0,0
2025-09-06T05:00,2025-09-06,5,Saturday,9,1,22.5,91,26.3,0.0,4.6,0.0,0
2025-09-06T06:00,2025-09-06,6,Saturday,9,1,23.8,88,28.0,0.0,3.3,1.0,1
2025-09-06T07:00,2025-09-06,7,Saturday,9,1,25.0,86,29.5,0.0,4.4,71.0,1
2025-09-06T08:00,2025-09-06,8,Saturday,9,1,27.1,79,32.3,0.0,2.8,235.0,1
2025-09-06T09:00,2025-09-06,9,Saturday,9,1,29.1,68,34.2,0.0,1.6,424.0,1
2025-09-06T10:00,2025-09-06,10,Saturday,9,1,30.5,65,35.9,0.0,2.4,591.0,1
2025-09-06T11:00,2025-09-06,11,Saturday,9,1,31.6,60,37.6,0.0,3.8,708.0,1
2025-09-06T12:00,2025-09-06,12,Saturday,9,1,32.3,56,38.4,0.0,3.4,768.0,1
2025-09-06T13:00,2025-09-06,13,Saturday,9,1,32.6,55,38.4,0.0,5.1,780.0,1
2025-09-06T14:00,2025-09-06,14,Saturday,9,1,32.5,55,37.9,0.0,4.5,702.0,1
2025-09-06T15:00,2025-09-06,15,Saturday,9,1,32.6,54,37.5,0.0,2.3,588.0,1
2025-09-06T16:00,2025-09-06,16,Saturday,9,1,32.4,55,36.9,0.0,3.6,429.0,1
2025-09-06T17:00,2025-09-06,17,Saturday,9,1,31.5,60,36.2,0.0,4.2,253.0,1
2025-09-06T18:00,2025-09-06,18,Saturday,9,1,29.6,71,34.8,0.0,6.0,90.0,1
2025-09-06T19:00,2025-09-06,19,Saturday,9,1,28.0,78,33.3,0.0,4.9,5.0,0
2025-09-06T20:00,2025-09-06,20,Saturday,9,1,27.4,81,32.5,0.0,6.3,0.0,0
2025-09-06T21:00,2025-09-06,21,Saturday,9,1,26.6,85,31.8,0.0,5.1,0.0,0
2025-09-06T22:00,2025-09-06,22,Saturday,9,1,25.8,88,31.2,0.0,3.4,0.0,0
2025-09-06T23:00,2025-09-06,23,Saturday,9,1,25.3,90,30.6,0.0,3.6,0.0,0
2025-09-07T00:00,2025-09-07,0,Sunday,9,1,24.5,94,29.7,0.0,3.1,0.0,0
2025-09-07T01:00,2025-09-07,1,Sunday,9,1,24.0,95,29.0,0.0,4.0,0.0,0
2025-09-07T02:00,2025-09-07,2,Sunday,9,1,23.5,96,28.5,0.0,3.2,0.0,0
2025-09-07T03:00,2025-09-07,3,Sunday,9,1,23.1,96,26.9,1.4,10.1,0.0,0
2025-09-07T04:00,2025-09-07,4,Sunday,9,1,22.8,96,26.9,4.4,6.5,0.0,0
2025-09-07T05:00,2025-09-07,5,Sunday,9,1,22.8,95,27.0,0.1,5.1,0.0,0
2025-09-07T06:00,2025-09-07,6,Sunday,9,1,23.6,94,28.2,0.1,4.4,1.0,1
2025-09-07T07:00,2025-09-07,7,Sunday,9,1,23.9,91,28.4,0.1,3.6,62.0,1
2025-09-07T08:00,2025-09-07,8,Sunday,9,1,25.0,86,29.5,0.1,3.9,212.0,1
2025-09-07T09:00,2025-09-07,9,Sunday,9,1,26.8,75,31.3,0.0,2.8,387.0,1
2025-09-07T10:00,2025-09-07,10,Sunday,9,1,28.5,67,33.3,0.0,0.9,572.0,1
2025-09-07T11:00,2025-09-07,11,Sunday,9,1,29.6,65,35.5,0.0,1.7,709.0,1
2025-09-07T12:00,2025-09-07,12,Sunday,9,1,30.3,64,36.2,0.1,4.4,749.0,1
2025-09-07T13:00,2025-09-07,13,Sunday,9,1,30.7,64,36.0,0.0,5.2,643.0,1
2025-09-07T14:00,2025-09-07,14,Sunday,9,1,30.5,65,35.4,0.0,8.0,648.0,1
2025-09-07T15:00,2025-09-07,15,Sunday,9,1,30.1,65,34.9,0.0,3.7,420.0,1
2025-09-07T16:00,2025-09-07,16,Sunday,9,1,30.0,64,34.8,0.0,1.9,308.0,1
2025-09-07T17:00,2025-09-07,17,Sunday,9,1,29.5,66,34.2,0.0,2.9,223.0,1
2025-09-07T18:00,2025-09-07,18,Sunday,9,1,26.4,75,30.6,0.2,2.8,22.0,1
2025-09-07T19:00,2025-09-07,19,Sunday,9,1,25.6,78,30.1,0.1,1.8,2.0,0
2025-09-07T20:00,2025-09-07,20,Sunday,9,1,25.4,80,29.8,0.0,2.2,0.0,0
2025-09-07T21:00,2025-09-07,21,Sunday,9,1,25.2,80,29.7,0.0,1.5,0.0,0
2025-09-07T22:00,2025-09-07,22,Sunday,9,1,25.0,81,29.5,0.0,1.3,0.0,0
2025-09-07T23:00,2025-09-07,23,Sunday,9,1,24.7,83,29.4,0.0,0.4,0.0,0
2025-09-08T00:00,2025-09-08,0,Monday,9,0,24.3,86,29.0,0.0,0.4,0.0,0
2025-09-08T01:00,2025-09-08,1,Monday,9,0,23.9,88,28.7,0.0,0.3,0.0,0
2025-09-08T02:00,2025-09-08,2,Monday,9,0,23.4,92,28.0,0.0,1.8,0.0,0
2025-09-08T03:00,2025-09-08,3,Monday,9,0,23.1,94,27.8,0.0,1.7,0.0,0
2025-09-08T04:00,2025-09-08,4,Monday,9,0,22.8,95,27.3,0.0,1.7,0.0,0
2025-09-08T05:00,2025-09-08,5,Monday,9,0,22.5,95,27.2,0.0,1.1,0.0,0
2025-09-08T06:00,2025-09-08,6,Monday,9,0,24.5,90,29.7,0.0,1.5,0.0,1
2025-09-08T07:00,2025-09-08,7,Monday,9,0,25.2,86,30.4,0.0,1.5,21.0,1
2025-09-08T08:00,2025-09-08,8,Monday,9,0,25.8,84,31.0,0.0,1.3,88.0,1
2025-09-08T09:00,2025-09-08,9,Monday,9,0,26.5,79,31.3,0.0,2.9,148.0,1
2025-09-08T10:00,2025-09-08,10,Monday,9,0,27.5,74,31.9,0.0,5.0,264.0,1
2025-09-08T11:00,2025-09-08,11,Monday,9,0,28.6,68,33.1,0.0,3.5,429.0,1
2025-09-08T12:00,2025-09-08,12,Monday,9,0,28.2,70,32.6,0.0,3.9,295.0,1
2025-09-08T13:00,2025-09-08,13,Monday,9,0,28.8,67,33.3,0.0,2.9,330.0,1
2025-09-08T14:00,2025-09-08,14,Monday,9,0,30.4,59,34.7,0.0,3.4,585.0,1
2025-09-08T15:00,2025-09-08,15,Monday,9,0,30.2,58,34.4,0.0,2.3,499.0,1
2025-09-08T16:00,2025-09-08,16,Monday,9,0,29.5,61,33.8,0.1,1.5,265.0,1
2025-09-08T17:00,2025-09-08,17,Monday,9,0,29.2,63,33.7,0.0,0.9,164.0,1
2025-09-08T18:00,2025-09-08,18,Monday,9,0,28.5,73,33.9,0.0,0.8,70.0,1
2025-09-08T19:00,2025-09-08,19,Monday,9,0,27.5,74,32.4,0.0,1.0,4.0,0
2025-09-08T20:00,2025-09-08,20,Monday,9,0,26.9,76,31.7,0.0,1.7,0.0,0
2025-09-08T21:00,2025-09-08,21,Monday,9,0,26.1,79,31.1,0.0,0.6,0.0,0
2025-09-08T22:00,2025-09-08,22,Monday,9,0,25.4,85,30.3,0.0,1.6,0.0,0
2025-09-08T23:00,2025-09-08,23,Monday,9,0,24.5,89,29.4,0.0,2.6,0.0,0
2025-09-09T00:00,2025-09-09,0,Tuesday,9,0,24.3,91,29.3,0.0,2.3,0.0,0
2025-09-09T01:00,2025-09-09,1,Tuesday,9,0,23.9,93,29.0,0.0,1.7,0.0,0
2025-09-09T02:00,2025-09-09,2,Tuesday,9,0,23.4,94,28.3,0.0,1.5,0.0,0
2025-09-09T03:00,2025-09-09,3,Tuesday,9,0,23.2,95,28.1,0.0,1.1,0.0,0
2025-09-09T04:00,2025-09-09,4,Tuesday,9,0,23.5,94,28.6,0.0,0.6,0.0,0
2025-09-09T05:00,2025-09-09,5,Tuesday,9,0,23.5,93,28.5,0.0,1.0,0.0,0
2025-09-09T06:00,2025-09-09,6,Tuesday,9,0,23.8,93,28.9,0.0,0.6,1.0,1
2025-09-09T07:00,2025-09-09,7,Tuesday,9,0,24.9,89,30.0,0.0,1.9,56.0,1
2025-09-09T08:00,2025-09-09,8,Tuesday,9,0,26.1,85,31.3,0.0,3.9,158.0,1
2025-09-09T09:00,2025-09-09,9,Tuesday,9,0,27.6,80,33.1,0.0,3.6,331.0,1
2025-09-09T10:00,2025-09-09,10,Tuesday,9,0,29.3,74,35.2,0.0,2.6,532.0,1
2025-09-09T11:00,2025-09-09,11,Tuesday,9,0,30.2,69,35.9,0.1,3.6,578.0,1
2025-09-09T12:00,2025-09-09,12,Tuesday,9,0,30.9,67,37.4,0.1,2.4,661.0,1
2025-09-09T13:00,2025-09-09,13,Tuesday,9,0,31.5,64,38.3,0.0,1.5,719.0,1
2025-09-09T14:00,2025-09-09,14,Tuesday,9,0,31.5,61,38.0,0.0,0.4,678.0,1
2025-09-09T15:00,2025-09-09,15,Tuesday,9,0,31.5,61,36.7,0.0,3.4,569.0,1
2025-09-09T16:00,2025-09-09,16,Tuesday,9,0,31.5,59,36.3,0.0,3.6,415.0,1
2025-09-09T17:00,2025-09-09,17,Tuesday,9,0,31.1,61,36.0,0.0,2.4,248.0,1
2025-09-09T18:00,2025-09-09,18,Tuesday,9,0,29.9,72,36.0,0.0,0.9,81.0,1
2025-09-09T19:00,2025-09-09,19,Tuesday,9,0,28.3,75,34.0,0.0,0.4,3.0,0
2025-09-09T20:00,2025-09-09,20,Tuesday,9,0,26.9,81,32.1,0.0,3.8,0.0,0
2025-09-09T21:00,2025-09-09,21,Tuesday,9,0,26.1,85,31.5,0.0,2.6,0.0,0
2025-09-09T22:00,2025-09-09,22,Tuesday,9,0,25.6,86,30.9,0.0,2.0,0.0,0
2025-09-09T23:00,2025-09-09,23,Tuesday,9,0,25.1,87,30.2,0.0,1.9,0.0,0
2025-09-10T00:00,2025-09-10,0,Wednesday,9,0,24.8,86,29.5,0.0,2.5,0.0,0
2025-09-10T01:00,2025-09-10,1,Wednesday,9,0,24.5,85,29.2,0.0,1.7,0.0,0
2025-09-10T02:00,2025-09-10,2,Wednesday,9,0,23.9,88,28.3,0.0,2.3,0.0,0
2025-09-10T03:00,2025-09-10,3,Wednesday,9,0,23.4,90,27.9,0.0,1.8,0.0,0
2025-09-10T04:00,2025-09-10,4,Wednesday,9,0,23.0,92,27.3,0.0,1.9,0.0,0
2025-09-10T05:00,2025-09-10,5,Wednesday,9,0,22.5,93,26.8,0.0,2.4,0.0,0
2025-09-10T06:00,2025-09-10,6,Wednesday,9,0,23.0,96,27.7,0.0,2.2,1.0,1
2025-09-10T07:00,2025-09-10,7,Wednesday,9,0,24.5,90,29.5,0.0,2.3,67.0,1
2025-09-10T08:00,2025-09-10,8,Wednesday,9,0,26.5,82,31.7,0.0,2.2,231.0,1
2025-09-10T09:00,2025-09-10,9,Wednesday,9,0,28.1,77,33.5,0.0,3.4,419.0,1
2025-09-10T10:00,2025-09-10,10,Wednesday,9,0,29.9,70,35.4,0.0,4.3,588.0,1
2025-09-10T11:00,2025-09-10,11,Wednesday,9,0,31.3,61,36.7,0.0,6.5,693.0,1
2025-09-10T12:00,2025-09-10,12,Wednesday,9,0,32.2,56,37.6,0.0,7.4,763.0,1
2025-09-10T13:00,2025-09-10,13,Wednesday,9,0,32.8,54,38.1,0.0,6.7,773.0,1
2025-09-10T14:00,2025-09-10,14,Wednesday,9,0,33.0,52,38.4,0.0,4.6,721.0,1
2025-09-10T15:00,2025-09-10,15,Wednesday,9,0,33.2,51,38.0,0.0,3.1,609.0,1
2025-09-10T16:00,2025-09-10,16,Wednesday,9,0,33.0,52,37.5,0.0,2.5,443.0,1
2025-09-10T17:00,2025-09-10,17,Wednesday,9,0,32.2,58,37.0,0.0,3.9,258.0,1
2025-09-10T18:00,2025-09-10,18,Wednesday,9,0,30.1,66,35.0,0.0,4.1,84.0,1
2025-09-10T19:00,2025-09-10,19,Wednesday,9,0,28.0,74,32.9,0.0,3.6,3.0,0
2025-09-10T20:00,2025-09-10,20,Wednesday,9,0,26.4,81,31.2,0.0,3.9,0.0,0
2025-09-10T21:00,2025-09-10,21,Wednesday,9,0,25.1,87,30.0,0.0,3.2,0.0,0
2025-09-10T22:00,2025-09-10,22,Wednesday,9,0,24.5,88,28.9,0.0,4.3,0.0,0
2025-09-10T23:00,2025-09-10,23,Wednesday,9,0,24.2,89,28.4,0.0,5.9,0.0,0
2025-09-11T00:00,2025-09-11,0,Thursday,9,0,23.8,89,27.8,0.0,6.0,0.0,0
2025-09-11T01:00,2025-09-11,1,Thursday,9,0,23.2,90,27.1,0.0,5.1,0.0,0
2025-09-11T02:00,2025-09-11,2,Thursday,9,0,22.8,92,26.7,0.0,4.7,0.0,0
2025-09-11T03:00,2025-09-11,3,Thursday,9,0,22.3,93,26.3,0.0,3.4,0.0,0
2025-09-11T04:00,2025-09-11,4,Thursday,9,0,22.0,94,26.0,0.0,2.8,0.0,0
2025-09-11T05:00,2025-09-11,5,Thursday,9,0,22.0,94,26.0,0.0,2.7,0.0,0
2025-09-11T06:00,2025-09-11,6,Thursday,9,0,24.0,86,28.3,0.0,2.3,1.0,1
2025-09-11T07:00,2025-09-11,7,Thursday,9,0,25.2,82,29.5,0.0,3.9,66.0,1
2025-09-11T08:00,2025-09-11,8,Thursday,9,0,26.9,76,31.6,0.0,2.3,230.0,1
2025-09-11T09:00,2025-09-11,9,Thursday,9,0,28.4,72,33.5,0.0,1.6,418.0,1
2025-09-11T10:00,2025-09-11,10,Thursday,9,0,29.8,69,35.5,0.0,2.2,587.0,1
2025-09-11T11:00,2025-09-11,11,Thursday,9,0,31.0,64,37.5,0.0,1.9,700.0,1
2025-09-11T12:00,2025-09-11,12,Thursday,9,0,32.0,60,38.5,0.0,2.9,756.0,1
2025-09-11T13:00,2025-09-11,13,Thursday,9,0,32.7,56,38.5,0.0,5.4,737.0,1
2025-09-11T14:00,2025-09-11,14,Thursday,9,0,33.2,53,38.4,0.0,4.8,659.0,1
2025-09-11T15:00,2025-09-11,15,Thursday,9,0,33.3,53,37.8,0.0,5.1,551.0,1
2025-09-11T16:00,2025-09-11,16,Thursday,9,0,33.0,54,37.2,0.0,6.1,399.0,1
2025-09-11T17:00,2025-09-11,17,Thursday,9,0,32.1,58,36.5,0.0,6.6,240.0,1
2025-09-11T18:00,2025-09-11,18,Thursday,9,0,30.0,67,35.0,0.0,4.5,78.0,1
2025-09-11T19:00,2025-09-11,19,Thursday,9,0,28.4,73,33.2,0.0,4.8,2.0,0
2025-09-11T20:00,2025-09-11,20,Thursday,9,0,27.4,79,32.4,0.0,4.6,0.0,0
2025-09-11T21:00,2025-09-11,21,Thursday,9,0,26.5,83,31.8,0.0,3.8,0.0,0
2025-09-11T22:00,2025-09-11,22,Thursday,9,0,26.0,86,31.2,0.0,3.2,0.0,0
2025-09-11T23:00,2025-09-11,23,Thursday,9,0,25.4,88,30.4,0.0,3.5,0.0,0
2025-09-12T00:00,2025-09-12,0,Friday,9,1,24.9,89,29.8,0.0,3.5,0.0,0
2025-09-12T01:00,2025-09-12,1,Friday,9,1,24.5,90,29.4,0.0,3.7,0.0,0
2025-09-12T02:00,2025-09-12,2,Friday,9,1,24.0,92,28.8,0.0,3.5,0.0,0
2025-09-12T03:00,2025-09-12,3,Friday,9,1,23.6,94,28.4,0.0,3.3,0.0,0
2025-09-12T04:00,2025-09-12,4,Friday,9,1,23.5,94,28.0,0.0,4.0,0.0,0
2025-09-12T05:00,2025-09-12,5,Friday,9,1,23.2,94,27.8,0.0,3.9,0.0,0
2025-09-12T06:00,2025-09-12,6,Friday,9,1,24.3,94,29.6,0.0,2.3,0.0,1
2025-09-12T07:00,2025-09-12,7,Friday,9,1,25.9,88,31.3,0.0,3.2,63.0,1
2025-09-12T08:00,2025-09-12,8,Friday,9,1,27.5,81,33.1,0.0,3.2,218.0,1
2025-09-12T09:00,2025-09-12,9,Friday,9,1,28.9,76,34.5,0.0,4.1,410.0,1
2025-09-12T10:00,2025-09-12,10,Friday,9,1,30.0,69,35.7,0.0,2.7,557.0,1
2025-09-12T11:00,2025-09-12,11,Friday,9,1,30.9,66,37.0,0.2,2.8,636.0,1
2025-09-12T12:00,2025-09-12,12,Friday,9,1,31.7,63,38.3,0.1,2.1,704.0,1
2025-09-12T13:00,2025-09-12,13,Friday,9,1,32.3,60,38.6,0.0,3.8,718.0,1
2025-09-12T14:00,2025-09-12,14,Friday,9,1,32.8,57,38.7,0.0,2.4,653.0,1
2025-09-12T15:00,2025-09-12,15,Friday,9,1,32.9,56,37.9,0.0,2.8,538.0,1
2025-09-12T16:00,2025-09-12,16,Friday,9,1,32.7,57,37.5,0.0,4.7,398.0,1
2025-09-12T17:00,2025-09-12,17,Friday,9,1,32.0,61,37.0,0.0,5.5,235.0,1
2025-09-12T18:00,2025-09-12,18,Friday,9,1,30.2,68,35.0,0.0,7.8,76.0,1
2025-09-12T19:00,2025-09-12,19,Friday,9,1,28.5,76,33.9,0.0,4.1,2.0,0
2025-09-12T20:00,2025-09-12,20,Friday,9,1,27.5,82,33.0,0.0,4.6,0.0,0
2025-09-12T21:00,2025-09-12,21,Friday,9,1,26.6,86,32.3,0.0,3.6,0.0,0
2025-09-12T22:00,2025-09-12,22,Friday,9,1,25.8,90,31.4,0.0,3.3,0.0,0
2025-09-12T23:00,2025-09-12,23,Friday,9,1,25.1,93,30.8,0.0,3.1,0.0,0
2025-09-13T00:00,2025-09-13,0,Saturday,9,1,24.7,94,30.1,0.0,3.2,0.0,0
2025-09-13T01:00,2025-09-13,1,Saturday,9,1,24.5,94,29.8,0.0,3.8,0.0,0
2025-09-13T02:00,2025-09-13,2,Saturday,9,1,24.5,91,29.4,0.0,4.9,0.0,0
2025-09-13T03:00,2025-09-13,3,Saturday,9,1,24.5,90,29.1,0.0,5.5,0.0,0
2025-09-13T04:00,2025-09-13,4,Saturday,9,1,24.7,88,29.3,0.0,5.0,0.0,0
2025-09-13T05:00,2025-09-13,5,Saturday,9,1,24.6,89,29.3,0.0,4.2,0.0,0
2025-09-13T06:00,2025-09-13,6,Saturday,9,1,25.0,91,30.3,0.0,3.1,0.0,1
2025-09-13T07:00,2025-09-13,7,Saturday,9,1,26.5,85,31.9,0.0,3.2,59.0,1
2025-09-13T08:00,2025-09-13,8,Saturday,9,1,27.8,79,33.3,0.0,3.6,208.0,1
2025-09-13T09:00,2025-09-13,9,Saturday,9,1,29.4,72,34.8,0.0,3.8,388.0,1
2025-09-13T10:00,2025-09-13,10,Saturday,9,1,30.5,66,36.1,0.1,1.6,545.0,1
2025-09-13T11:00,2025-09-13,11,Saturday,9,1,31.5,61,37.5,0.0,1.9,637.0,1
2025-09-13T12:00,2025-09-13,12,Saturday,9,1,32.3,58,38.3,0.0,2.9,695.0,1
2025-09-13T13:00,2025-09-13,13,Saturday,9,1,32.8,56,38.5,0.0,3.6,664.0,1
2025-09-13T14:00,2025-09-13,14,Saturday,9,1,33.2,54,38.8,0.0,2.6,635.0,1
2025-09-13T15:00,2025-09-13,15,Saturday,9,1,33.2,54,38.2,0.0,2.5,552.0,1
2025-09-13T16:00,2025-09-13,16,Saturday,9,1,33.2,55,38.4,0.0,1.7,411.0,1
2025-09-13T17:00,2025-09-13,17,Saturday,9,1,32.8,58,38.4,0.0,1.4,232.0,1
2025-09-13T18:00,2025-09-13,18,Saturday,9,1,31.2,65,36.7,0.0,3.8,72.0,1
2025-09-13T19:00,2025-09-13,19,Saturday,9,1,29.2,75,35.0,0.0,4.0,2.0,0
2025-09-13T20:00,2025-09-13,20,Saturday,9,1,28.2,80,34.0,0.0,4.2,0.0,0
2025-09-13T21:00,2025-09-13,21,Saturday,9,1,27.9,80,33.3,0.0,4.8,0.0,0
2025-09-13T22:00,2025-09-13,22,Saturday,9,1,27.2,81,32.4,0.0,4.7,0.0,0
2025-09-13T23:00,2025-09-13,23,Saturday,9,1,26.6,83,31.7,0.0,4.8,0.0,0
2025-09-14T00:00,2025-09-14,0,Sunday,9,1,26.2,84,31.2,0.0,4.9,0.0,0
2025-09-14T01:00,2025-09-14,1,Sunday,9,1,25.9,85,30.9,0.0,3.5,0.0,0
2025-09-14T02:00,2025-09-14,2,Sunday,9,1,25.9,84,30.7,0.5,4.2,0.0,0
2025-09-14T03:00,2025-09-14,3,Sunday,9,1,24.3,91,28.4,2.0,8.5,0.0,0
2025-09-14T04:00,2025-09-14,4,Sunday,9,1,24.5,91,29.3,0.8,5.2,0.0,0
2025-09-14T05:00,2025-09-14,5,Sunday,9,1,24.8,89,29.2,0.2,6.6,0.0,0
2025-09-14T06:00,2025-09-14,6,Sunday,9,1,25.1,89,30.4,0.0,2.0,0.0,1
2025-09-14T07:00,2025-09-14,7,Sunday,9,1,26.0,85,31.0,0.1,4.4,55.0,1
2025-09-14T08:00,2025-09-14,8,Sunday,9,1,27.1,80,32.3,0.0,4.1,188.0,1
2025-09-14T09:00,2025-09-14,9,Sunday,9,1,28.5,75,33.8,0.0,3.3,387.0,1
2025-09-14T10:00,2025-09-14,10,Sunday,9,1,29.9,70,35.5,0.0,2.3,556.0,1
2025-09-14T11:00,2025-09-14,11,Sunday,9,1,31.4,64,37.9,0.0,2.5,687.0,1
2025-09-14T12:00,2025-09-14,12,Sunday,9,1,32.6,61,39.3,0.0,3.7,723.0,1
2025-09-14T13:00,2025-09-14,13,Sunday,9,1,33.1,59,39.2,0.0,6.1,677.0,1
2025-09-14T14:00,2025-09-14,14,Sunday,9,1,31.6,64,36.5,0.0,9.2,559.0,1
2025-09-14T15:00,2025-09-14,15,Sunday,9,1,31.4,67,36.9,0.1,5.8,476.0,1
2025-09-14T16:00,2025-09-14,16,Sunday,9,1,31.4,65,37.2,0.0,2.5,350.0,1
2025-09-14T17:00,2025-09-14,17,Sunday,9,1,31.2,65,37.2,0.0,0.0,201.0,1
2025-09-14T18:00,2025-09-14,18,Sunday,9,1,30.8,69,36.5,0.0,4.2,70.0,1
2025-09-14T19:00,2025-09-14,19,Sunday,9,1,29.4,74,35.1,0.0,4.1,1.0,0
2025-09-14T20:00,2025-09-14,20,Sunday,9,1,28.5,79,34.6,0.0,2.9,0.0,0
2025-09-14T21:00,2025-09-14,21,Sunday,9,1,27.8,82,33.6,0.0,3.5,0.0,0
2025-09-14T22:00,2025-09-14,22,Sunday,9,1,27.0,83,32.5,0.0,4.1,0.0,0
2025-09-14T23:00,2025-09-14,23,Sunday,9,1,26.4,85,31.7,0.0,4.4,0.0,0
2025-09-15T00:00,2025-09-15,0,Monday,9,0,26.0,86,31.0,0.0,4.7,0.0,0
2025-09-15T01:00,2025-09-15,1,Monday,9,0,25.9,84,30.6,0.0,5.2,0.0,0
2025-09-15T02:00,2025-09-15,2,Monday,9,0,25.5,84,30.0,0.0,6.3,0.0,0
2025-09-15T03:00,2025-09-15,3,Monday,9,0,25.6,83,29.6,0.1,8.3,0.0,0
2025-09-15T04:00,2025-09-15,4,Monday,9,0,25.3,84,29.9,0.1,4.0,0.0,0
2025-09-15T05:00,2025-09-15,5,Monday,9,0,24.6,85,28.2,0.2,9.3,0.0,0
2025-09-15T06:00,2025-09-15,6,Monday,9,0,24.7,89,29.4,0.1,4.5,0.0,1
2025-09-15T07:00,2025-09-15,7,Monday,9,0,24.9,88,29.7,1.3,4.5,41.0,1
2025-09-15T08:00,2025-09-15,8,Monday,9,0,26.1,83,30.9,1.3,4.8,177.0,1
2025-09-15T09:00,2025-09-15,9,Monday,9,0,28.0,75,33.2,0.4,2.4,338.0,1
2025-09-15T10:00,2025-09-15,10,Monday,9,0,30.3,67,35.9,0.0,1.9,530.0,1
2025-09-15T11:00,2025-09-15,11,Monday,9,0,32.0,61,38.0,0.0,3.5,647.0,1
2025-09-15T12:00,2025-09-15,12,Monday,9,0,33.1,57,39.4,0.0,3.8,710.0,1
2025-09-15T13:00,2025-09-15,13,Monday,9,0,33.9,54,40.0,0.0,3.7,716.0,1
2025-09-15T14:00,2025-09-15,14,Monday,9,0,34.0,53,39.7,0.0,4.0,669.0,1
2025-09-15T15:00,2025-09-15,15,Monday,9,0,34.0,53,38.9,0.0,3.8,531.0,1
2025-09-15T16:00,2025-09-15,16,Monday,9,0,33.8,53,38.7,0.0,3.6,399.0,1
2025-09-15T17:00,2025-09-15,17,Monday,9,0,33.2,59,39.0,0.1,1.8,219.0,1
2025-09-15T18:00,2025-09-15,18,Monday,9,0,32.1,61,37.3,0.0,4.7,58.0,1
2025-09-15T19:00,2025-09-15,19,Monday,9,0,29.8,73,35.8,0.6,1.8,1.0,0
2025-09-15T20:00,2025-09-15,20,Monday,9,0,28.9,77,34.9,0.0,2.6,0.0,0
2025-09-15T21:00,2025-09-15,21,Monday,9,0,28.0,79,33.6,0.0,4.3,0.0,0
2025-09-15T22:00,2025-09-15,22,Monday,9,0,27.4,81,32.7,0.0,4.3,0.0,0
2025-09-15T23:00,2025-09-15,23,Monday,9,0,26.5,82,30.6,3.3,9.7,0.0,0
2025-09-16T00:00,2025-09-16,0,Tuesday,9,0,24.6,85,27.7,2.3,12.5,0.0,0
2025-09-16T01:00,2025-09-16,1,Tuesday,9,0,24.0,83,26.7,0.1,11.7,0.0,0
2025-09-16T02:00,2025-09-16,2,Tuesday,9,0,22.9,91,25.7,8.2,11.1,0.0,0
2025-09-16T03:00,2025-09-16,3,Tuesday,9,0,22.5,92,26.7,4.2,1.4,0.0,0
2025-09-16T04:00,2025-09-16,4,Tuesday,9,0,22.5,90,25.4,4.3,9.0,0.0,0
2025-09-16T05:00,2025-09-16,5,Tuesday,9,0,22.3,90,26.1,0.1,2.7,0.0,0
2025-09-16T06:00,2025-09-16,6,Tuesday,9,0,23.6,89,27.7,5.9,4.5,0.0,1
2025-09-16T07:00,2025-09-16,7,Tuesday,9,0,24.4,88,29.0,0.1,2.3,42.0,1
2025-09-16T08:00,2025-09-16,8,Tuesday,9,0,25.2,82,29.8,0.0,2.8,184.0,1
2025-09-16T09:00,2025-09-16,9,Tuesday,9,0,27.4,71,31.5,0.0,4.8,369.0,1
2025-09-16T10:00,2025-09-16,10,Tuesday,9,0,29.0,66,34.0,0.0,0.3,543.0,1
2025-09-16T11:00,2025-09-16,11,Tuesday,9,0,30.4,63,36.2,0.0,1.3,660.0,1
2025-09-16T12:00,2025-09-16,12,Tuesday,9,0,31.0,61,37.0,0.0,3.3,730.0,1
2025-09-16T13:00,2025-09-16,13,Tuesday,9,0,31.6,57,37.0,0.0,5.0,741.0,1
2025-09-16T14:00,2025-09-16,14,Tuesday,9,0,32.4,53,37.5,0.0,3.0,662.0,1
2025-09-16T15:00,2025-09-16,15,Tuesday,9,0,32.4,53,36.6,0.0,3.8,524.0,1
2025-09-16T16:00,2025-09-16,16,Tuesday,9,0,32.2,54,36.4,0.0,3.7,376.0,1
2025-09-16T17:00,2025-09-16,17,Tuesday,9,0,31.3,60,36.2,0.1,2.3,214.0,1
2025-09-16T18:00,2025-09-16,18,Tuesday,9,0,28.9,73,34.2,0.0,4.0,66.0,1
2025-09-16T19:00,2025-09-16,19,Tuesday,9,0,27.7,76,32.7,0.0,3.8,1.0,0
2025-09-16T20:00,2025-09-16,20,Tuesday,9,0,26.6,80,31.5,0.0,3.5,0.0,0
2025-09-16T21:00,2025-09-16,21,Tuesday,9,0,25.5,85,30.2,0.0,3.6,0.0,0
2025-09-16T22:00,2025-09-16,22,Tuesday,9,0,24.9,86,29.2,0.0,5.2,0.0,0
2025-09-16T23:00,2025-09-16,23,Tuesday,9,0,24.2,87,28.4,0.0,4.1,0.0,0
2025-09-17T00:00,2025-09-17,0,Wednesday,9,0,23.7,88,27.9,0.0,3.6,0.0,0
2025-09-17T01:00,2025-09-17,1,Wednesday,9,0,23.7,86,27.6,0.0,4.4,0.0,0
2025-09-17T02:00,2025-09-17,2,Wednesday,9,0,23.5,86,26.9,0.0,7.0,0.0,0
2025-09-17T03:00,2025-09-17,3,Wednesday,9,0,23.0,89,26.9,0.7,2.5,0.0,0
2025-09-17T04:00,2025-09-17,4,Wednesday,9,0,22.2,91,25.2,3.6,8.9,0.0,0
2025-09-17T05:00,2025-09-17,5,Wednesday,9,0,22.3,93,26.0,0.2,5.1,0.0,0
2025-09-17T06:00,2025-09-17,6,Wednesday,9,0,25.0,77,28.6,0.0,3.9,0.0,1
2025-09-17T07:00,2025-09-17,7,Wednesday,9,0,26.2,76,30.4,0.0,4.1,58.0,1
2025-09-17T08:00,2025-09-17,8,Wednesday,9,0,28.2,70,33.1,0.0,1.4,218.0,1
2025-09-17T09:00,2025-09-17,9,Wednesday,9,0,30.0,63,34.9,0.0,1.9,404.0,1
2025-09-17T10:00,2025-09-17,10,Wednesday,9,0,31.7,57,36.4,0.0,1.8,564.0,1
2025-09-17T11:00,2025-09-17,11,Wednesday,9,0,32.8,52,37.7,0.0,4.2,680.0,1
2025-09-17T12:00,2025-09-17,12,Wednesday,9,0,33.3,50,38.0,0.0,5.5,695.0,1
2025-09-17T13:00,2025-09-17,13,Wednesday,9,0,33.8,49,38.6,0.0,5.8,729.0,1
2025-09-17T14:00,2025-09-17,14,Wednesday,9,0,34.0,48,38.6,0.0,5.6,693.0,1
2025-09-17T15:00,2025-09-17,15,Wednesday,9,0,33.9,47,37.6,0.0,5.2,560.0,1
2025-09-17T16:00,2025-09-17,16,Wednesday,9,0,33.7,48,37.3,0.0,5.2,414.0,1
2025-09-17T17:00,2025-09-17,17,Wednesday,9,0,32.5,60,38.2,0.0,2.2,231.0,1
2025-09-17T18:00,2025-09-17,18,Wednesday,9,0,31.5,59,36.3,0.0,2.1,66.0,1
2025-09-17T19:00,2025-09-17,19,Wednesday,9,0,29.0,69,33.6,0.0,4.7,1.0,0
2025-09-17T20:00,2025-09-17,20,Wednesday,9,0,27.2,79,32.3,0.0,4.2,0.0,0
2025-09-17T21:00,2025-09-17,21,Wednesday,9,0,25.7,87,30.8,0.0,4.2,0.0,0
2025-09-17T22:00,2025-09-17,22,Wednesday,9,0,24.6,91,29.5,0.0,3.7,0.0,0
2025-09-17T23:00,2025-09-17,23,Wednesday,9,0,24.1,89,28.5,0.0,4.0,0.0,0
2025-09-18T00:00,2025-09-18,0,Thursday,9,0,24.4,80,27.4,0.0,8.3,0.0,0
2025-09-18T01:00,2025-09-18,1,Thursday,9,0,24.5,74,27.4,0.0,5.1,0.0,0
2025-09-18T02:00,2025-09-18,2,Thursday,9,0,24.8,72,27.7,0.0,4.4,0.0,0
2025-09-18T03:00,2025-09-18,3,Thursday,9,0,24.8,73,27.7,0.0,5.0,0.0,0
2025-09-18T04:00,2025-09-18,4,Thursday,9,0,25.0,72,27.7,0.0,6.5,0.0,0
2025-09-18T05:00,2025-09-18,5,Thursday,9,0,22.5,81,23.2,3.0,18.9,0.0,0
2025-09-18T06:00,2025-09-18,6,Thursday,9,0,22.5,88,24.5,9.7,13.7,0.0,1
2025-09-18T07:00,2025-09-18,7,Thursday,9,0,22.8,92,26.6,1.0,5.3,15.0,1
2025-09-18T08:00,2025-09-18,8,Thursday,9,0,24.5,88,29.1,0.7,3.3,164.0,1
2025-09-18T09:00,2025-09-18,9,Thursday,9,0,26.4,80,31.1,0.0,3.1,368.0,1
2025-09-18T10:00,2025-09-18,10,Thursday,9,0,28.2,72,33.3,0.0,2.1,532.0,1
2025-09-18T11:00,2025-09-18,11,Thursday,9,0,30.1,64,35.6,0.0,2.6,644.0,1
2025-09-18T12:00,2025-09-18,12,Thursday,9,0,30.9,60,37.2,0.1,0.9,735.0,1
2025-09-18T13:00,2025-09-18,13,Thursday,9,0,31.3,58,36.8,0.1,1.2,653.0,1
2025-09-18T14:00,2025-09-18,14,Thursday,9,0,31.6,56,36.7,0.0,1.7,635.0,1
2025-09-18T15:00,2025-09-18,15,Thursday,9,0,31.6,55,35.9,0.0,1.5,536.0,1
2025-09-18T16:00,2025-09-18,16,Thursday,9,0,31.5,53,35.3,0.0,3.1,368.0,1
2025-09-18T17:00,2025-09-18,17,Thursday,9,0,30.6,58,34.8,0.0,2.7,200.0,1
2025-09-18T18:00,2025-09-18,18,Thursday,9,0,26.0,74,29.1,0.0,9.0,29.0,1
2025-09-18T19:00,2025-09-18,19,Thursday,9,0,25.2,79,29.6,0.0,1.4,0.0,0
2025-09-18T20:00,2025-09-18,20,Thursday,9,0,24.7,81,29.0,0.0,1.6,0.0,0
2025-09-18T21:00,2025-09-18,21,Thursday,9,0,24.1,85,28.6,0.0,0.6,0.0,0
2025-09-18T22:00,2025-09-18,22,Thursday,9,0,23.4,90,28.0,0.0,0.6,0.0,0
2025-09-18T23:00,2025-09-18,23,Thursday,9,0,22.8,94,27.4,0.0,0.6,0.0,0
2025-09-19T00:00,2025-09-19,0,Friday,9,1,22.0,96,26.3,0.0,2.2,0.0,0
2025-09-19T01:00,2025-09-19,1,Friday,9,1,21.9,95,26.0,0.0,1.4,0.0,0
2025-09-19T02:00,2025-09-19,2,Friday,9,1,21.8,95,23.9,0.0,14.8,0.0,0
2025-09-19T03:00,2025-09-19,3,Friday,9,1,22.1,86,24.7,0.1,7.8,0.0,0
2025-09-19T04:00,2025-09-19,4,Friday,9,1,21.3,90,24.8,0.3,1.6,0.0,0
2025-09-19T05:00,2025-09-19,5,Friday,9,1,21.4,92,25.1,0.0,0.4,0.0,0
2025-09-19T06:00,2025-09-19,6,Friday,9,1,22.6,93,27.1,0.0,1.2,0.0,1
2025-09-19T07:00,2025-09-19,7,Friday,9,1,23.6,87,27.1,0.0,7.3,56.0,1
2025-09-19T08:00,2025-09-19,8,Friday,9,1,25.9,76,29.9,0.0,3.3,215.0,1
2025-09-19T09:00,2025-09-19,9,Friday,9,1,28.0,66,32.4,0.0,0.6,385.0,1
2025-09-19T10:00,2025-09-19,10,Friday,9,1,30.0,59,33.8,0.0,4.3,568.0,1
2025-09-19T11:00,2025-09-19,11,Friday,9,1,31.4,55,35.9,0.0,6.2,695.0,1
2025-09-19T12:00,2025-09-19,12,Friday,9,1,31.8,56,37.5,0.0,3.4,759.0,1
2025-09-19T13:00,2025-09-19,13,Friday,9,1,32.7,51,38.2,0.0,2.1,752.0,1
2025-09-19T14:00,2025-09-19,14,Friday,9,1,33.2,47,37.7,0.0,2.6,682.0,1
2025-09-19T15:00,2025-09-19,15,Friday,9,1,33.0,46,36.5,0.0,2.2,541.0,1
2025-09-19T16:00,2025-09-19,16,Friday,9,1,32.7,47,36.0,0.0,2.7,403.0,1
2025-09-19T17:00,2025-09-19,17,Friday,9,1,31.2,63,36.6,0.0,1.7,209.0,1
2025-09-19T18:00,2025-09-19,18,Friday,9,1,29.5,63,34.0,0.0,2.1,59.0,1
2025-09-19T19:00,2025-09-19,19,Friday,9,1,28.0,70,32.6,0.0,2.9,0.0,0
2025-09-19T20:00,2025-09-19,20,Friday,9,1,26.5,75,30.4,0.0,5.3,0.0,0
2025-09-19T21:00,2025-09-19,21,Friday,9,1,26.8,70,29.9,0.0,7.8,0.0,0
2025-09-19T22:00,2025-09-19,22,Friday,9,1,25.5,75,28.9,0.0,5.5,0.0,0
2025-09-19T23:00,2025-09-19,23,Friday,9,1,24.1,80,27.7,0.0,4.3,0.0,0
2025-09-20T00:00,2025-09-20,0,Saturday,9,1,23.5,84,27.0,0.0,4.1,0.0,0
2025-09-20T01:00,2025-09-20,1,Saturday,9,1,22.7,88,26.4,0.0,3.3,0.0,0
2025-09-20T02:00,2025-09-20,2,Saturday,9,1,22.3,91,26.0,0.0,3.2,0.0,0
2025-09-20T03:00,2025-09-20,3,Saturday,9,1,22.0,92,25.6,0.0,3.4,0.0,0
2025-09-20T04:00,2025-09-20,4,Saturday,9,1,21.6,93,25.3,0.0,2.1,0.0,0
2025-09-20T05:00,2025-09-20,5,Saturday,9,1,21.4,93,24.9,0.0,2.6,0.0,0
2025-09-20T06:00,2025-09-20,6,Saturday,9,1,22.5,88,26.6,0.0,0.6,0.0,1
2025-09-20T07:00,2025-09-20,7,Saturday,9,1,23.7,84,27.4,0.0,3.7,54.0,1
2025-09-20T08:00,2025-09-20,8,Saturday,9,1,25.9,75,29.6,0.0,4.0,212.0,1
2025-09-20T09:00,2025-09-20,9,Saturday,9,1,28.0,68,32.0,0.0,3.4,399.0,1
2025-09-20T10:00,2025-09-20,10,Saturday,9,1,29.6,62,34.2,0.0,2.4,567.0,1
2025-09-20T11:00,2025-09-20,11,Saturday,9,1,31.2,57,36.5,0.0,2.1,687.0,1
2025-09-20T12:00,2025-09-20,12,Saturday,9,1,32.5,50,37.6,0.0,3.3,756.0,1
2025-09-20T13:00,2025-09-20,13,Saturday,9,1,33.1,47,37.6,0.0,4.5,732.0,1
2025-09-20T14:00,2025-09-20,14,Saturday,9,1,33.5,45,37.5,0.0,4.1,677.0,1
2025-09-20T15:00,2025-09-20,15,Saturday,9,1,33.5,44,36.5,0.0,4.4,544.0,1
2025-09-20T16:00,2025-09-20,16,Saturday,9,1,33.1,45,36.0,0.0,5.1,396.0,1
2025-09-20T17:00,2025-09-20,17,Saturday,9,1,31.8,55,35.9,0.0,3.4,220.0,1
2025-09-20T18:00,2025-09-20,18,Saturday,9,1,30.6,55,34.7,0.0,0.4,60.0,1
2025-09-20T19:00,2025-09-20,19,Saturday,9,1,28.5,60,32.1,0.0,1.1,0.0,0
2025-09-20T20:00,2025-09-20,20,Saturday,9,1,25.6,76,29.6,0.0,3.0,0.0,0
2025-09-20T21:00,2025-09-20,21,Saturday,9,1,23.7,88,27.9,0.0,3.4,0.0,0
2025-09-20T22:00,2025-09-20,22,Saturday,9,1,22.3,94,26.4,0.0,3.1,0.0,0
2025-09-20T23:00,2025-09-20,23,Saturday,9,1,21.8,94,25.5,0.0,4.0,0.0,0
2025-09-21T00:00,2025-09-21,0,Sunday,9,1,21.5,91,25.0,0.0,3.1,0.0,0
2025-09-21T01:00,2025-09-21,1,Sunday,9,1,21.6,88,25.0,0.0,1.5,0.0,0
2025-09-21T02:00,2025-09-21,2,Sunday,9,1,21.0,89,24.1,0.0,2.7,0.0,0
2025-09-21T03:00,2025-09-21,3,Sunday,9,1,20.6,89,23.4,0.0,3.1,0.0,0
2025-09-21T04:00,2025-09-21,4,Sunday,9,1,20.4,89,23.1,0.0,2.3,0.0,0
2025-09-21T05:00,2025-09-21,5,Sunday,9,1,20.1,89,22.8,0.0,2.4,0.0,0
2025-09-21T06:00,2025-09-21,6,Sunday,9,1,21.2,89,24.2,0.0,3.6,0.0,1
2025-09-21T07:00,2025-09-21,7,Sunday,9,1,22.5,83,25.3,0.0,5.5,54.0,1
2025-09-21T08:00,2025-09-21,8,Sunday,9,1,25.7,69,28.6,0.0,5.1,216.0,1
2025-09-21T09:00,2025-09-21,9,Sunday,9,1,28.6,54,30.7,0.0,6.5,403.0,1
2025-09-21T10:00,2025-09-21,10,Sunday,9,1,30.4,52,33.4,0.0,4.6,570.0,1
2025-09-21T11:00,2025-09-21,11,Sunday,9,1,31.8,48,35.8,0.0,3.4,693.0,1
2025-09-21T12:00,2025-09-21,12,Sunday,9,1,32.8,46,37.4,0.0,3.1,757.0,1
2025-09-21T13:00,2025-09-21,13,Sunday,9,1,33.4,45,38.0,0.0,3.7,759.0,1
2025-09-21T14:00,2025-09-21,14,Sunday,9,1,33.8,44,37.9,0.0,3.8,695.0,1
2025-09-21T15:00,2025-09-21,15,Sunday,9,1,33.8,43,37.0,0.0,4.1,572.0,1
2025-09-21T16:00,2025-09-21,16,Sunday,9,1,33.5,44,36.7,0.0,3.7,406.0,1
2025-09-21T17:00,2025-09-21,17,Sunday,9,1,32.5,58,38.0,0.0,1.3,220.0,1
2025-09-21T18:00,2025-09-21,18,Sunday,9,1,30.5,51,33.7,0.0,2.0,56.0,1
2025-09-21T19:00,2025-09-21,19,Sunday,9,1,29.0,56,32.3,0.0,1.8,0.0,0
2025-09-21T20:00,2025-09-21,20,Sunday,9,1,27.2,65,30.7,0.0,2.8,0.0,0
2025-09-21T21:00,2025-09-21,21,Sunday,9,1,25.4,77,29.0,0.0,5.1,0.0,0
2025-09-21T22:00,2025-09-21,22,Sunday,9,1,24.2,82,28.3,0.0,1.9,0.0,0
2025-09-21T23:00,2025-09-21,23,Sunday,9,1,23.0,88,27.1,0.0,1.7,0.0,0
2025-09-22T00:00,2025-09-22,0,Monday,9,0,22.4,91,26.1,0.0,4.5,0.0,0
2025-09-22T01:00,2025-09-22,1,Monday,9,0,22.1,90,25.4,0.0,5.2,0.0,0
2025-09-22T02:00,2025-09-22,2,Monday,9,0,21.7,89,24.8,0.0,4.8,0.0,0
2025-09-22T03:00,2025-09-22,3,Monday,9,0,21.1,91,24.3,0.0,3.6,0.0,0
2025-09-22T04:00,2025-09-22,4,Monday,9,0,21.0,89,23.9,0.0,4.3,0.0,0
2025-09-22T05:00,2025-09-22,5,Monday,9,0,21.1,87,23.6,0.0,5.6,0.0,0
2025-09-22T06:00,2025-09-22,6,Monday,9,0,23.2,79,26.2,0.0,4.5,0.0,1
2025-09-22T07:00,2025-09-22,7,Monday,9,0,25.1,72,28.1,0.0,5.4,52.0,1
2025-09-22T08:00,2025-09-22,8,Monday,9,0,27.6,67,31.2,0.0,4.4,205.0,1
2025-09-22T09:00,2025-09-22,9,Monday,9,0,29.8,63,33.9,0.0,6.2,387.0,1
2025-09-22T10:00,2025-09-22,10,Monday,9,0,31.0,59,35.3,0.0,5.6,554.0,1
2025-09-22T11:00,2025-09-22,11,Monday,9,0,32.0,54,36.8,0.0,4.5,646.0,1
2025-09-22T12:00,2025-09-22,12,Monday,9,0,32.9,50,38.0,0.0,2.3,693.0,1
2025-09-22T13:00,2025-09-22,13,Monday,9,0,33.4,48,38.5,0.0,0.5,690.0,1
2025-09-22T14:00,2025-09-22,14,Monday,9,0,33.8,46,38.4,0.0,0.5,645.0,1
2025-09-22T15:00,2025-09-22,15,Monday,9,0,33.9,45,37.6,0.0,1.7,536.0,1
2025-09-22T16:00,2025-09-22,16,Monday,9,0,33.8,45,37.2,0.0,3.7,392.0,1
2025-09-22T17:00,2025-09-22,17,Monday,9,0,32.8,53,37.2,0.0,3.0,211.0,1
2025-09-22T18:00,2025-09-22,18,Monday,9,0,31.4,48,34.6,0.0,1.5,52.0,1
2025-09-22T19:00,2025-09-22,19,Monday,9,0,30.1,52,33.3,0.0,1.6,0.0,0
2025-09-22T20:00,2025-09-22,20,Monday,9,0,27.9,63,31.2,0.0,4.3,0.0,0
2025-09-22T21:00,2025-09-22,21,Monday,9,0,26.0,77,30.0,0.0,4.6,0.0,0
2025-09-22T22:00,2025-09-22,22,Monday,9,0,24.4,85,28.7,0.0,3.0,0.0,0
2025-09-22T23:00,2025-09-22,23,Monday,9,0,23.4,89,27.6,0.0,3.3,0.0,0
2025-09-23T00:00,2025-09-23,0,Tuesday,9,0,23.1,89,26.6,0.0,6.4,0.0,0
2025-09-23T01:00,2025-09-23,1,Tuesday,9,0,22.6,87,25.8,0.0,5.5,0.0,0
2025-09-23T02:00,2025-09-23,2,Tuesday,9,0,22.1,85,25.1,0.0,5.0,0.0,0
2025-09-23T03:00,2025-09-23,3,Tuesday,9,0,22.0,83,24.5,0.0,6.0,0.0,0
2025-09-23T04:00,2025-09-23,4,Tuesday,9,0,21.8,83,24.1,0.0,6.0,0.0,0
2025-09-23T05:00,2025-09-23,5,Tuesday,9,0,21.5,83,23.9,0.0,5.4,0.0,0
2025-09-23T06:00,2025-09-23,6,Tuesday,9,0,23.0,80,25.9,0.0,4.1,0.0,1
2025-09-23T07:00,2025-09-23,7,Tuesday,9,0,24.5,75,27.5,0.0,5.7,51.0,1
2025-09-23T08:00,2025-09-23,8,Tuesday,9,0,27.5,65,30.7,0.0,4.9,207.0,1
2025-09-23T09:00,2025-09-23,9,Tuesday,9,0,30.2,55,33.5,0.0,5.2,392.0,1
2025-09-23T10:00,2025-09-23,10,Tuesday,9,0,32.0,51,35.3,0.0,6.4,558.0,1
2025-09-23T11:00,2025-09-23,11,Tuesday,9,0,33.2,46,37.2,0.0,5.4,677.0,1
2025-09-23T12:00,2025-09-23,12,Tuesday,9,0,34.0,43,38.0,0.0,4.8,709.0,1
2025-09-23T13:00,2025-09-23,13,Tuesday,9,0,34.5,41,38.5,0.0,4.0,699.0,1
2025-09-23T14:00,2025-09-23,14,Tuesday,9,0,34.8,40,38.4,0.0,4.2,646.0,1
2025-09-23T15:00,2025-09-23,15,Tuesday,9,0,34.9,40,37.7,0.0,4.9,540.0,1
2025-09-23T16:00,2025-09-23,16,Tuesday,9,0,34.5,41,37.3,0.0,5.6,372.0,1
2025-09-23T17:00,2025-09-23,17,Tuesday,9,0,33.2,47,36.6,0.0,4.6,188.0,1
2025-09-23T18:00,2025-09-23,18,Tuesday,9,0,31.4,52,35.1,0.0,2.0,47.0,1
2025-09-23T19:00,2025-09-23,19,Tuesday,9,0,30.3,55,34.1,0.0,1.4,0.0,0
2025-09-23T20:00,2025-09-23,20,Tuesday,9,0,28.5,61,32.3,0.0,2.1,0.0,0
2025-09-23T21:00,2025-09-23,21,Tuesday,9,0,26.8,68,30.7,0.0,1.4,0.0,0
2025-09-23T22:00,2025-09-23,22,Tuesday,9,0,25.2,75,28.9,0.0,3.3,0.0,0
2025-09-23T23:00,2025-09-23,23,Tuesday,9,0,24.5,79,27.9,0.0,5.4,0.0,0
2025-09-24T00:00,2025-09-24,0,Wednesday,9,0,23.5,83,27.0,0.0,4.6,0.0,0
2025-09-24T01:00,2025-09-24,1,Wednesday,9,0,23.2,83,26.5,0.0,4.3,0.0,0
2025-09-24T02:00,2025-09-24,2,Wednesday,9,0,22.9,84,26.0,0.0,4.5,0.0,0
2025-09-24T03:00,2025-09-24,3,Wednesday,9,0,22.4,85,25.5,0.0,4.4,0.0,0
2025-09-24T04:00,2025-09-24,4,Wednesday,9,0,22.0,87,25.3,0.0,3.4,0.0,0
2025-09-24T05:00,2025-09-24,5,Wednesday,9,0,21.8,88,25.0,0.0,3.1,0.0,0
2025-09-24T06:00,2025-09-24,6,Wednesday,9,0,23.3,79,26.4,0.0,3.5,0.0,1
2025-09-24T07:00,2025-09-24,7,Wednesday,9,0,24.7,75,27.9,0.0,4.3,49.0,1
2025-09-24T08:00,2025-09-24,8,Wednesday,9,0,27.4,65,30.9,0.0,2.7,206.0,1
2025-09-24T09:00,2025-09-24,9,Wednesday,9,0,29.8,56,33.0,0.0,4.5,392.0,1
2025-09-24T10:00,2025-09-24,10,Wednesday,9,0,31.5,52,34.6,0.0,6.5,559.0,1
2025-09-24T11:00,2025-09-24,11,Wednesday,9,0,32.9,47,36.7,0.0,6.4,679.0,1
2025-09-24T12:00,2025-09-24,12,Wednesday,9,0,33.8,43,37.9,0.0,3.9,716.0,1
2025-09-24T13:00,2025-09-24,13,Wednesday,9,0,34.3,41,38.2,0.0,3.2,687.0,1
2025-09-24T14:00,2025-09-24,14,Wednesday,9,0,34.8,39,37.8,0.0,4.4,615.0,1
2025-09-24T15:00,2025-09-24,15,Wednesday,9,0,35.0,38,37.4,0.0,5.2,529.0,1
2025-09-24T16:00,2025-09-24,16,Wednesday,9,0,34.6,39,37.2,0.0,4.2,374.0,1
2025-09-24T17:00,2025-09-24,17,Wednesday,9,0,33.7,49,38.0,0.0,1.5,200.0,1
2025-09-24T18:00,2025-09-24,18,Wednesday,9,0,31.1,48,33.9,0.0,3.3,46.0,1
2025-09-24T19:00,2025-09-24,19,Wednesday,9,0,29.0,59,32.2,0.0,5.5,0.0,0
2025-09-24T20:00,2025-09-24,20,Wednesday,9,0,27.1,71,31.2,0.0,3.1,0.0,0
2025-09-24T21:00,2025-09-24,21,Wednesday,9,0,25.8,75,29.5,0.0,4.3,0.0,0
2025-09-24T22:00,2025-09-24,22,Wednesday,9,0,25.0,76,28.4,0.0,4.5,0.0,0
2025-09-24T23:00,2025-09-24,23,Wednesday,9,0,24.4,76,27.4,0.0,5.1,0.0,0
2025-09-25T00:00,2025-09-25,0,Thursday,9,0,23.9,75,26.6,0.0,5.1,0.0,0
2025-09-25T01:00,2025-09-25,1,Thursday,9,0,23.6,74,26.1,0.0,5.2,0.0,0
2025-09-25T02:00,2025-09-25,2,Thursday,9,0,23.4,75,25.8,0.0,4.9,0.0,0
2025-09-25T03:00,2025-09-25,3,Thursday,9,0,23.1,77,25.8,0.0,3.8,0.0,0
2025-09-25T04:00,2025-09-25,4,Thursday,9,0,22.9,78,25.5,0.0,4.6,0.0,0
2025-09-25T05:00,2025-09-25,5,Thursday,9,0,22.5,80,25.1,0.0,4.8,0.0,0
2025-09-25T06:00,2025-09-25,6,Thursday,9,0,23.3,80,26.3,0.0,4.3,0.0,1
2025-09-25T07:00,2025-09-25,7,Thursday,9,0,25.0,74,28.1,0.0,5.2,48.0,1
2025-09-25T08:00,2025-09-25,8,Thursday,9,0,27.8,64,31.1,0.0,4.9,204.0,1
2025-09-25T09:00,2025-09-25,9,Thursday,9,0,27.2,63,27.9,1.3,20.1,388.0,1
2025-09-25T10:00,2025-09-25,10,Thursday,9,0,23.8,76,24.9,2.3,16.4,141.0,1
2025-09-25T11:00,2025-09-25,11,Thursday,9,0,27.8,60,30.2,0.0,7.3,424.0,1
2025-09-25T12:00,2025-09-25,12,Thursday,9,0,30.6,49,34.3,0.0,3.3,675.0,1
2025-09-25T13:00,2025-09-25,13,Thursday,9,0,31.9,45,35.5,0.0,3.8,706.0,1
2025-09-25T14:00,2025-09-25,14,Thursday,9,0,32.5,44,36.0,0.0,3.1,669.0,1
2025-09-25T15:00,2025-09-25,15,Thursday,9,0,32.2,45,34.9,0.0,3.9,539.0,1
2025-09-25T16:00,2025-09-25,16,Thursday,9,0,32.2,44,35.0,0.0,2.7,349.0,1
2025-09-25T17:00,2025-09-25,17,Thursday,9,0,31.2,55,35.2,0.0,2.8,191.0,1
2025-09-25T18:00,2025-09-25,18,Thursday,9,0,29.2,57,32.5,0.0,3.1,43.0,1
2025-09-25T19:00,2025-09-25,19,Thursday,9,0,27.6,67,31.4,0.0,3.4,0.0,0
2025-09-25T20:00,2025-09-25,20,Thursday,9,0,26.1,74,30.1,0.0,3.1,0.0,0
2025-09-25T21:00,2025-09-25,21,Thursday,9,0,24.8,80,28.9,0.0,1.6,0.0,0
2025-09-25T22:00,2025-09-25,22,Thursday,9,0,23.6,85,27.8,0.0,0.9,0.0,0
2025-09-25T23:00,2025-09-25,23,Thursday,9,0,22.8,88,26.8,0.0,1.4,0.0,0
2025-09-26T00:00,2025-09-26,0,Friday,9,1,22.5,88,26.5,0.0,0.4,0.0,0
2025-09-26T01:00,2025-09-26,1,Friday,9,1,22.2,88,26.2,0.0,0.3,0.0,0
2025-09-26T02:00,2025-09-26,2,Friday,9,1,21.5,90,24.8,0.0,2.4,0.0,0
2025-09-26T03:00,2025-09-26,3,Friday,9,1,20.9,89,23.8,0.0,3.6,0.0,0
2025-09-26T04:00,2025-09-26,4,Friday,9,1,20.7,88,23.8,0.0,0.7,0.0,0
2025-09-26T05:00,2025-09-26,5,Friday,9,1,20.3,90,23.2,0.0,1.5,0.0,0
2025-09-26T06:00,2025-09-26,6,Friday,9,1,20.6,86,23.1,0.0,3.5,0.0,1
2025-09-26T07:00,2025-09-26,7,Friday,9,1,22.4,78,24.9,0.0,3.2,47.0,1
2025-09-26T08:00,2025-09-26,8,Friday,9,1,25.6,67,28.8,0.0,1.5,205.0,1
2025-09-26T09:00,2025-09-26,9,Friday,9,1,28.2,57,31.0,0.0,3.8,393.0,1
2025-09-26T10:00,2025-09-26,10,Friday,9,1,30.5,49,33.1,0.0,4.3,560.0,1
2025-09-26T11:00,2025-09-26,11,Friday,9,1,32.5,43,35.7,0.0,4.1,684.0,1
2025-09-26T12:00,2025-09-26,12,Friday,9,1,33.8,37,36.7,0.0,5.6,749.0,1
2025-09-26T13:00,2025-09-26,13,Friday,9,1,34.3,35,36.9,0.0,7.2,747.0,1
2025-09-26T14:00,2025-09-26,14,Friday,9,1,34.3,35,36.5,0.0,7.4,683.0,1
2025-09-26T15:00,2025-09-26,15,Friday,9,1,34.1,36,35.3,0.0,8.2,560.0,1
2025-09-26T16:00,2025-09-26,16,Friday,9,1,33.4,38,34.7,0.0,8.0,391.0,1
2025-09-26T17:00,2025-09-26,17,Friday,9,1,31.6,45,33.9,0.0,5.1,202.0,1
2025-09-26T18:00,2025-09-26,18,Friday,9,1,28.1,55,30.5,0.0,4.5,44.0,0
2025-09-26T19:00,2025-09-26,19,Friday,9,1,25.5,67,28.3,0.0,4.4,0.0,0
2025-09-26T20:00,2025-09-26,20,Friday,9,1,23.7,79,27.1,0.0,2.8,0.0,0
2025-09-26T21:00,2025-09-26,21,Friday,9,1,22.4,86,26.0,0.0,1.7,0.0,0
2025-09-26T22:00,2025-09-26,22,Friday,9,1,21.3,90,24.8,0.0,1.5,0.0,0
2025-09-26T23:00,2025-09-26,23,Friday,9,1,20.5,92,23.6,0.0,1.9,0.0,0
2025-09-27T00:00,2025-09-27,0,Saturday,9,1,20.0,91,22.8,0.0,2.4,0.0,0
2025-09-27T01:00,2025-09-27,1,Saturday,9,1,19.8,90,22.3,0.0,2.7,0.0,0
2025-09-27T02:00,2025-09-27,2,Saturday,9,1,19.3,90,21.6,0.0,3.1,0.0,0
2025-09-27T03:00,2025-09-27,3,Saturday,9,1,18.9,91,21.0,0.0,3.5,0.0,0
2025-09-27T04:00,2025-09-27,4,Saturday,9,1,18.5,91,20.4,0.0,3.7,0.0,0
2025-09-27T05:00,2025-09-27,5,Saturday,9,1,18.4,89,20.1,0.0,3.9,0.0,0
2025-09-27T06:00,2025-09-27,6,Saturday,9,1,19.4,84,21.0,0.0,4.1,0.0,1
2025-09-27T07:00,2025-09-27,7,Saturday,9,1,21.1,75,22.6,0.0,5.7,48.0,1
2025-09-27T08:00,2025-09-27,8,Saturday,9,1,24.7,64,26.7,0.0,4.1,208.0,1
2025-09-27T09:00,2025-09-27,9,Saturday,9,1,28.2,50,30.4,0.0,1.3,399.0,1
2025-09-27T10:00,2025-09-27,10,Saturday,9,1,30.9,41,33.0,0.0,1.3,568.0,1
2025-09-27T11:00,2025-09-27,11,Saturday,9,1,32.7,40,35.8,0.0,2.2,693.0,1
2025-09-27T12:00,2025-09-27,12,Saturday,9,1,34.0,36,37.2,0.0,2.8,759.0,1
2025-09-27T13:00,2025-09-27,13,Saturday,9,1,35.1,32,37.9,0.0,3.6,759.0,1
2025-09-27T14:00,2025-09-27,14,Saturday,9,1,35.5,30,37.7,0.0,4.4,692.0,1
2025-09-27T15:00,2025-09-27,15,Saturday,9,1,35.3,31,36.4,0.0,6.3,563.0,1
2025-09-27T16:00,2025-09-27,16,Saturday,9,1,34.3,34,35.6,0.0,6.7,393.0,1
2025-09-27T17:00,2025-09-27,17,Saturday,9,1,31.9,48,34.8,0.0,4.7,201.0,1
2025-09-27T18:00,2025-09-27,18,Saturday,9,1,28.9,55,31.5,0.0,4.8,42.0,0
2025-09-27T19:00,2025-09-27,19,Saturday,9,1,27.0,66,30.6,0.0,2.3,0.0,0
2025-09-27T20:00,2025-09-27,20,Saturday,9,1,25.0,79,29.1,0.0,2.1,0.0,0
2025-09-27T21:00,2025-09-27,21,Saturday,9,1,23.5,85,27.4,0.0,2.2,0.0,0
2025-09-27T22:00,2025-09-27,22,Saturday,9,1,22.0,90,25.6,0.0,3.2,0.0,0
2025-09-27T23:00,2025-09-27,23,Saturday,9,1,21.5,89,24.5,0.0,4.8,0.0,0
2025-09-28T00:00,2025-09-28,0,Sunday,9,1,21.0,86,23.6,0.0,4.4,0.0,0
2025-09-28T01:00,2025-09-28,1,Sunday,9,1,20.6,87,23.2,0.0,3.3,0.0,0
2025-09-28T02:00,2025-09-28,2,Sunday,9,1,20.1,89,22.7,0.0,3.1,0.0,0
2025-09-28T03:00,2025-09-28,3,Sunday,9,1,19.8,89,22.2,0.0,3.1,0.0,0
2025-09-28T04:00,2025-09-28,4,Sunday,9,1,19.5,89,21.7,0.0,3.3,0.0,0
2025-09-28T05:00,2025-09-28,5,Sunday,9,1,19.2,88,21.2,0.0,3.9,0.0,0
2025-09-28T06:00,2025-09-28,6,Sunday,9,1,21.4,72,23.1,0.0,2.4,0.0,1
2025-09-28T07:00,2025-09-28,7,Sunday,9,1,22.5,67,23.9,0.0,4.7,46.0,1
2025-09-28T08:00,2025-09-28,8,Sunday,9,1,25.8,59,27.6,0.0,5.1,206.0,1
2025-09-28T09:00,2025-09-28,9,Sunday,9,1,29.4,46,31.2,0.0,3.6,395.0,1
2025-09-28T10:00,2025-09-28,10,Sunday,9,1,31.7,43,33.7,0.0,5.4,564.0,1
2025-09-28T11:00,2025-09-28,11,Sunday,9,1,33.2,41,36.1,0.0,6.8,686.0,1
2025-09-28T12:00,2025-09-28,12,Sunday,9,1,34.2,38,37.3,0.0,6.9,749.0,1
2025-09-28T13:00,2025-09-28,13,Sunday,9,1,35.0,35,38.0,0.0,4.4,743.0,1
2025-09-28T14:00,2025-09-28,14,Sunday,9,1,35.3,32,37.9,0.0,1.8,681.0,1
2025-09-28T15:00,2025-09-28,15,Sunday,9,1,35.3,30,36.7,0.0,1.8,551.0,1
2025-09-28T16:00,2025-09-28,16,Sunday,9,1,35.1,33,37.0,0.0,1.8,381.0,1
2025-09-28T17:00,2025-09-28,17,Sunday,9,1,33.6,42,36.6,0.0,2.5,193.0,1
2025-09-28T18:00,2025-09-28,18,Sunday,9,1,31.8,38,33.6,0.0,0.9,39.0,0
2025-09-28T19:00,2025-09-28,19,Sunday,9,1,29.1,47,31.1,0.0,2.3,0.0,0
2025-09-28T20:00,2025-09-28,20,Sunday,9,1,26.3,63,29.1,0.0,3.0,0.0,0
2025-09-28T21:00,2025-09-28,21,Sunday,9,1,24.1,74,27.2,0.0,2.8,0.0,0
2025-09-28T22:00,2025-09-28,22,Sunday,9,1,22.5,83,25.7,0.0,3.0,0.0,0
2025-09-28T23:00,2025-09-28,23,Sunday,9,1,21.9,87,24.9,0.0,3.9,0.0,0
2025-09-29T00:00,2025-09-29,0,Monday,9,0,21.5,86,24.2,0.0,4.9,0.0,0
2025-09-29T01:00,2025-09-29,1,Monday,9,0,21.2,82,23.4,0.0,5.3,0.0,0
2025-09-29T02:00,2025-09-29,2,Monday,9,0,20.9,79,22.7,0.0,4.8,0.0,0
2025-09-29T03:00,2025-09-29,3,Monday,9,0,20.8,77,22.4,0.0,4.6,0.0,0
2025-09-29T04:00,2025-09-29,4,Monday,9,0,20.5,77,22.1,0.0,4.8,0.0,0
2025-09-29T05:00,2025-09-29,5,Monday,9,0,20.3,78,21.8,0.0,4.9,0.0,0
2025-09-29T06:00,2025-09-29,6,Monday,9,0,21.5,75,23.1,0.0,4.8,0.0,0
2025-09-29T07:00,2025-09-29,7,Monday,9,0,23.0,71,25.0,0.0,5.2,44.0,1
2025-09-29T08:00,2025-09-29,8,Monday,9,0,26.2,62,28.6,0.0,4.3,200.0,1
2025-09-29T09:00,2025-09-29,9,Monday,9,0,29.4,50,31.8,0.0,2.6,386.0,1
2025-09-29T10:00,2025-09-29,10,Monday,9,0,31.4,46,33.9,0.0,3.3,552.0,1
2025-09-29T11:00,2025-09-29,11,Monday,9,0,32.8,42,36.2,0.0,3.0,674.0,1
2025-09-29T12:00,2025-09-29,12,Monday,9,0,34.0,38,37.8,0.0,0.7,731.0,1
2025-09-29T13:00,2025-09-29,13,Monday,9,0,34.7,33,37.6,0.0,1.1,685.0,1
2025-09-29T14:00,2025-09-29,14,Monday,9,0,35.2,31,37.3,0.0,3.4,655.0,1
2025-09-29T15:00,2025-09-29,15,Monday,9,0,35.1,30,36.0,0.0,4.1,513.0,1
2025-09-29T16:00,2025-09-29,16,Monday,9,0,34.5,31,35.3,0.0,5.2,359.0,1
2025-09-29T17:00,2025-09-29,17,Monday,9,0,32.8,37,34.0,0.0,5.6,180.0,1
2025-09-29T18:00,2025-09-29,18,Monday,9,0,29.6,47,31.4,0.0,4.8,36.0,0
2025-09-29T19:00,2025-09-29,19,Monday,9,0,27.1,60,29.8,0.0,3.9,0.0,0
2025-09-29T20:00,2025-09-29,20,Monday,9,0,25.1,71,28.1,0.0,4.5,0.0,0
2025-09-29T21:00,2025-09-29,21,Monday,9,0,23.5,78,26.6,0.0,4.3,0.0,0
2025-09-29T22:00,2025-09-29,22,Monday,9,0,22.1,82,24.9,0.0,3.5,0.0,0
2025-09-29T23:00,2025-09-29,23,Monday,9,0,21.2,84,23.8,0.0,3.3,0.0,0
2025-09-30T00:00,2025-09-30,0,Tuesday,9,0,20.7,83,23.0,0.0,3.8,0.0,0
2025-09-30T01:00,2025-09-30,1,Tuesday,9,0,20.4,83,22.7,0.0,1.9,0.0,0
2025-09-30T02:00,2025-09-30,2,Tuesday,9,0,19.7,84,21.8,0.0,2.3,0.0,0
2025-09-30T03:00,2025-09-30,3,Tuesday,9,0,19.2,84,20.9,0.0,3.9,0.0,0
2025-09-30T04:00,2025-09-30,4,Tuesday,9,0,19.1,81,20.5,0.0,4.1,0.0,0
2025-09-30T05:00,2025-09-30,5,Tuesday,9,0,19.1,80,20.5,0.0,3.9,0.0,0
2025-09-30T06:00,2025-09-30,6,Tuesday,9,0,20.6,75,22.2,0.0,4.0,0.0,0
2025-09-30T07:00,2025-09-30,7,Tuesday,9,0,22.3,68,23.6,0.0,5.8,43.0,1
2025-09-30T08:00,2025-09-30,8,Tuesday,9,0,26.0,58,28.0,0.0,3.4,198.0,1
2025-09-30T09:00,2025-09-30,9,Tuesday,9,0,29.5,45,31.4,0.0,1.9,385.0,1
2025-09-30T10:00,2025-09-30,10,Tuesday,9,0,32.0,37,33.1,0.0,4.1,553.0,1
2025-09-30T11:00,2025-09-30,11,Tuesday,9,0,33.5,34,35.3,0.0,6.0,675.0,1
2025-09-30T12:00,2025-09-30,12,Tuesday,9,0,34.5,33,36.5,0.0,7.4,733.0,1
2025-09-30T13:00,2025-09-30,13,Tuesday,9,0,34.8,32,36.6,0.0,8.6,725.0,1
2025-09-30T14:00,2025-09-30,14,Tuesday,9,0,34.8,32,36.1,0.0,8.2,652.0,1
2025-09-30T15:00,2025-09-30,15,Tuesday,9,0,34.7,32,35.4,0.0,7.3,526.0,1
2025-09-30T16:00,2025-09-30,16,Tuesday,9,0,34.2,33,35.6,0.0,4.2,367.0,1
2025-09-30T17:00,2025-09-30,17,Tuesday,9,0,32.8,46,36.1,0.0,2.2,183.0,1
2025-09-30T18:00,2025-09-30,18,Tuesday,9,0,30.4,44,32.1,0.0,3.9,34.0,0
2025-09-30T19:00,2025-09-30,19,Tuesday,9,0,28.9,49,31.1,0.0,1.7,0.0,0
2025-09-30T20:00,2025-09-30,20,Tuesday,9,0,26.0,58,28.0,0.0,4.3,0.0,0
2025-09-30T21:00,2025-09-30,21,Tuesday,9,0,24.4,67,26.5,0.0,4.3,0.0,0
2025-09-30T22:00,2025-09-30,22,Tuesday,9,0,23.1,73,25.7,0.0,2.3,0.0,0
2025-09-30T23:00,2025-09-30,23,Tuesday,9,0,22.4,74,24.0,0.0,6.7,0.0,0
2025-10-01T00:00,2025-10-01,0,Wednesday,10,0,21.9,73,23.3,0.0,6.9,0.0,0
2025-10-01T01:00,2025-10-01,1,Wednesday,10,0,21.6,72,23.0,0.0,5.3,0.0,0
2025-10-01T02:00,2025-10-01,2,Wednesday,10,0,21.0,73,22.3,0.0,4.1,0.0,0
2025-10-01T03:00,2025-10-01,3,Wednesday,10,0,20.7,73,22.0,0.0,3.9,0.0,0
2025-10-01T04:00,2025-10-01,4,Wednesday,10,0,20.7,73,22.2,0.0,3.4,0.0,0
2025-10-01T05:00,2025-10-01,5,Wednesday,10,0,23.5,70,26.1,0.0,1.9,0.0,0
2025-10-01T06:00,2025-10-01,6,Wednesday,10,0,23.6,67,25.1,0.1,6.7,0.0,0
2025-10-01T07:00,2025-10-01,7,Wednesday,10,0,21.0,81,21.6,6.6,14.7,25.0,1
2025-10-01T08:00,2025-10-01,8,Wednesday,10,0,21.0,85,22.8,0.4,8.5,21.0,1
2025-10-01T09:00,2025-10-01,9,Wednesday,10,0,23.5,81,27.2,0.7,1.6,353.0,1
2025-10-01T10:00,2025-10-01,10,Wednesday,10,0,27.0,65,29.8,0.0,5.8,547.0,1
2025-10-01T11:00,2025-10-01,11,Wednesday,10,0,30.0,55,34.2,0.0,2.9,668.0,1
2025-10-01T12:00,2025-10-01,12,Wednesday,10,0,31.5,49,34.8,0.0,8.9,730.0,1
2025-10-01T13:00,2025-10-01,13,Wednesday,10,0,31.2,52,35.3,0.0,6.5,715.0,1
2025-10-01T14:00,2025-10-01,14,Wednesday,10,0,31.9,49,34.9,0.0,8.1,637.0,1
2025-10-01T15:00,2025-10-01,15,Wednesday,10,0,32.1,45,33.9,0.0,8.9,486.0,1
2025-10-01T16:00,2025-10-01,16,Wednesday,10,0,31.5,45,33.1,0.0,10.3,348.0,1
2025-10-01T17:00,2025-10-01,17,Wednesday,10,0,31.1,42,32.2,0.0,9.1,170.0,1
2025-10-01T18:00,2025-10-01,18,Wednesday,10,0,28.5,54,30.8,0.0,5.4,30.0,0
2025-10-01T19:00,2025-10-01,19,Wednesday,10,0,26.9,63,29.7,0.0,5.2,0.0,0
2025-10-01T20:00,2025-10-01,20,Wednesday,10,0,24.8,75,28.1,0.0,4.3,0.0,0
2025-10-01T21:00,2025-10-01,21,Wednesday,10,0,23.5,82,27.1,0.0,2.4,0.0,0
2025-10-01T22:00,2025-10-01,22,Wednesday,10,0,22.4,87,25.6,0.0,3.9,0.0,0
2025-10-01T23:00,2025-10-01,23,Wednesday,10,0,22.4,92,26.3,0.0,2.6,0.0,0
2025-10-02T00:00,2025-10-02,0,Thursday,10,0,21.8,91,25.1,0.0,3.9,0.0,0
2025-10-02T01:00,2025-10-02,1,Thursday,10,0,21.8,85,24.8,0.0,3.4,0.0,0
2025-10-02T02:00,2025-10-02,2,Thursday,10,0,22.5,78,25.1,0.0,3.6,0.0,0
2025-10-02T03:00,2025-10-02,3,Thursday,10,0,22.2,75,24.7,0.0,2.3,0.0,0
2025-10-02T04:00,2025-10-02,4,Thursday,10,0,21.5,75,23.5,0.0,3.3,0.0,0
2025-10-02T05:00,2025-10-02,5,Thursday,10,0,22.3,75,24.0,0.4,7.2,0.0,0
2025-10-02T06:00,2025-10-02,6,Thursday,10,0,21.1,79,23.4,0.0,2.4,0.0,0
2025-10-02T07:00,2025-10-02,7,Thursday,10,0,22.3,73,23.8,0.0,7.8,34.0,1
2025-10-02T08:00,2025-10-02,8,Thursday,10,0,24.5,66,27.0,0.0,2.5,187.0,1
2025-10-02T09:00,2025-10-02,9,Thursday,10,0,26.5,61,29.2,0.0,2.7,367.0,1
2025-10-02T10:00,2025-10-02,10,Thursday,10,0,28.4,57,31.8,0.0,0.7,530.0,1
2025-10-02T11:00,2025-10-02,11,Thursday,10,0,30.6,47,34.0,0.0,1.3,655.0,1
2025-10-02T12:00,2025-10-02,12,Thursday,10,0,32.6,39,35.4,0.0,3.4,676.0,1
2025-10-02T13:00,2025-10-02,13,Thursday,10,0,30.9,45,33.3,0.2,6.7,652.0,1
2025-10-02T14:00,2025-10-02,14,Thursday,10,0,32.0,42,34.0,0.0,6.2,597.0,1
2025-10-02T15:00,2025-10-02,15,Thursday,10,0,32.2,42,34.1,0.0,5.4,475.0,1
2025-10-02T16:00,2025-10-02,16,Thursday,10,0,31.8,43,33.6,0.0,6.5,345.0,1
2025-10-02T17:00,2025-10-02,17,Thursday,10,0,28.9,59,32.2,0.0,3.3,171.0,1
2025-10-02T18:00,2025-10-02,18,Thursday,10,0,27.6,60,30.1,0.0,6.7,29.0,0
2025-10-02T19:00,2025-10-02,19,Thursday,10,0,26.2,65,29.4,0.0,1.9,0.0,0
2025-10-02T20:00,2025-10-02,20,Thursday,10,0,24.7,72,27.9,0.0,2.2,0.0,0
2025-10-02T21:00,2025-10-02,21,Thursday,10,0,23.4,79,26.7,0.0,2.4,0.0,0
2025-10-02T22:00,2025-10-02,22,Thursday,10,0,22.5,82,25.4,0.0,3.6,0.0,0
2025-10-02T23:00,2025-10-02,23,Thursday,10,0,24.1,79,27.8,0.0,1.7,0.0,0
2025-10-03T00:00,2025-10-03,0,Friday,10,1,23.6,78,26.6,0.0,4.8,0.0,0
2025-10-03T01:00,2025-10-03,1,Friday,10,1,23.1,78,26.1,0.0,3.1,0.0,0
2025-10-03T02:00,2025-10-03,2,Friday,10,1,23.0,76,25.3,0.0,5.4,0.0,0
2025-10-03T03:00,2025-10-03,3,Friday,10,1,21.8,82,24.6,0.0,3.1,0.0,0
2025-10-03T04:00,2025-10-03,4,Friday,10,1,22.6,70,23.3,0.0,12.2,0.0,0
2025-10-03T05:00,2025-10-03,5,Friday,10,1,21.2,90,22.8,0.3,14.3,0.0,0
2025-10-03T06:00,2025-10-03,6,Friday,10,1,21.5,84,23.4,0.2,9.7,0.0,0
2025-10-03T07:00,2025-10-03,7,Friday,10,1,21.8,74,22.5,0.0,11.8,32.0,1
2025-10-03T08:00,2025-10-03,8,Friday,10,1,22.1,79,24.5,0.2,4.8,93.0,1
2025-10-03T09:00,2025-10-03,9,Friday,10,1,24.1,70,26.8,0.4,2.0,324.0,1
2025-10-03T10:00,2025-10-03,10,Friday,10,1,26.0,57,27.8,0.0,5.1,457.0,1
2025-10-03T11:00,2025-10-03,11,Friday,10,1,25.9,57,28.3,0.0,3.3,636.0,1
2025-10-03T12:00,2025-10-03,12,Friday,10,1,27.9,48,29.5,0.0,7.8,681.0,1
2025-10-03T13:00,2025-10-03,13,Friday,10,1,28.4,46,29.9,0.0,6.0,613.0,1
2025-10-03T14:00,2025-10-03,14,Friday,10,1,29.5,44,31.2,0.0,5.1,626.0,1
2025-10-03T15:00,2025-10-03,15,Friday,10,1,29.6,44,31.1,0.0,4.7,512.0,1
2025-10-03T16:00,2025-10-03,16,Friday,10,1,29.3,45,30.8,0.0,4.9,348.0,1
2025-10-03T17:00,2025-10-03,17,Friday,10,1,28.1,64,31.8,0.0,3.1,162.0,1
2025-10-03T18:00,2025-10-03,18,Friday,10,1,26.3,65,29.4,0.0,2.8,27.0,0
2025-10-03T19:00,2025-10-03,19,Friday,10,1,24.7,75,28.1,0.0,3.1,0.0,0
2025-10-03T20:00,2025-10-03,20,Friday,10,1,23.1,85,26.8,0.0,2.8,0.0,0
2025-10-03T21:00,2025-10-03,21,Friday,10,1,21.9,91,25.6,0.0,2.6,0.0,0
2025-10-03T22:00,2025-10-03,22,Friday,10,1,21.1,94,24.7,0.0,2.0,0.0,0
2025-10-03T23:00,2025-10-03,23,Friday,10,1,20.9,97,24.7,0.0,1.5,0.0,0
2025-10-04T00:00,2025-10-04,0,Saturday,10,1,20.4,95,23.7,0.0,2.4,0.0,0
2025-10-04T01:00,2025-10-04,1,Saturday,10,1,20.2,93,23.4,0.0,1.8,0.0,0
2025-10-04T02:00,2025-10-04,2,Saturday,10,1,19.9,93,22.8,0.0,2.3,0.0,0
2025-10-04T03:00,2025-10-04,3,Saturday,10,1,19.7,91,22.4,0.0,2.3,0.0,0
2025-10-04T04:00,2025-10-04,4,Saturday,10,1,19.5,89,22.0,0.0,2.3,0.0,0
2025-10-04T05:00,2025-10-04,5,Saturday,10,1,20.6,85,23.5,0.0,0.5,0.0,0
2025-10-04T06:00,2025-10-04,6,Saturday,10,1,20.2,85,22.8,0.0,1.6,0.0,0
2025-10-04T07:00,2025-10-04,7,Saturday,10,1,19.2,84,19.7,4.0,12.5,30.0,1
2025-10-04T08:00,2025-10-04,8,Saturday,10,1,20.5,82,22.7,0.0,2.7,142.0,1
2025-10-04T09:00,2025-10-04,9,Saturday,10,1,22.9,67,24.9,0.0,2.1,336.0,1
2025-10-04T10:00,2025-10-04,10,Saturday,10,1,25.1,59,26.9,0.0,3.6,505.0,1
2025-10-04T11:00,2025-10-04,11,Saturday,10,1,25.2,60,27.2,0.0,5.9,601.0,1
2025-10-04T12:00,2025-10-04,12,Saturday,10,1,26.8,56,29.7,0.0,1.5,634.0,1
2025-10-04T13:00,2025-10-04,13,Saturday,10,1,28.3,50,31.2,0.0,2.7,679.0,1
2025-10-04T14:00,2025-10-04,14,Saturday,10,1,29.5,46,31.7,0.0,3.3,607.0,1
2025-10-04T15:00,2025-10-04,15,Saturday,10,1,28.6,49,30.8,0.0,1.7,476.0,1
2025-10-04T16:00,2025-10-04,16,Saturday,10,1,28.4,49,30.5,0.0,1.1,313.0,1
2025-10-04T17:00,2025-10-04,17,Saturday,10,1,26.8,66,30.0,0.0,3.3,154.0,1
2025-10-04T18:00,2025-10-04,18,Saturday,10,1,25.8,68,29.3,0.0,0.4,24.0,0
2025-10-04T19:00,2025-10-04,19,Saturday,10,1,24.0,70,26.4,0.0,4.5,0.0,0
2025-10-04T20:00,2025-10-04,20,Saturday,10,1,22.8,75,25.1,0.0,4.4,0.0,0
2025-10-04T21:00,2025-10-04,21,Saturday,10,1,21.2,82,23.8,0.0,3.1,0.0,0
2025-10-04T22:00,2025-10-04,22,Saturday,10,1,20.1,86,22.3,0.0,3.6,0.0,0
2025-10-04T23:00,2025-10-04,23,Saturday,10,1,19.5,86,21.4,0.0,4.2,0.0,0
2025-10-05T00:00,2025-10-05,0,Sunday,10,1,19.2,82,20.7,0.0,4.7,0.0,0
2025-10-05T01:00,2025-10-05,1,Sunday,10,1,18.8,81,20.0,0.0,4.4,0.0,0
2025-10-05T02:00,2025-10-05,2,Sunday,10,1,18.9,79,19.6,0.0,6.5,0.0,0
2025-10-05T03:00,2025-10-05,3,Sunday,10,1,18.7,77,19.2,0.0,7.1,0.0,0
2025-10-05T04:00,2025-10-05,4,Sunday,10,1,18.4,77,17.8,0.0,13.6,0.0,0
2025-10-05T05:00,2025-10-05,5,Sunday,10,1,19.2,82,21.1,0.0,2.0,0.0,0
2025-10-05T06:00,2025-10-05,6,Sunday,10,1,18.6,83,20.1,0.0,2.8,0.0,0
2025-10-05T07:00,2025-10-05,7,Sunday,10,1,20.0,73,20.7,0.0,6.7,36.0,1
2025-10-05T08:00,2025-10-05,8,Sunday,10,1,22.6,64,23.6,0.0,5.8,184.0,1
2025-10-05T09:00,2025-10-05,9,Sunday,10,1,25.0,55,26.0,0.0,5.8,366.0,1
2025-10-05T10:00,2025-10-05,10,Sunday,10,1,26.7,48,26.8,0.0,10.1,529.0,1
2025-10-05T11:00,2025-10-05,11,Sunday,10,1,26.2,47,26.4,0.0,11.5,648.0,1
2025-10-05T12:00,2025-10-05,12,Sunday,10,1,26.5,48,27.0,0.0,9.2,619.0,1
2025-10-05T13:00,2025-10-05,13,Sunday,10,1,25.8,50,26.4,0.0,6.2,337.0,1
2025-10-05T14:00,2025-10-05,14,Sunday,10,1,26.3,48,27.2,0.0,3.2,496.0,1
2025-10-05T15:00,2025-10-05,15,Sunday,10,1,26.1,48,26.9,0.0,5.0,396.0,1
2025-10-05T16:00,2025-10-05,16,Sunday,10,1,25.8,48,26.4,0.0,4.5,284.0,1
2025-10-05T17:00,2025-10-05,17,Sunday,10,1,24.5,54,24.7,0.0,8.8,148.0,1
2025-10-05T18:00,2025-10-05,18,Sunday,10,1,23.0,57,23.0,0.0,8.7,17.0,0
2025-10-05T19:00,2025-10-05,19,Sunday,10,1,21.2,64,21.8,0.0,5.1,0.0,0
2025-10-05T20:00,2025-10-05,20,Sunday,10,1,21.1,63,21.6,0.0,4.9,0.0,0
2025-10-05T21:00,2025-10-05,21,Sunday,10,1,20.6,68,21.5,0.0,4.4,0.0,0
2025-10-05T22:00,2025-10-05,22,Sunday,10,1,20.5,71,22.0,0.0,0.9,0.0,0
2025-10-05T23:00,2025-10-05,23,Sunday,10,1,20.5,70,20.6,0.0,11.2,0.0,0
2025-10-06T00:00,2025-10-06,0,Monday,10,0,21.0,65,21.1,0.0,8.7,0.0,0
2025-10-06T01:00,2025-10-06,1,Monday,10,0,19.1,74,20.1,0.0,3.6,0.0,0
2025-10-06T02:00,2025-10-06,2,Monday,10,0,19.2,74,20.6,0.0,0.2,0.0,0
2025-10-06T03:00,2025-10-06,3,Monday,10,0,18.3,79,18.5,0.0,9.0,0.0,0
2025-10-06T04:00,2025-10-06,4,Monday,10,0,17.7,83,18.9,0.0,2.3,0.0,0
2025-10-06T05:00,2025-10-06,5,Monday,10,0,18.5,68,18.8,0.0,3.0,0.0,0
2025-10-06T06:00,2025-10-06,6,Monday,10,0,17.9,72,18.2,0.0,3.5,0.0,0
2025-10-06T07:00,2025-10-06,7,Monday,10,0,17.2,88,17.5,2.7,10.1,23.0,1
2025-10-06T08:00,2025-10-06,8,Monday,10,0,17.4,91,18.8,3.0,3.8,46.0,1
2025-10-06T09:00,2025-10-06,9,Monday,10,0,18.2,85,20.0,0.6,1.5,135.0,1
2025-10-06T10:00,2025-10-06,10,Monday,10,0,19.4,83,20.8,3.0,5.9,358.0,1
2025-10-06T11:00,2025-10-06,11,Monday,10,0,18.0,85,19.5,2.4,2.0,185.0,1
2025-10-06T12:00,2025-10-06,12,Monday,10,0,17.0,93,18.1,7.4,6.7,27.0,1
2025-10-06T13:00,2025-10-06,13,Monday,10,0,17.1,90,18.6,3.7,3.0,41.0,1
2025-10-06T14:00,2025-10-06,14,Monday,10,0,17.6,89,18.8,1.1,6.0,107.0,1
2025-10-06T15:00,2025-10-06,15,Monday,10,0,18.1,89,19.3,0.6,6.6,97.0,1
2025-10-06T16:00,2025-10-06,16,Monday,10,0,18.4,86,19.2,0.3,8.5,39.0,1
2025-10-06T17:00,2025-10-06,17,Monday,10,0,18.3,83,19.0,0.2,7.6,15.0,1
2025-10-06T18:00,2025-10-06,18,Monday,10,0,17.8,79,17.9,0.1,8.6,7.0,0
2025-10-06T19:00,2025-10-06,19,Monday,10,0,17.2,78,17.1,0.3,8.0,0.0,0
2025-10-06T20:00,2025-10-06,20,Monday,10,0,17.1,78,17.4,1.0,5.2,0.0,0
2025-10-06T21:00,2025-10-06,21,Monday,10,0,16.5,84,17.3,0.0,2.5,0.0,0
2025-10-06T22:00,2025-10-06,22,Monday,10,0,16.1,87,17.3,0.0,1.4,0.0,0
2025-10-06T23:00,2025-10-06,23,Monday,10,0,16.5,81,17.2,0.0,2.6,0.0,0
2025-10-07T00:00,2025-10-07,0,Tuesday,10,0,15.9,83,16.7,0.0,1.0,0.0,0
2025-10-07T01:00,2025-10-07,1,Tuesday,10,0,15.8,84,16.5,0.0,1.9,0.0,0
2025-10-07T02:00,2025-10-07,2,Tuesday,10,0,15.8,87,16.4,0.0,3.8,0.0,0
2025-10-07T03:00,2025-10-07,3,Tuesday,10,0,14.9,90,15.6,0.0,3.1,0.0,0
2025-10-07T04:00,2025-10-07,4,Tuesday,10,0,15.0,90,15.9,0.0,0.9,0.0,0
2025-10-07T05:00,2025-10-07,5,Tuesday,10,0,14.6,92,15.5,0.0,1.6,0.0,0
2025-10-07T06:00,2025-10-07,6,Tuesday,10,0,14.8,94,15.7,0.3,2.2,0.0,0
2025-10-07T07:00,2025-10-07,7,Tuesday,10,0,15.6,91,16.4,0.0,3.5,29.0,1
2025-10-07T08:00,2025-10-07,8,Tuesday,10,0,17.0,86,18.5,0.0,0.8,145.0,1
2025-10-07T09:00,2025-10-07,9,Tuesday,10,0,18.8,77,19.9,0.0,2.6,291.0,1
2025-10-07T10:00,2025-10-07,10,Tuesday,10,0,20.8,61,21.5,0.0,1.3,494.0,1
2025-10-07T11:00,2025-10-07,11,Tuesday,10,0,21.8,55,22.7,0.0,1.3,606.0,1
2025-10-07T12:00,2025-10-07,12,Tuesday,10,0,23.0,51,23.9,0.0,4.4,662.0,1
2025-10-07T13:00,2025-10-07,13,Tuesday,10,0,23.0,51,23.6,0.3,5.4,670.0,1
2025-10-07T14:00,2025-10-07,14,Tuesday,10,0,22.5,54,22.8,0.3,3.9,514.0,1
2025-10-07T15:00,2025-10-07,15,Tuesday,10,0,23.0,55,23.7,0.0,2.7,413.0,1
2025-10-07T16:00,2025-10-07,16,Tuesday,10,0,20.7,67,20.2,0.1,13.1,288.0,1
2025-10-07T17:00,2025-10-07,17,Tuesday,10,0,20.0,69,21.0,0.0,2.8,131.0,1
2025-10-07T18:00,2025-10-07,18,Tuesday,10,0,18.3,79,19.1,0.0,4.8,20.0,0
2025-10-07T19:00,2025-10-07,19,Tuesday,10,0,17.5,83,18.4,0.0,3.8,0.0,0
2025-10-07T20:00,2025-10-07,20,Tuesday,10,0,16.6,88,17.8,0.0,2.3,0.0,0
2025-10-07T21:00,2025-10-07,21,Tuesday,10,0,15.5,94,16.8,0.0,1.5,0.0,0
2025-10-07T22:00,2025-10-07,22,Tuesday,10,0,14.6,97,15.6,0.0,2.5,0.0,0
2025-10-07T23:00,2025-10-07,23,Tuesday,10,0,15.0,94,15.9,0.0,2.7,0.0,0
2025-10-08T00:00,2025-10-08,0,Wednesday,10,0,14.6,95,15.2,0.0,3.8,0.0,0
2025-10-08T01:00,2025-10-08,1,Wednesday,10,0,14.1,94,14.7,0.0,2.8,0.0,0
2025-10-08T02:00,2025-10-08,2,Wednesday,10,0,13.8,95,14.2,0.0,3.3,0.0,0
2025-10-08T03:00,2025-10-08,3,Wednesday,10,0,13.6,96,14.0,0.0,3.4,0.0,0
2025-10-08T04:00,2025-10-08,4,Wednesday,10,0,13.4,95,13.6,0.0,3.9,0.0,0
2025-10-08T05:00,2025-10-08,5,Wednesday,10,0,14.0,93,14.7,0.0,1.7,0.0,0
2025-10-08T06:00,2025-10-08,6,Wednesday,10,0,13.5,93,13.8,0.0,2.9,0.0,0
2025-10-08T07:00,2025-10-08,7,Wednesday,10,0,14.8,90,15.4,0.0,2.4,33.0,1
2025-10-08T08:00,2025-10-08,8,Wednesday,10,0,17.5,83,19.0,0.0,0.3,181.0,1
2025-10-08T09:00,2025-10-08,9,Wednesday,10,0,20.5,69,21.7,0.0,2.8,366.0,1
2025-10-08T10:00,2025-10-08,10,Wednesday,10,0,23.1,58,23.9,0.0,4.2,531.0,1
2025-10-08T11:00,2025-10-08,11,Wednesday,10,0,25.2,50,26.7,0.0,3.3,649.0,1
2025-10-08T12:00,2025-10-08,12,Wednesday,10,0,26.7,42,28.1,0.0,3.8,709.0,1
2025-10-08T13:00,2025-10-08,13,Wednesday,10,0,27.4,38,28.4,0.0,4.2,703.0,1
2025-10-08T14:00,2025-10-08,14,Wednesday,10,0,27.6,37,27.9,0.0,5.1,633.0,1
2025-10-08T15:00,2025-10-08,15,Wednesday,10,0,27.2,39,26.9,0.0,6.4,504.0,1
2025-10-08T16:00,2025-10-08,16,Wednesday,10,0,26.4,46,26.5,0.0,7.2,332.0,1
2025-10-08T17:00,2025-10-08,17,Wednesday,10,0,24.2,55,24.6,0.0,7.4,149.0,1
2025-10-08T18:00,2025-10-08,18,Wednesday,10,0,22.1,62,22.6,0.0,6.6,19.0,0
2025-10-08T19:00,2025-10-08,19,Wednesday,10,0,20.0,75,21.4,0.0,3.7,0.0,0
2025-10-08T20:00,2025-10-08,20,Wednesday,10,0,18.5,84,19.9,0.0,3.1,0.0,0
2025-10-08T21:00,2025-10-08,21,Wednesday,10,0,17.0,90,18.2,0.0,4.4,0.0,0
2025-10-08T22:00,2025-10-08,22,Wednesday,10,0,16.1,93,17.2,0.0,4.3,0.0,0
2025-10-08T23:00,2025-10-08,23,Wednesday,10,0,15.7,99,17.2,0.0,2.4,0.0,0
2025-10-09T00:00,2025-10-09,0,Thursday,10,0,15.4,97,16.6,0.0,3.3,0.0,0
2025-10-09T01:00,2025-10-09,1,Thursday,10,0,14.9,97,15.9,0.0,3.6,0.0,0
2025-10-09T02:00,2025-10-09,2,Thursday,10,0,14.6,95,15.3,0.0,3.2,0.0,0
2025-10-09T03:00,2025-10-09,3,Thursday,10,0,14.2,94,14.8,0.0,3.1,0.0,0
2025-10-09T04:00,2025-10-09,4,Thursday,10,0,13.9,93,14.4,0.0,2.3,0.0,0
2025-10-09T05:00,2025-10-09,5,Thursday,10,0,14.5,96,15.5,0.0,1.4,0.0,0
2025-10-09T06:00,2025-10-09,6,Thursday,10,0,13.9,95,14.4,0.0,3.3,0.0,0
2025-10-09T07:00,2025-10-09,7,Thursday,10,0,15.1,89,15.6,0.0,4.6,32.0,1
2025-10-09T08:00,2025-10-09,8,Thursday,10,0,18.1,78,18.9,0.0,3.6,179.0,1
2025-10-09T09:00,2025-10-09,9,Thursday,10,0,21.2,61,22.1,0.0,1.3,363.0,1
2025-10-09T10:00,2025-10-09,10,Thursday,10,0,23.8,50,24.5,0.0,0.6,528.0,1
2025-10-09T11:00,2025-10-09,11,Thursday,10,0,25.1,46,26.3,0.0,1.9,647.0,1
2025-10-09T12:00,2025-10-09,12,Thursday,10,0,26.5,43,28.0,0.0,2.2,705.0,1
2025-10-09T13:00,2025-10-09,13,Thursday,10,0,27.0,41,28.6,0.0,1.5,700.0,1
2025-10-09T14:00,2025-10-09,14,Thursday,10,0,27.2,39,28.1,0.0,1.3,619.0,1
2025-10-09T15:00,2025-10-09,15,Thursday,10,0,27.3,37,27.6,0.0,0.9,497.0,1
2025-10-09T16:00,2025-10-09,16,Thursday,10,0,26.8,40,27.2,0.0,1.3,314.0,1
2025-10-09T17:00,2025-10-09,17,Thursday,10,0,25.5,57,27.4,0.0,1.0,143.0,1
2025-10-09T18:00,2025-10-09,18,Thursday,10,0,23.2,55,24.4,0.0,0.2,18.0,0
2025-10-09T19:00,2025-10-09,19,Thursday,10,0,21.1,66,22.2,0.0,2.9,0.0,0
2025-10-09T20:00,2025-10-09,20,Thursday,10,0,18.9,78,20.1,0.0,3.2,0.0,0
2025-10-09T21:00,2025-10-09,21,Thursday,10,0,17.1,88,18.3,0.0,3.4,0.0,0
2025-10-09T22:00,2025-10-09,22,Thursday,10,0,16.1,93,17.2,0.0,3.7,0.0,0
2025-10-09T23:00,2025-10-09,23,Thursday,10,0,15.9,96,17.1,0.0,3.6,0.0,0
2025-10-10T00:00,2025-10-10,0,Friday,10,1,16.2,92,17.2,0.0,4.4,0.0,0
2025-10-10T01:00,2025-10-10,1,Friday,10,1,15.9,90,17.1,0.0,2.0,0.0,0
2025-10-10T02:00,2025-10-10,2,Friday,10,1,15.9,89,17.0,0.0,1.0,0.0,0
2025-10-10T03:00,2025-10-10,3,Friday,10,1,15.2,90,16.3,0.0,0.9,0.0,0
2025-10-10T04:00,2025-10-10,4,Friday,10,1,14.5,92,15.3,0.0,1.3,0.0,0
2025-10-10T05:00,2025-10-10,5,Friday,10,1,14.6,97,15.9,0.0,0.6,0.0,0
2025-10-10T06:00,2025-10-10,6,Friday,10,1,14.3,95,15.1,0.0,2.2,0.0,0
2025-10-10T07:00,2025-10-10,7,Friday,10,1,15.6,89,16.4,0.0,2.8,32.0,1
2025-10-10T08:00,2025-10-10,8,Friday,10,1,18.8,79,20.1,0.0,2.8,180.0,1
2025-10-10T09:00,2025-10-10,9,Friday,10,1,21.6,65,22.6,0.0,4.0,365.0,1
2025-10-10T10:00,2025-10-10,10,Friday,10,1,24.0,58,25.0,0.0,4.8,530.0,1
2025-10-10T11:00,2025-10-10,11,Friday,10,1,25.8,53,27.7,0.0,3.5,649.0,1
2025-10-10T12:00,2025-10-10,12,Friday,10,1,27.3,48,29.7,0.0,3.4,705.0,1
2025-10-10T13:00,2025-10-10,13,Friday,10,1,27.9,44,29.8,0.0,4.0,700.0,1
2025-10-10T14:00,2025-10-10,14,Friday,10,1,28.0,40,28.9,0.0,4.0,618.0,1
2025-10-10T15:00,2025-10-10,15,Friday,10,1,28.0,37,28.1,0.0,3.0,490.0,1
2025-10-10T16:00,2025-10-10,16,Friday,10,1,27.4,39,27.9,0.0,1.0,324.0,1
2025-10-10T17:00,2025-10-10,17,Friday,10,1,26.1,52,27.9,0.0,0.5,145.0,1
2025-10-10T18:00,2025-10-10,18,Friday,10,1,22.6,54,22.9,0.0,3.8,17.0,0
2025-10-10T19:00,2025-10-10,19,Friday,10,1,21.1,57,21.3,0.0,3.8,0.0,0
2025-10-10T20:00,2025-10-10,20,Friday,10,1,19.3,64,19.4,0.0,4.6,0.0,0
2025-10-10T21:00,2025-10-10,21,Friday,10,1,18.2,70,18.1,0.0,6.5,0.0,0
2025-10-10T22:00,2025-10-10,22,Friday,10,1,16.9,76,16.9,0.0,5.6,0.0,0
2025-10-10T23:00,2025-10-10,23,Friday,10,1,17.4,76,18.2,0.0,1.3,0.0,0
2025-10-11T00:00,2025-10-11,0,Saturday,10,1,16.9,77,17.1,0.0,4.3,0.0,0
2025-10-11T01:00,2025-10-11,1,Saturday,10,1,16.1,81,16.4,0.0,4.5,0.0,0
2025-10-11T02:00,2025-10-11,2,Saturday,10,1,15.4,85,15.7,0.0,4.1,0.0,0
2025-10-11T03:00,2025-10-11,3,Saturday,10,1,14.8,88,15.1,0.0,3.9,0.0,0
2025-10-11T04:00,2025-10-11,4,Saturday,10,1,14.5,88,14.8,0.0,3.2,0.0,0
2025-10-11T05:00,2025-10-11,5,Saturday,10,1,15.6,87,16.7,0.0,0.2,0.0,0
2025-10-11T06:00,2025-10-11,6,Saturday,10,1,14.9,88,15.5,0.0,2.1,0.0,0
2025-10-11T07:00,2025-10-11,7,Saturday,10,1,16.1,83,16.9,0.0,2.2,31.0,1
2025-10-11T08:00,2025-10-11,8,Saturday,10,1,19.5,77,21.0,0.0,2.4,178.0,1
2025-10-11T09:00,2025-10-11,9,Saturday,10,1,22.8,63,24.0,0.0,3.9,364.0,1
2025-10-11T10:00,2025-10-11,10,Saturday,10,1,25.1,55,26.3,0.0,5.1,531.0,1
2025-10-11T11:00,2025-10-11,11,Saturday,10,1,27.5,46,28.9,0.0,6.2,651.0,1
2025-10-11T12:00,2025-10-11,12,Saturday,10,1,28.8,39,29.4,0.0,9.0,712.0,1
2025-10-11T13:00,2025-10-11,13,Saturday,10,1,29.0,38,29.4,0.0,10.1,703.0,1
2025-10-11T14:00,2025-10-11,14,Saturday,10,1,29.0,37,28.7,0.0,10.5,618.0,1
2025-10-11T15:00,2025-10-11,15,Saturday,10,1,28.5,37,28.0,0.0,9.1,483.0,1
2025-10-11T16:00,2025-10-11,16,Saturday,10,1,27.5,43,27.9,0.0,6.5,327.0,1
2025-10-11T17:00,2025-10-11,17,Saturday,10,1,24.6,58,25.9,0.0,4.9,145.0,1
2025-10-11T18:00,2025-10-11,18,Saturday,10,1,22.2,61,23.3,0.0,1.9,16.0,0
2025-10-11T19:00,2025-10-11,19,Saturday,10,1,19.8,73,21.0,0.0,2.3,0.0,0
2025-10-11T20:00,2025-10-11,20,Saturday,10,1,17.2,87,18.4,0.0,3.1,0.0,0
2025-10-11T21:00,2025-10-11,21,Saturday,10,1,15.8,93,16.8,0.0,3.0,0.0,0
2025-10-11T22:00,2025-10-11,22,Saturday,10,1,15.1,93,15.9,0.0,3.3,0.0,0
2025-10-11T23:00,2025-10-11,23,Saturday,10,1,15.0,95,16.2,0.0,1.1,0.0,0
2025-10-12T00:00,2025-10-12,0,Sunday,10,1,14.9,92,15.7,0.0,2.3,0.0,0
2025-10-12T01:00,2025-10-12,1,Sunday,10,1,14.9,89,15.5,0.0,2.2,0.0,0
2025-10-12T02:00,2025-10-12,2,Sunday,10,1,14.7,87,15.2,0.0,2.3,0.0,0
2025-10-12T03:00,2025-10-12,3,Sunday,10,1,14.2,87,14.5,0.0,2.7,0.0,0
2025-10-12T04:00,2025-10-12,4,Sunday,10,1,13.8,87,13.9,0.0,2.7,0.0,0
2025-10-12T05:00,2025-10-12,5,Sunday,10,1,14.1,89,14.7,0.0,0.9,0.0,0
2025-10-12T06:00,2025-10-12,6,Sunday,10,1,13.8,87,13.8,0.0,3.4,0.0,0
2025-10-12T07:00,2025-10-12,7,Sunday,10,1,15.2,80,15.4,0.0,2.8,31.0,1
2025-10-12T08:00,2025-10-12,8,Sunday,10,1,18.5,74,19.2,0.0,4.0,180.0,1
2025-10-12T09:00,2025-10-12,9,Sunday,10,1,21.5,56,21.6,0.0,4.5,367.0,1
2025-10-12T10:00,2025-10-12,10,Sunday,10,1,23.9,51,24.1,0.0,4.4,533.0,1
2025-10-12T11:00,2025-10-12,11,Sunday,10,1,25.6,48,27.1,0.0,2.9,652.0,1
2025-10-12T12:00,2025-10-12,12,Sunday,10,1,27.5,45,29.6,0.0,2.9,710.0,1
2025-10-12T13:00,2025-10-12,13,Sunday,10,1,28.4,43,30.3,0.0,4.1,703.0,1
2025-10-12T14:00,2025-10-12,14,Sunday,10,1,28.8,40,29.9,0.0,4.4,631.0,1
2025-10-12T15:00,2025-10-12,15,Sunday,10,1,28.8,37,29.0,0.0,4.2,501.0,1
2025-10-12T16:00,2025-10-12,16,Sunday,10,1,28.0,41,28.9,0.0,2.4,329.0,1
2025-10-12T17:00,2025-10-12,17,Sunday,10,1,25.8,58,27.8,0.0,2.3,143.0,1
2025-10-12T18:00,2025-10-12,18,Sunday,10,1,23.0,61,24.2,0.0,3.9,15.0,0
2025-10-12T19:00,2025-10-12,19,Sunday,10,1,21.0,68,21.9,0.0,5.3,0.0,0
2025-10-12T20:00,2025-10-12,20,Sunday,10,1,19.0,78,19.9,0.0,5.1,0.0,0
2025-10-12T21:00,2025-10-12,21,Sunday,10,1,17.5,85,18.4,0.0,5.3,0.0,0
2025-10-12T22:00,2025-10-12,22,Sunday,10,1,16.4,89,17.1,0.0,5.0,0.0,0
2025-10-12T23:00,2025-10-12,23,Sunday,10,1,16.2,89,17.6,0.0,1.0,0.0,0
2025-10-13T00:00,2025-10-13,0,Monday,10,0,15.9,89,17.0,0.0,1.9,0.0,0
2025-10-13T01:00,2025-10-13,1,Monday,10,0,15.4,90,16.2,0.0,3.6,0.0,0
2025-10-13T02:00,2025-10-13,2,Monday,10,0,14.8,91,15.4,0.0,3.1,0.0,0
2025-10-13T03:00,2025-10-13,3,Monday,10,0,14.4,89,14.8,0.0,3.6,0.0,0
2025-10-13T04:00,2025-10-13,4,Monday,10,0,14.1,88,14.3,0.0,3.5,0.0,0
2025-10-13T05:00,2025-10-13,5,Monday,10,0,14.8,86,15.5,0.0,0.4,0.0,0
2025-10-13T06:00,2025-10-13,6,Monday,10,0,14.2,86,14.4,0.0,3.0,0.0,0
2025-10-13T07:00,2025-10-13,7,Monday,10,0,15.6,80,15.9,0.0,2.4,30.0,1
2025-10-13T08:00,2025-10-13,8,Monday,10,0,18.7,75,19.6,0.0,3.6,178.0,1
2025-10-13T09:00,2025-10-13,9,Monday,10,0,21.7,60,22.2,0.0,4.6,365.0,1
2025-10-13T10:00,2025-10-13,10,Monday,10,0,24.1,52,24.6,0.0,5.1,531.0,1
2025-10-13T11:00,2025-10-13,11,Monday,10,0,26.0,48,27.3,0.0,4.7,650.0,1
2025-10-13T12:00,2025-10-13,12,Monday,10,0,28.0,43,29.5,0.0,5.4,706.0,1
2025-10-13T13:00,2025-10-13,13,Monday,10,0,28.9,39,30.0,0.0,6.7,699.0,1
2025-10-13T14:00,2025-10-13,14,Monday,10,0,29.2,36,29.5,0.0,7.0,627.0,1
2025-10-13T15:00,2025-10-13,15,Monday,10,0,29.0,36,28.8,0.0,6.0,496.0,1
2025-10-13T16:00,2025-10-13,16,Monday,10,0,28.2,42,29.3,0.0,2.7,323.0,1
2025-10-13T17:00,2025-10-13,17,Monday,10,0,26.3,53,28.2,0.0,1.0,138.0,1
2025-10-13T18:00,2025-10-13,18,Monday,10,0,23.1,56,23.8,0.0,4.3,14.0,0
2025-10-13T19:00,2025-10-13,19,Monday,10,0,21.1,63,21.5,0.0,6.2,0.0,0
2025-10-13T20:00,2025-10-13,20,Monday,10,0,19.1,73,19.4,0.0,6.7,0.0,0
2025-10-13T21:00,2025-10-13,21,Monday,10,0,17.5,79,17.9,0.0,5.7,0.0,0
2025-10-13T22:00,2025-10-13,22,Monday,10,0,17.7,77,17.9,0.0,7.0,0.0,0
2025-10-13T23:00,2025-10-13,23,Monday,10,0,17.6,80,18.1,0.0,5.7,0.0,0
2025-10-14T00:00,2025-10-14,0,Tuesday,10,0,17.3,81,17.8,0.0,5.3,0.0,0
2025-10-14T01:00,2025-10-14,1,Tuesday,10,0,16.6,85,17.2,0.0,4.7,0.0,0
2025-10-14T02:00,2025-10-14,2,Tuesday,10,0,15.9,88,16.7,0.0,4.1,0.0,0
2025-10-14T03:00,2025-10-14,3,Tuesday,10,0,15.5,91,16.2,0.0,3.8,0.0,0
2025-10-14T04:00,2025-10-14,4,Tuesday,10,0,15.2,91,15.9,0.0,3.9,0.0,0
2025-10-14T05:00,2025-10-14,5,Tuesday,10,0,16.2,87,17.5,0.0,0.6,0.0,0
2025-10-14T06:00,2025-10-14,6,Tuesday,10,0,16.1,87,17.2,0.0,1.3,0.0,0
2025-10-14T07:00,2025-10-14,7,Tuesday,10,0,17.0,83,17.9,0.0,2.3,27.0,1
2025-10-14T08:00,2025-10-14,8,Tuesday,10,0,19.9,74,21.2,0.0,2.3,170.0,1
2025-10-14T09:00,2025-10-14,9,Tuesday,10,0,22.7,62,23.9,0.0,3.0,354.0,1
2025-10-14T10:00,2025-10-14,10,Tuesday,10,0,24.9,56,26.1,0.0,4.1,518.0,1
2025-10-14T11:00,2025-10-14,11,Tuesday,10,0,26.9,53,28.9,0.0,5.7,637.0,1
2025-10-14T12:00,2025-10-14,12,Tuesday,10,0,28.4,47,30.4,0.0,6.7,696.0,1
2025-10-14T13:00,2025-10-14,13,Tuesday,10,0,29.0,44,30.6,0.0,7.9,688.0,1
2025-10-14T14:00,2025-10-14,14,Tuesday,10,0,29.2,42,30.4,0.0,6.9,616.0,1
2025-10-14T15:00,2025-10-14,15,Tuesday,10,0,29.2,42,30.4,0.0,3.8,486.0,1
2025-10-14T16:00,2025-10-14,16,Tuesday,10,0,28.8,46,30.5,0.0,2.0,314.0,1
2025-10-14T17:00,2025-10-14,17,Tuesday,10,0,26.6,60,29.3,0.0,3.0,132.0,1
2025-10-14T18:00,2025-10-14,18,Tuesday,10,0,24.0,61,25.2,0.0,6.2,12.0,0
2025-10-14T19:00,2025-10-14,19,Tuesday,10,0,21.7,68,22.6,0.0,6.5,0.0,0
2025-10-14T20:00,2025-10-14,20,Tuesday,10,0,21.1,68,21.9,0.0,6.8,0.0,0
2025-10-14T21:00,2025-10-14,21,Tuesday,10,0,20.2,73,21.3,0.0,5.3,0.0,0
2025-10-14T22:00,2025-10-14,22,Tuesday,10,0,19.5,78,20.3,0.0,7.4,0.0,0
2025-10-14T23:00,2025-10-14,23,Tuesday,10,0,19.6,82,20.9,0.0,6.8,0.0,0
2025-10-15T00:00,2025-10-15,0,Wednesday,10,0,19.2,85,20.9,0.0,4.6,0.0,0
2025-10-15T01:00,2025-10-15,1,Wednesday,10,0,18.5,88,20.2,0.0,4.7,0.0,0
2025-10-15T02:00,2025-10-15,2,Wednesday,10,0,17.9,91,19.4,0.0,4.5,0.0,0
2025-10-15T03:00,2025-10-15,3,Wednesday,10,0,17.0,94,18.6,0.0,3.7,0.0,0
2025-10-15T04:00,2025-10-15,4,Wednesday,10,0,16.5,96,17.9,0.0,3.8,0.0,0
2025-10-15T05:00,2025-10-15,5,Wednesday,10,0,17.6,86,19.2,0.0,1.4,0.0,0
2025-10-15T06:00,2025-10-15,6,Wednesday,10,0,16.9,89,18.2,0.0,2.7,0.0,0
2025-10-15T07:00,2025-10-15,7,Wednesday,10,0,17.7,87,19.0,0.0,3.7,26.0,1
2025-10-15T08:00,2025-10-15,8,Wednesday,10,0,20.6,78,22.5,0.0,3.0,164.0,1
2025-10-15T09:00,2025-10-15,9,Wednesday,10,0,23.8,65,26.0,0.0,1.3,344.0,1
2025-10-15T10:00,2025-10-15,10,Wednesday,10,0,26.1,56,27.8,0.0,4.8,506.0,1
2025-10-15T11:00,2025-10-15,11,Wednesday,10,0,27.5,51,29.1,0.0,7.1,623.0,1
2025-10-15T12:00,2025-10-15,12,Wednesday,10,0,28.6,45,30.1,0.0,8.1,680.0,1
2025-10-15T13:00,2025-10-15,13,Wednesday,10,0,29.1,41,30.1,0.0,8.8,676.0,1
2025-10-15T14:00,2025-10-15,14,Wednesday,10,0,29.2,38,29.5,0.0,8.0,607.0,1
2025-10-15T15:00,2025-10-15,15,Wednesday,10,0,29.2,35,29.1,0.0,5.5,475.0,1
2025-10-15T16:00,2025-10-15,16,Wednesday,10,0,28.6,41,29.6,0.0,1.9,306.0,1
2025-10-15T17:00,2025-10-15,17,Wednesday,10,0,27.0,52,29.0,0.0,0.6,128.0,1
2025-10-15T18:00,2025-10-15,18,Wednesday,10,0,24.1,56,25.3,0.0,2.4,11.0,0
2025-10-15T19:00,2025-10-15,19,Wednesday,10,0,22.0,65,23.0,0.0,4.4,0.0,0
2025-10-15T20:00,2025-10-15,20,Wednesday,10,0,20.2,74,21.5,0.0,3.6,0.0,0
2025-10-15T21:00,2025-10-15,21,Wednesday,10,0,18.5,83,19.9,0.0,4.0,0.0,0
2025-10-15T22:00,2025-10-15,22,Wednesday,10,0,17.6,89,19.0,0.0,4.4,0.0,0
2025-10-15T23:00,2025-10-15,23,Wednesday,10,0,17.5,92,19.5,0.0,1.1,0.0,0
2025-10-16T00:00,2025-10-16,0,Thursday,10,0,17.0,94,18.8,0.0,2.0,0.0,0
2025-10-16T01:00,2025-10-16,1,Thursday,10,0,16.6,94,18.2,0.0,2.5,0.0,0
2025-10-16T02:00,2025-10-16,2,Thursday,10,0,16.4,93,17.7,0.0,3.3,0.0,0
2025-10-16T03:00,2025-10-16,3,Thursday,10,0,15.9,93,17.1,0.0,3.1,0.0,0
2025-10-16T04:00,2025-10-16,4,Thursday,10,0,15.8,91,16.9,0.0,2.1,0.0,0
2025-10-16T05:00,2025-10-16,5,Thursday,10,0,15.8,94,17.3,0.0,0.4,0.0,0
2025-10-16T06:00,2025-10-16,6,Thursday,10,0,15.3,94,16.4,0.0,2.1,0.0,0
2025-10-16T07:00,2025-10-16,7,Thursday,10,0,16.5,89,17.7,0.0,2.7,25.0,1
2025-10-16T08:00,2025-10-16,8,Thursday,10,0,19.8,79,21.5,0.0,2.8,166.0,1
2025-10-16T09:00,2025-10-16,9,Thursday,10,0,22.5,66,23.9,0.0,4.3,347.0,1
2025-10-16T10:00,2025-10-16,10,Thursday,10,0,25.2,58,26.8,0.0,4.3,508.0,1
2025-10-16T11:00,2025-10-16,11,Thursday,10,0,27.5,53,29.6,0.0,5.7,624.0,1
2025-10-16T12:00,2025-10-16,12,Thursday,10,0,29.1,45,30.7,0.0,7.9,684.0,1
2025-10-16T13:00,2025-10-16,13,Thursday,10,0,29.6,40,30.5,0.0,9.4,678.0,1
2025-10-16T14:00,2025-10-16,14,Thursday,10,0,29.5,40,30.1,0.0,8.8,606.0,1
2025-10-16T15:00,2025-10-16,15,Thursday,10,0,29.2,41,29.7,0.0,6.7,477.0,1
2025-10-16T16:00,2025-10-16,16,Thursday,10,0,28.4,45,29.7,0.0,3.2,305.0,1
2025-10-16T17:00,2025-10-16,17,Thursday,10,0,26.6,56,29.0,0.0,1.1,125.0,1
2025-10-16T18:00,2025-10-16,18,Thursday,10,0,24.2,60,26.1,0.0,1.3,10.0,0
2025-10-16T19:00,2025-10-16,19,Thursday,10,0,22.5,68,24.2,0.0,3.6,0.0,0
2025-10-16T20:00,2025-10-16,20,Thursday,10,0,20.3,79,21.8,0.0,5.6,0.0,0
2025-10-16T21:00,2025-10-16,21,Thursday,10,0,19.0,85,20.4,0.0,5.2,0.0,0
2025-10-16T22:00,2025-10-16,22,Thursday,10,0,18.1,87,19.4,0.0,5.3,0.0,0
2025-10-16T23:00,2025-10-16,23,Thursday,10,0,18.3,86,19.9,0.0,3.3,0.0,0
2025-10-17T00:00,2025-10-17,0,Friday,10,1,17.8,88,19.1,0.0,4.1,0.0,0
2025-10-17T01:00,2025-10-17,1,Friday,10,1,17.4,88,18.5,0.0,4.7,0.0,0
2025-10-17T02:00,2025-10-17,2,Friday,10,1,17.0,87,18.0,0.0,4.5,0.0,0
2025-10-17T03:00,2025-10-17,3,Friday,10,1,16.3,89,17.2,0.0,3.7,0.0,0
2025-10-17T04:00,2025-10-17,4,Friday,10,1,15.8,90,16.6,0.0,3.2,0.0,0
2025-10-17T05:00,2025-10-17,5,Friday,10,1,16.5,87,17.7,0.0,0.9,0.0,0
2025-10-17T06:00,2025-10-17,6,Friday,10,1,16.0,87,16.8,0.0,3.2,0.0,0
2025-10-17T07:00,2025-10-17,7,Friday,10,1,17.1,82,18.0,0.0,3.0,24.0,1
2025-10-17T08:00,2025-10-17,8,Friday,10,1,20.4,74,21.9,0.0,2.9,162.0,1
2025-10-17T09:00,2025-10-17,9,Friday,10,1,23.6,58,24.7,0.0,3.2,342.0,1
2025-10-17T10:00,2025-10-17,10,Friday,10,1,26.0,51,27.0,0.0,4.0,503.0,1
2025-10-17T11:00,2025-10-17,11,Friday,10,1,27.5,49,29.4,0.0,3.9,620.0,1
2025-10-17T12:00,2025-10-17,12,Friday,10,1,29.1,44,31.2,0.0,3.9,678.0,1
2025-10-17T13:00,2025-10-17,13,Friday,10,1,29.8,41,31.5,0.0,4.6,670.0,1
2025-10-17T14:00,2025-10-17,14,Friday,10,1,29.9,39,31.1,0.0,4.0,599.0,1
2025-10-17T15:00,2025-10-17,15,Friday,10,1,29.8,38,30.7,0.0,2.4,470.0,1
2025-10-17T16:00,2025-10-17,16,Friday,10,1,29.0,46,31.1,0.0,0.6,300.0,1
2025-10-17T17:00,2025-10-17,17,Friday,10,1,27.1,54,29.3,0.0,2.2,121.0,1
2025-10-17T18:00,2025-10-17,18,Friday,10,1,24.1,59,25.5,0.0,3.9,9.0,0
2025-10-17T19:00,2025-10-17,19,Friday,10,1,22.5,65,23.9,0.0,3.7,0.0,0
2025-10-17T20:00,2025-10-17,20,Friday,10,1,20.4,76,21.7,0.0,5.0,0.0,0
2025-10-17T21:00,2025-10-17,21,Friday,10,1,19.0,84,20.4,0.0,4.8,0.0,0
2025-10-17T22:00,2025-10-17,22,Friday,10,1,18.0,88,19.5,0.0,3.4,0.0,0
2025-10-17T23:00,2025-10-17,23,Friday,10,1,18.0,91,20.1,0.0,1.0,0.0,0
2025-10-18T00:00,2025-10-18,0,Saturday,10,1,17.3,92,18.9,0.0,3.3,0.0,0
2025-10-18T01:00,2025-10-18,1,Saturday,10,1,17.0,91,18.4,0.0,3.7,0.0,0
2025-10-18T02:00,2025-10-18,2,Saturday,10,1,16.4,91,17.5,0.0,3.4,0.0,0
2025-10-18T03:00,2025-10-18,3,Saturday,10,1,15.9,91,16.8,0.0,3.6,0.0,0
2025-10-18T04:00,2025-10-18,4,Saturday,10,1,15.6,91,16.3,0.0,4.1,0.0,0
2025-10-18T05:00,2025-10-18,5,Saturday,10,1,16.5,89,18.0,0.0,0.2,0.0,0
2025-10-18T06:00,2025-10-18,6,Saturday,10,1,15.9,88,16.8,0.0,2.3,0.0,0
2025-10-18T07:00,2025-10-18,7,Saturday,10,1,16.6,86,17.7,0.0,2.3,23.0,1
2025-10-18T08:00,2025-10-18,8,Saturday,10,1,19.7,78,21.3,0.0,2.7,162.0,1
2025-10-18T09:00,2025-10-18,9,Saturday,10,1,22.8,61,24.1,0.0,2.8,343.0,1
2025-10-18T10:00,2025-10-18,10,Saturday,10,1,25.2,54,26.5,0.0,3.8,506.0,1
2025-10-18T11:00,2025-10-18,11,Saturday,10,1,27.3,48,29.0,0.0,4.3,623.0,1
2025-10-18T12:00,2025-10-18,12,Saturday,10,1,29.0,43,30.9,0.0,4.1,677.0,1
2025-10-18T13:00,2025-10-18,13,Saturday,10,1,29.8,39,31.4,0.0,4.2,668.0,1
2025-10-18T14:00,2025-10-18,14,Saturday,10,1,30.2,37,31.2,0.0,4.0,595.0,1
2025-10-18T15:00,2025-10-18,15,Saturday,10,1,30.0,38,30.7,0.0,3.4,465.0,1
2025-10-18T16:00,2025-10-18,16,Saturday,10,1,29.2,50,32.0,0.0,0.6,295.0,1
2025-10-18T17:00,2025-10-18,17,Saturday,10,1,26.8,56,28.9,0.0,3.2,117.0,1
2025-10-18T18:00,2025-10-18,18,Saturday,10,1,23.7,60,24.8,0.0,5.0,8.0,0
2025-10-18T19:00,2025-10-18,19,Saturday,10,1,22.4,63,23.5,0.0,3.8,0.0,0
2025-10-18T20:00,2025-10-18,20,Saturday,10,1,20.6,71,21.6,0.0,4.7,0.0,0
2025-10-18T21:00,2025-10-18,21,Saturday,10,1,19.2,79,20.4,0.0,4.6,0.0,0
2025-10-18T22:00,2025-10-18,22,Saturday,10,1,18.4,83,20.0,0.0,1.3,0.0,0
2025-10-18T23:00,2025-10-18,23,Saturday,10,1,18.5,86,20.4,0.0,0.8,0.0,0
2025-10-19T00:00,2025-10-19,0,Sunday,10,1,17.6,89,18.9,0.0,4.8,0.0,0
2025-10-19T01:00,2025-10-19,1,Sunday,10,1,17.3,87,18.4,0.0,4.6,0.0,0
2025-10-19T02:00,2025-10-19,2,Sunday,10,1,17.0,85,17.9,0.0,4.3,0.0,0
2025-10-19T03:00,2025-10-19,3,Sunday,10,1,16.5,85,17.3,0.0,4.0,0.0,0
2025-10-19T04:00,2025-10-19,4,Sunday,10,1,16.1,86,16.7,0.0,4.0,0.0,0
2025-10-19T05:00,2025-10-19,5,Sunday,10,1,16.9,85,18.2,0.0,0.7,0.0,0
2025-10-19T06:00,2025-10-19,6,Sunday,10,1,16.1,86,17.0,0.0,2.3,0.0,0
2025-10-19T07:00,2025-10-19,7,Sunday,10,1,17.0,82,17.9,0.0,2.3,22.0,1
2025-10-19T08:00,2025-10-19,8,Sunday,10,1,20.3,74,22.0,0.0,1.5,153.0,1
2025-10-19T09:00,2025-10-19,9,Sunday,10,1,23.5,59,24.8,0.0,2.4,329.0,1
2025-10-19T10:00,2025-10-19,10,Sunday,10,1,26.0,53,27.3,0.0,3.4,483.0,1
2025-10-19T11:00,2025-10-19,11,Sunday,10,1,28.1,47,29.7,0.0,5.5,607.0,1
2025-10-19T12:00,2025-10-19,12,Sunday,10,1,29.8,39,31.0,0.0,6.7,667.0,1
2025-10-19T13:00,2025-10-19,13,Sunday,10,1,30.3,36,31.1,0.0,7.1,661.0,1
2025-10-19T14:00,2025-10-19,14,Sunday,10,1,30.4,35,30.6,0.0,6.1,584.0,1
2025-10-19T15:00,2025-10-19,15,Sunday,10,1,30.1,35,30.3,0.0,4.8,456.0,1
2025-10-19T16:00,2025-10-19,16,Sunday,10,1,29.1,45,30.8,0.0,2.2,288.0,1
2025-10-19T17:00,2025-10-19,17,Sunday,10,1,27.2,52,29.2,0.0,1.6,114.0,1
2025-10-19T18:00,2025-10-19,18,Sunday,10,1,24.2,58,25.6,0.0,3.1,7.0,0
2025-10-19T19:00,2025-10-19,19,Sunday,10,1,21.9,68,23.2,0.0,4.0,0.0,0
2025-10-19T20:00,2025-10-19,20,Sunday,10,1,19.6,78,20.9,0.0,4.6,0.0,0
2025-10-19T21:00,2025-10-19,21,Sunday,10,1,18.4,85,19.7,0.0,4.5,0.0,0
2025-10-19T22:00,2025-10-19,22,Sunday,10,1,17.5,88,19.1,0.0,1.8,0.0,0
2025-10-19T23:00,2025-10-19,23,Sunday,10,1,17.1,91,19.0,0.0,0.4,0.0,0
2025-10-20T00:00,2025-10-20,0,Monday,10,0,16.3,93,17.6,0.0,3.1,0.0,0
2025-10-20T01:00,2025-10-20,1,Monday,10,0,15.9,92,17.1,0.0,1.9,0.0,0
2025-10-20T02:00,2025-10-20,2,Monday,10,0,15.6,90,16.5,0.0,2.6,0.0,0
2025-10-20T03:00,2025-10-20,3,Monday,10,0,15.2,89,15.8,0.0,3.4,0.0,0
2025-10-20T04:00,2025-10-20,4,Monday,10,0,14.7,87,15.0,0.0,3.5,0.0,0
2025-10-20T05:00,2025-10-20,5,Monday,10,0,15.9,81,16.5,0.0,1.0,0.0,0
2025-10-20T06:00,2025-10-20,6,Monday,10,0,15.1,80,15.2,0.0,3.0,0.0,0
2025-10-20T07:00,2025-10-20,7,Monday,10,0,15.9,76,16.1,0.0,2.7,21.0,1
2025-10-20T08:00,2025-10-20,8,Monday,10,0,19.3,67,19.8,0.0,3.6,154.0,1
2025-10-20T09:00,2025-10-20,9,Monday,10,0,22.6,55,23.5,0.0,1.2,333.0,1
2025-10-20T10:00,2025-10-20,10,Monday,10,0,25.4,43,25.7,0.0,1.6,493.0,1
2025-10-20T11:00,2025-10-20,11,Monday,10,0,27.0,40,27.7,0.0,2.2,609.0,1
2025-10-20T12:00,2025-10-20,12,Monday,10,0,28.5,40,30.0,0.0,2.8,665.0,1
2025-10-20T13:00,2025-10-20,13,Monday,10,0,29.4,38,30.7,0.0,3.5,648.0,1
2025-10-20T14:00,2025-10-20,14,Monday,10,0,29.6,36,30.0,0.0,4.0,545.0,1
2025-10-20T15:00,2025-10-20,15,Monday,10,0,29.5,33,29.5,0.0,3.8,400.0,1
2025-10-20T16:00,2025-10-20,16,Monday,10,0,29.2,34,29.6,0.0,1.5,244.0,1
2025-10-20T17:00,2025-10-20,17,Monday,10,0,27.0,44,27.9,0.0,1.5,102.0,1
2025-10-20T18:00,2025-10-20,18,Monday,10,0,24.4,45,24.5,0.0,2.9,6.0,0
2025-10-20T19:00,2025-10-20,19,Monday,10,0,21.5,59,21.7,0.0,4.8,0.0,0
2025-10-20T20:00,2025-10-20,20,Monday,10,0,19.1,72,19.7,0.0,4.4,0.0,0
2025-10-20T21:00,2025-10-20,21,Monday,10,0,17.8,80,18.6,0.0,4.2,0.0,0
2025-10-20T22:00,2025-10-20,22,Monday,10,0,17.0,84,18.2,0.0,2.1,0.0,0
2025-10-20T23:00,2025-10-20,23,Monday,10,0,16.8,89,18.3,0.0,0.6,0.0,0
2025-10-21T00:00,2025-10-21,0,Tuesday,10,0,15.7,94,16.7,0.0,3.5,0.0,0
2025-10-21T01:00,2025-10-21,1,Tuesday,10,0,15.4,92,16.1,0.0,3.9,0.0,0
2025-10-21T02:00,2025-10-21,2,Tuesday,10,0,14.9,90,15.5,0.0,3.5,0.0,0
2025-10-21T03:00,2025-10-21,3,Tuesday,10,0,14.8,87,15.1,0.0,3.3,0.0,0
2025-10-21T04:00,2025-10-21,4,Tuesday,10,0,14.4,85,14.6,0.0,3.3,0.0,0
2025-10-21T05:00,2025-10-21,5,Tuesday,10,0,15.9,79,16.5,0.0,1.0,0.0,0
2025-10-21T06:00,2025-10-21,6,Tuesday,10,0,15.4,78,15.5,0.0,1.9,0.0,0
2025-10-21T07:00,2025-10-21,7,Tuesday,10,0,15.7,79,16.0,0.0,2.1,20.0,1
2025-10-21T08:00,2025-10-21,8,Tuesday,10,0,19.1,68,19.8,0.0,2.1,152.0,1
2025-10-21T09:00,2025-10-21,9,Tuesday,10,0,22.6,56,23.2,0.0,3.3,329.0,1
2025-10-21T10:00,2025-10-21,10,Tuesday,10,0,25.1,47,25.3,0.0,5.3,490.0,1
2025-10-21T11:00,2025-10-21,11,Tuesday,10,0,27.0,44,27.6,0.0,5.6,604.0,1
2025-10-21T12:00,2025-10-21,12,Tuesday,10,0,28.5,38,29.4,0.0,5.3,660.0,1
2025-10-21T13:00,2025-10-21,13,Tuesday,10,0,29.1,32,28.7,0.0,6.3,598.0,1
2025-10-21T14:00,2025-10-21,14,Tuesday,10,0,28.8,29,27.6,0.0,6.6,479.0,1
2025-10-21T15:00,2025-10-21,15,Tuesday,10,0,28.7,28,27.7,0.0,3.8,426.0,1
2025-10-21T16:00,2025-10-21,16,Tuesday,10,0,28.0,40,28.7,0.0,1.5,277.0,1
2025-10-21T17:00,2025-10-21,17,Tuesday,10,0,26.5,47,27.7,0.0,0.3,101.0,1
2025-10-21T18:00,2025-10-21,18,Tuesday,10,0,23.4,46,23.2,0.0,4.2,6.0,0
2025-10-21T19:00,2025-10-21,19,Tuesday,10,0,21.5,58,21.5,0.0,5.5,0.0,0
2025-10-21T20:00,2025-10-21,20,Tuesday,10,0,19.1,70,19.7,0.0,4.3,0.0,0
2025-10-21T21:00,2025-10-21,21,Tuesday,10,0,17.1,79,17.6,0.0,4.2,0.0,0
2025-10-21T22:00,2025-10-21,22,Tuesday,10,0,15.9,85,16.6,0.0,3.3,0.0,0
2025-10-21T23:00,2025-10-21,23,Tuesday,10,0,16.0,90,17.3,0.0,1.5,0.0,0
2025-10-22T00:00,2025-10-22,0,Wednesday,10,0,15.1,90,15.6,0.0,4.0,0.0,0
2025-10-22T01:00,2025-10-22,1,Wednesday,10,0,14.8,87,15.1,0.0,3.9,0.0,0
2025-10-22T02:00,2025-10-22,2,Wednesday,10,0,14.8,84,15.1,0.0,2.2,0.0,0
2025-10-22T03:00,2025-10-22,3,Wednesday,10,0,14.4,83,14.7,0.0,1.6,0.0,0
2025-10-22T04:00,2025-10-22,4,Wednesday,10,0,14.1,83,14.2,0.0,1.1,0.0,0
2025-10-22T05:00,2025-10-22,5,Wednesday,10,0,14.1,91,14.6,0.0,1.8,0.0,0
2025-10-22T06:00,2025-10-22,6,Wednesday,10,0,13.5,89,13.6,0.0,3.2,0.0,0
2025-10-22T07:00,2025-10-22,7,Wednesday,10,0,14.6,83,14.7,0.0,2.9,19.0,1
2025-10-22T08:00,2025-10-22,8,Wednesday,10,0,18.2,71,18.8,0.0,2.6,149.0,1
2025-10-22T09:00,2025-10-22,9,Wednesday,10,0,21.8,57,22.2,0.0,3.7,327.0,1
2025-10-22T10:00,2025-10-22,10,Wednesday,10,0,24.2,46,24.1,0.0,4.5,487.0,1
2025-10-22T11:00,2025-10-22,11,Wednesday,10,0,26.4,41,26.7,0.0,4.5,602.0,1
2025-10-22T12:00,2025-10-22,12,Wednesday,10,0,28.4,36,29.1,0.0,3.8,655.0,1
2025-10-22T13:00,2025-10-22,13,Wednesday,10,0,29.4,33,29.8,0.0,3.7,636.0,1
2025-10-22T14:00,2025-10-22,14,Wednesday,10,0,29.6,29,29.0,0.0,4.8,559.0,1
2025-10-22T15:00,2025-10-22,15,Wednesday,10,0,29.4,28,28.2,0.0,6.2,423.0,1
2025-10-22T16:00,2025-10-22,16,Wednesday,10,0,28.0,37,27.5,0.0,7.4,262.0,1
2025-10-22T17:00,2025-10-22,17,Wednesday,10,0,25.0,46,24.7,0.0,7.5,99.0,1
2025-10-22T18:00,2025-10-22,18,Wednesday,10,0,21.9,60,22.3,0.0,5.0,5.0,0
2025-10-22T19:00,2025-10-22,19,Wednesday,10,0,19.5,73,20.4,0.0,3.3,0.0,0
2025-10-22T20:00,2025-10-22,20,Wednesday,10,0,17.5,80,18.2,0.0,4.5,0.0,0
2025-10-22T21:00,2025-10-22,21,Wednesday,10,0,16.5,79,16.8,0.0,4.6,0.0,0
2025-10-22T22:00,2025-10-22,22,Wednesday,10,0,15.7,79,15.7,0.0,4.3,0.0,0
2025-10-22T23:00,2025-10-22,23,Wednesday,10,0,15.6,83,16.3,0.0,1.5,0.0,0
2025-10-23T00:00,2025-10-23,0,Thursday,10,0,15.1,82,15.2,0.0,3.1,0.0,0
2025-10-23T01:00,2025-10-23,1,Thursday,10,0,14.6,80,14.5,0.0,3.1,0.0,0
2025-10-23T02:00,2025-10-23,2,Thursday,10,0,14.6,77,14.6,0.0,1.5,0.0,0
2025-10-23T03:00,2025-10-23,3,Thursday,10,0,14.3,77,14.2,0.0,1.2,0.0,0
2025-10-23T04:00,2025-10-23,4,Thursday,10,0,13.4,79,12.8,0.0,3.6,0.0,0
2025-10-23T05:00,2025-10-23,5,Thursday,10,0,14.6,78,14.6,0.0,1.9,0.0,0
2025-10-23T06:00,2025-10-23,6,Thursday,10,0,13.8,78,13.2,0.0,3.8,0.0,0
2025-10-23T07:00,2025-10-23,7,Thursday,10,0,14.8,74,14.3,0.0,3.5,18.0,1
2025-10-23T08:00,2025-10-23,8,Thursday,10,0,18.5,60,18.4,0.0,2.4,149.0,1
2025-10-23T09:00,2025-10-23,9,Thursday,10,0,21.8,54,22.3,0.0,0.8,328.0,1
2025-10-23T10:00,2025-10-23,10,Thursday,10,0,24.8,40,24.4,0.0,3.2,489.0,1
2025-10-23T11:00,2025-10-23,11,Thursday,10,0,26.8,34,26.4,0.0,4.3,605.0,1
2025-10-23T12:00,2025-10-23,12,Thursday,10,0,28.5,30,28.3,0.0,5.2,660.0,1
2025-10-23T13:00,2025-10-23,13,Thursday,10,0,29.4,28,29.0,0.0,6.0,651.0,1
2025-10-23T14:00,2025-10-23,14,Thursday,10,0,29.5,27,28.4,0.0,6.4,578.0,1
2025-10-23T15:00,2025-10-23,15,Thursday,10,0,29.2,27,28.1,0.0,4.4,447.0,1
2025-10-23T16:00,2025-10-23,16,Thursday,10,0,28.3,49,30.5,0.0,0.9,278.0,1
2025-10-23T17:00,2025-10-23,17,Thursday,10,0,25.4,46,25.8,0.0,3.4,103.0,1
2025-10-23T18:00,2025-10-23,18,Thursday,10,0,23.0,54,23.6,0.0,2.9,5.0,0
2025-10-23T19:00,2025-10-23,19,Thursday,10,0,21.0,63,21.7,0.0,2.4,0.0,0
2025-10-23T20:00,2025-10-23,20,Thursday,10,0,18.2,73,18.6,0.0,4.4,0.0,0
2025-10-23T21:00,2025-10-23,21,Thursday,10,0,16.6,79,16.9,0.0,4.8,0.0,0
2025-10-23T22:00,2025-10-23,22,Thursday,10,0,15.8,81,15.9,0.0,4.3,0.0,0
2025-10-23T23:00,2025-10-23,23,Thursday,10,0,15.5,84,16.0,0.0,2.5,0.0,0
2025-10-24T00:00,2025-10-24,0,Friday,10,1,14.9,83,15.0,0.0,3.1,0.0,0
2025-10-24T01:00,2025-10-24,1,Friday,10,1,14.9,80,15.0,0.0,1.9,0.0,0
2025-10-24T02:00,2025-10-24,2,Friday,10,1,14.2,78,13.9,0.0,2.9,0.0,0
2025-10-24T03:00,2025-10-24,3,Friday,10,1,13.6,76,13.1,0.0,3.3,0.0,0
2025-10-24T04:00,2025-10-24,4,Friday,10,1,13.2,75,12.4,0.0,3.7,0.0,0
2025-10-24T05:00,2025-10-24,5,Friday,10,1,14.6,75,14.5,0.0,0.5,0.0,0
2025-10-24T06:00,2025-10-24,6,Friday,10,1,13.6,74,13.0,0.0,2.8,0.0,0
2025-10-24T07:00,2025-10-24,7,Friday,10,1,14.2,71,13.4,0.0,3.6,18.0,1
2025-10-24T08:00,2025-10-24,8,Friday,10,1,17.5,62,16.8,0.0,5.6,146.0,1
2025-10-24T09:00,2025-10-24,9,Friday,10,1,21.5,50,21.3,0.0,2.5,323.0,1
2025-10-24T10:00,2025-10-24,10,Friday,10,1,24.8,36,24.4,0.0,0.8,483.0,1
2025-10-24T11:00,2025-10-24,11,Friday,10,1,26.6,34,26.6,0.0,1.7,598.0,1
2025-10-24T12:00,2025-10-24,12,Friday,10,1,28.3,31,28.5,0.0,2.3,652.0,1
2025-10-24T13:00,2025-10-24,13,Friday,10,1,29.0,30,28.9,0.0,3.3,643.0,1
2025-10-24T14:00,2025-10-24,14,Friday,10,1,29.2,29,28.8,0.0,2.7,569.0,1
2025-10-24T15:00,2025-10-24,15,Friday,10,1,29.0,30,28.3,0.0,3.7,433.0,1
2025-10-24T16:00,2025-10-24,16,Friday,10,1,27.8,39,28.2,0.0,3.3,270.0,1
2025-10-24T17:00,2025-10-24,17,Friday,10,1,25.8,48,26.6,0.0,2.4,99.0,1
2025-10-24T18:00,2025-10-24,18,Friday,10,1,23.3,54,24.1,0.0,2.5,4.0,0
2025-10-24T19:00,2025-10-24,19,Friday,10,1,20.8,65,21.5,0.0,4.3,0.0,0
2025-10-24T20:00,2025-10-24,20,Friday,10,1,18.3,77,19.0,0.0,4.3,0.0,0
2025-10-24T21:00,2025-10-24,21,Friday,10,1,16.6,81,17.1,0.0,4.7,0.0,0
2025-10-24T22:00,2025-10-24,22,Friday,10,1,16.1,79,16.0,0.0,6.4,0.0,0
2025-10-24T23:00,2025-10-24,23,Friday,10,1,15.1,81,15.3,0.0,3.1,0.0,0
2025-10-25T00:00,2025-10-25,0,Saturday,10,1,15.1,80,15.4,0.0,1.1,0.0,0
2025-10-25T01:00,2025-10-25,1,Saturday,10,1,14.4,80,14.1,0.0,3.5,0.0,0
2025-10-25T02:00,2025-10-25,2,Saturday,10,1,13.9,78,13.4,0.0,3.2,0.0,0
2025-10-25T03:00,2025-10-25,3,Saturday,10,1,13.5,77,12.8,0.0,3.9,0.0,0
2025-10-25T04:00,2025-10-25,4,Saturday,10,1,13.1,76,12.4,0.0,3.7,0.0,0
2025-10-25T05:00,2025-10-25,5,Saturday,10,1,13.9,81,13.9,0.0,1.7,0.0,0
2025-10-25T06:00,2025-10-25,6,Saturday,10,1,13.9,78,13.6,0.0,1.5,0.0,0
2025-10-25T07:00,2025-10-25,7,Saturday,10,1,14.6,76,14.5,0.0,1.3,16.0,1
2025-10-25T08:00,2025-10-25,8,Saturday,10,1,17.8,64,17.6,0.0,3.5,141.0,1
2025-10-25T09:00,2025-10-25,9,Saturday,10,1,21.2,50,21.1,0.0,2.2,316.0,1
2025-10-25T10:00,2025-10-25,10,Saturday,10,1,24.1,40,23.7,0.0,2.5,475.0,1
2025-10-25T11:00,2025-10-25,11,Saturday,10,1,26.1,37,26.0,0.0,3.5,589.0,1
2025-10-25T12:00,2025-10-25,12,Saturday,10,1,28.3,33,28.6,0.0,3.2,644.0,1
2025-10-25T13:00,2025-10-25,13,Saturday,10,1,29.1,32,29.3,0.0,4.5,633.0,1
2025-10-25T14:00,2025-10-25,14,Saturday,10,1,29.2,32,28.9,0.0,4.2,558.0,1
2025-10-25T15:00,2025-10-25,15,Saturday,10,1,29.1,31,28.9,0.0,1.8,429.0,1
2025-10-25T16:00,2025-10-25,16,Saturday,10,1,28.2,52,30.7,0.0,0.7,263.0,1
2025-10-25T17:00,2025-10-25,17,Saturday,10,1,26.0,49,27.5,0.0,0.4,95.0,1
2025-10-25T18:00,2025-10-25,18,Saturday,10,1,23.3,53,24.0,0.0,2.2,4.0,0
2025-10-25T19:00,2025-10-25,19,Saturday,10,1,21.0,60,21.4,0.0,4.1,0.0,0
2025-10-25T20:00,2025-10-25,20,Saturday,10,1,18.4,71,18.7,0.0,5.1,0.0,0
2025-10-25T21:00,2025-10-25,21,Saturday,10,1,17.1,79,17.5,0.0,5.0,0.0,0
2025-10-25T22:00,2025-10-25,22,Saturday,10,1,16.1,83,16.9,0.0,1.7,0.0,0
2025-10-25T23:00,2025-10-25,23,Saturday,10,1,15.8,90,17.1,0.0,0.2,0.0,0
2025-10-26T00:00,2025-10-26,0,Sunday,10,1,14.9,91,15.6,0.0,3.4,0.0,0
2025-10-26T01:00,2025-10-26,1,Sunday,10,1,14.7,88,15.0,0.0,3.6,0.0,0
2025-10-26T02:00,2025-10-26,2,Sunday,10,1,14.4,86,14.5,0.0,3.5,0.0,0
2025-10-26T03:00,2025-10-26,3,Sunday,10,1,13.9,86,13.9,0.0,3.6,0.0,0
2025-10-26T04:00,2025-10-26,4,Sunday,10,1,13.4,85,13.1,0.0,3.9,0.0,0
2025-10-26T05:00,2025-10-26,5,Sunday,10,1,12.9,85,12.6,0.0,3.3,0.0,0
2025-10-26T06:00,2025-10-26,6,Sunday,10,1,12.9,83,12.6,0.0,1.9,0.0,0
2025-10-26T07:00,2025-10-26,7,Sunday,10,1,13.6,78,13.0,0.0,3.1,16.0,1
2025-10-26T08:00,2025-10-26,8,Sunday,10,1,17.3,65,16.8,0.0,5.1,140.0,1
2025-10-26T09:00,2025-10-26,9,Sunday,10,1,21.5,51,21.5,0.0,1.9,315.0,1
2025-10-26T10:00,2025-10-26,10,Sunday,10,1,24.2,38,23.5,0.0,3.5,474.0,1
2025-10-26T11:00,2025-10-26,11,Sunday,10,1,26.1,34,25.6,0.0,3.6,588.0,1
2025-10-26T12:00,2025-10-26,12,Sunday,10,1,27.5,31,27.4,0.0,3.2,642.0,1
2025-10-26T13:00,2025-10-26,13,Sunday,10,1,28.5,30,28.2,0.0,3.5,632.0,1
2025-10-26T14:00,2025-10-26,14,Sunday,10,1,28.7,30,28.0,0.0,3.7,557.0,1
2025-10-26T15:00,2025-10-26,15,Sunday,10,1,28.5,30,27.7,0.0,4.6,427.0,1
2025-10-26T16:00,2025-10-26,16,Sunday,10,1,27.4,46,28.6,0.0,2.4,258.0,1
2025-10-26T17:00,2025-10-26,17,Sunday,10,1,25.2,46,26.0,0.0,1.0,91.0,1
2025-10-26T18:00,2025-10-26,18,Sunday,10,1,22.6,51,22.7,0.0,3.6,3.0,0
2025-10-26T19:00,2025-10-26,19,Sunday,10,1,20.1,62,20.3,0.0,4.6,0.0,0
2025-10-26T20:00,2025-10-26,20,Sunday,10,1,18.2,73,18.6,0.0,5.0,0.0,0
2025-10-26T21:00,2025-10-26,21,Sunday,10,1,17.0,77,17.3,0.0,4.8,0.0,0
2025-10-26T22:00,2025-10-26,22,Sunday,10,1,15.9,83,16.3,0.0,3.6,0.0,0
2025-10-26T23:00,2025-10-26,23,Sunday,10,1,15.1,86,15.6,0.0,3.1,0.0,0
2025-10-27T00:00,2025-10-27,0,Monday,10,0,14.7,88,15.0,0.0,3.7,0.0,0
2025-10-27T01:00,2025-10-27,1,Monday,10,0,14.4,87,14.6,0.0,3.8,0.0,0
2025-10-27T02:00,2025-10-27,2,Monday,10,0,14.1,85,14.0,0.0,4.0,0.0,0
2025-10-27T03:00,2025-10-27,3,Monday,10,0,13.6,85,13.4,0.0,3.6,0.0,0
2025-10-27T04:00,2025-10-27,4,Monday,10,0,13.4,84,13.2,0.0,2.3,0.0,0
2025-10-27T05:00,2025-10-27,5,Monday,10,0,13.1,83,13.0,0.0,2.1,0.0,0
2025-10-27T06:00,2025-10-27,6,Monday,10,0,12.9,82,12.4,0.0,2.7,0.0,0
2025-10-27T07:00,2025-10-27,7,Monday,10,0,13.6,77,13.1,0.0,3.2,15.0,1
2025-10-27T08:00,2025-10-27,8,Monday,10,0,17.2,66,16.8,0.0,4.3,136.0,1
2025-10-27T09:00,2025-10-27,9,Monday,10,0,21.3,52,21.3,0.0,2.4,309.0,1
2025-10-27T10:00,2025-10-27,10,Monday,10,0,24.1,40,23.7,0.0,2.9,467.0,1
2025-10-27T11:00,2025-10-27,11,Monday,10,0,25.9,35,25.6,0.0,2.1,580.0,1
2025-10-27T12:00,2025-10-27,12,Monday,10,0,27.5,32,27.4,0.0,3.3,634.0,1
2025-10-27T13:00,2025-10-27,13,Monday,10,0,28.1,32,27.8,0.0,5.0,624.0,1
2025-10-27T14:00,2025-10-27,14,Monday,10,0,28.2,32,27.5,0.0,5.1,551.0,1
2025-10-27T15:00,2025-10-27,15,Monday,10,0,28.0,33,27.2,0.0,5.0,422.0,1
2025-10-27T16:00,2025-10-27,16,Monday,10,0,26.8,47,27.8,0.0,2.4,255.0,1
2025-10-27T17:00,2025-10-27,17,Monday,10,0,24.4,51,24.8,0.0,4.4,89.0,1
2025-10-27T18:00,2025-10-27,18,Monday,10,0,21.7,61,22.4,0.0,3.6,3.0,0
2025-10-27T19:00,2025-10-27,19,Monday,10,0,19.2,73,20.1,0.0,3.0,0.0,0
2025-10-27T20:00,2025-10-27,20,Monday,10,0,17.0,83,17.8,0.0,4.0,0.0,0
2025-10-27T21:00,2025-10-27,21,Monday,10,0,15.8,87,16.3,0.0,4.2,0.0,0
2025-10-27T22:00,2025-10-27,22,Monday,10,0,15.1,88,15.4,0.0,4.3,0.0,0
2025-10-27T23:00,2025-10-27,23,Monday,10,0,14.9,91,15.8,0.0,1.1,0.0,0
2025-10-28T00:00,2025-10-28,0,Tuesday,10,0,14.2,91,14.5,0.0,3.9,0.0,0
2025-10-28T01:00,2025-10-28,1,Tuesday,10,0,14.1,87,14.1,0.0,4.5,0.0,0
2025-10-28T02:00,2025-10-28,2,Tuesday,10,0,14.3,81,13.9,0.0,4.9,0.0,0
2025-10-28T03:00,2025-10-28,3,Tuesday,10,0,14.2,75,13.5,0.0,5.2,0.0,0
2025-10-28T04:00,2025-10-28,4,Tuesday,10,0,13.8,75,12.9,0.0,4.9,0.0,0
2025-10-28T05:00,2025-10-28,5,Tuesday,10,0,15.1,66,14.6,0.0,2.1,0.0,0
2025-10-28T06:00,2025-10-28,6,Tuesday,10,0,14.0,71,13.1,0.0,4.4,0.0,0
2025-10-28T07:00,2025-10-28,7,Tuesday,10,0,14.5,72,13.7,0.0,4.8,14.0,1
2025-10-28T08:00,2025-10-28,8,Tuesday,10,0,17.9,63,17.1,0.0,6.9,130.0,1
2025-10-28T09:00,2025-10-28,9,Tuesday,10,0,21.6,55,21.9,0.0,2.6,300.0,1
2025-10-28T10:00,2025-10-28,10,Tuesday,10,0,24.7,42,24.7,0.0,1.9,456.0,1
2025-10-28T11:00,2025-10-28,11,Tuesday,10,0,26.1,41,26.4,0.0,3.1,569.0,1
2025-10-28T12:00,2025-10-28,12,Tuesday,10,0,27.5,38,27.9,0.0,4.7,625.0,1
2025-10-28T13:00,2025-10-28,13,Tuesday,10,0,28.2,36,28.2,0.0,6.4,615.0,1
2025-10-28T14:00,2025-10-28,14,Tuesday,10,0,28.3,35,27.7,0.0,7.1,543.0,1
2025-10-28T15:00,2025-10-28,15,Tuesday,10,0,28.0,36,27.5,0.0,6.2,416.0,1
2025-10-28T16:00,2025-10-28,16,Tuesday,10,0,26.6,43,26.8,0.0,5.3,251.0,1
2025-10-28T17:00,2025-10-28,17,Tuesday,10,0,23.6,54,24.1,0.0,5.4,86.0,1
2025-10-28T18:00,2025-10-28,18,Tuesday,10,0,21.5,64,22.4,0.0,4.1,3.0,0
2025-10-28T19:00,2025-10-28,19,Tuesday,10,0,19.0,77,20.2,0.0,3.1,0.0,0
2025-10-28T20:00,2025-10-28,20,Tuesday,10,0,17.0,86,18.0,0.0,3.6,0.0,0
2025-10-28T21:00,2025-10-28,21,Tuesday,10,0,15.5,91,16.2,0.0,4.1,0.0,0
2025-10-28T22:00,2025-10-28,22,Tuesday,10,0,14.7,92,15.2,0.0,3.8,0.0,0
2025-10-28T23:00,2025-10-28,23,Tuesday,10,0,14.3,95,15.1,0.0,2.0,0.0,0
2025-10-29T00:00,2025-10-29,0,Wednesday,10,0,14.0,89,14.1,0.0,4.4,0.0,0
2025-10-29T01:00,2025-10-29,1,Wednesday,10,0,14.0,82,13.6,0.0,4.6,0.0,0
2025-10-29T02:00,2025-10-29,2,Wednesday,10,0,13.7,79,13.1,0.0,4.3,0.0,0
2025-10-29T03:00,2025-10-29,3,Wednesday,10,0,13.6,78,12.8,0.0,4.7,0.0,0
2025-10-29T04:00,2025-10-29,4,Wednesday,10,0,13.1,80,12.4,0.0,4.3,0.0,0
2025-10-29T05:00,2025-10-29,5,Wednesday,10,0,14.8,73,14.6,0.0,1.7,0.0,0
2025-10-29T06:00,2025-10-29,6,Wednesday,10,0,13.9,74,13.1,0.0,4.4,0.0,0
2025-10-29T07:00,2025-10-29,7,Wednesday,10,0,14.1,74,13.4,0.0,4.3,13.0,1
2025-10-29T08:00,2025-10-29,8,Wednesday,10,0,17.2,65,16.8,0.0,4.5,129.0,1
2025-10-29T09:00,2025-10-29,9,Wednesday,10,0,20.6,56,21.0,0.0,0.6,299.0,1
2025-10-29T10:00,2025-10-29,10,Wednesday,10,0,23.5,45,23.4,0.0,2.1,455.0,1
2025-10-29T11:00,2025-10-29,11,Wednesday,10,0,24.9,49,25.4,0.0,4.2,567.0,1
2025-10-29T12:00,2025-10-29,12,Wednesday,10,0,26.5,45,27.1,0.0,6.5,621.0,1
2025-10-29T13:00,2025-10-29,13,Wednesday,10,0,27.5,42,27.8,0.0,8.1,612.0,1
2025-10-29T14:00,2025-10-29,14,Wednesday,10,0,28.0,39,27.5,0.0,9.1,540.0,1
2025-10-29T15:00,2025-10-29,15,Wednesday,10,0,27.6,38,26.9,0.0,9.6,413.0,1
2025-10-29T16:00,2025-10-29,16,Wednesday,10,0,26.5,44,26.5,0.0,7.2,249.0,1
2025-10-29T17:00,2025-10-29,17,Wednesday,10,0,23.6,59,24.8,0.0,3.6,84.0,1
2025-10-29T18:00,2025-10-29,18,Wednesday,10,0,21.3,69,22.6,0.0,3.5,2.0,0
2025-10-29T19:00,2025-10-29,19,Wednesday,10,0,19.0,80,20.3,0.0,3.4,0.0,0
2025-10-29T20:00,2025-10-29,20,Wednesday,10,0,17.0,88,18.0,0.0,4.2,0.0,0
2025-10-29T21:00,2025-10-29,21,Wednesday,10,0,15.6,90,16.3,0.0,4.3,0.0,0
2025-10-29T22:00,2025-10-29,22,Wednesday,10,0,14.9,90,15.3,0.0,4.1,0.0,0
2025-10-29T23:00,2025-10-29,23,Wednesday,10,0,14.6,93,15.4,0.0,2.0,0.0,0
2025-10-30T00:00,2025-10-30,0,Thursday,10,0,14.1,90,14.4,0.0,3.8,0.0,0
2025-10-30T01:00,2025-10-30,1,Thursday,10,0,13.7,89,13.8,0.0,3.4,0.0,0
2025-10-30T02:00,2025-10-30,2,Thursday,10,0,13.6,87,13.5,0.0,4.0,0.0,0
2025-10-30T03:00,2025-10-30,3,Thursday,10,0,13.4,87,13.1,0.0,4.3,0.0,0
2025-10-30T04:00,2025-10-30,4,Thursday,10,0,12.9,88,12.6,0.0,3.9,0.0,0
2025-10-30T05:00,2025-10-30,5,Thursday,10,0,14.4,82,14.7,0.0,0.4,0.0,0
2025-10-30T06:00,2025-10-30,6,Thursday,10,0,13.1,85,13.0,0.0,2.8,0.0,0
2025-10-30T07:00,2025-10-30,7,Thursday,10,0,13.2,85,13.1,0.0,2.4,12.0,1
2025-10-30T08:00,2025-10-30,8,Thursday,10,0,16.6,75,16.9,0.0,2.3,128.0,1
2025-10-30T09:00,2025-10-30,9,Thursday,10,0,20.6,61,21.2,0.0,2.6,299.0,1
2025-10-30T10:00,2025-10-30,10,Thursday,10,0,23.5,50,23.7,0.0,3.7,457.0,1
2025-10-30T11:00,2025-10-30,11,Thursday,10,0,26.0,45,26.5,0.0,3.7,570.0,1
2025-10-30T12:00,2025-10-30,12,Thursday,10,0,27.8,40,28.6,0.0,4.7,627.0,1
2025-10-30T13:00,2025-10-30,13,Thursday,10,0,28.6,36,28.9,0.0,6.1,617.0,1
2025-10-30T14:00,2025-10-30,14,Thursday,10,0,28.9,35,28.5,0.0,6.9,544.0,1
2025-10-30T15:00,2025-10-30,15,Thursday,10,0,28.4,37,27.9,0.0,7.5,414.0,1
2025-10-30T16:00,2025-10-30,16,Thursday,10,0,26.9,44,27.0,0.0,7.2,249.0,1
2025-10-30T17:00,2025-10-30,17,Thursday,10,0,23.5,56,23.8,0.0,6.5,83.0,1
2025-10-30T18:00,2025-10-30,18,Thursday,10,0,20.7,69,21.7,0.0,3.9,2.0,0
2025-10-30T19:00,2025-10-30,19,Thursday,10,0,18.6,79,20.0,0.0,1.9,0.0,0
2025-10-30T20:00,2025-10-30,20,Thursday,10,0,16.5,88,17.5,0.0,2.9,0.0,0
2025-10-30T21:00,2025-10-30,21,Thursday,10,0,15.2,91,15.9,0.0,3.2,0.0,0
2025-10-30T22:00,2025-10-30,22,Thursday,10,0,14.7,88,15.1,0.0,3.1,0.0,0
2025-10-30T23:00,2025-10-30,23,Thursday,10,0,14.9,89,15.7,0.0,0.7,0.0,0
2025-10-31T00:00,2025-10-31,0,Friday,10,1,14.1,87,14.4,0.0,2.7,0.0,0
2025-10-31T01:00,2025-10-31,1,Friday,10,1,13.9,85,13.9,0.0,2.9,0.0,0
2025-10-31T02:00,2025-10-31,2,Friday,10,1,13.4,84,13.1,0.0,3.6,0.0,0
2025-10-31T03:00,2025-10-31,3,Friday,10,1,13.0,84,12.6,0.0,3.7,0.0,0
2025-10-31T04:00,2025-10-31,4,Friday,10,1,12.7,85,12.3,0.0,3.4,0.0,0
2025-10-31T05:00,2025-10-31,5,Friday,10,1,14.7,77,14.8,0.0,0.6,0.0,0
2025-10-31T06:00,2025-10-31,6,Friday,10,1,14.2,76,14.0,0.0,2.0,0.0,0
2025-10-31T07:00,2025-10-31,7,Friday,10,1,14.1,77,13.7,0.0,2.8,12.0,1
2025-10-31T08:00,2025-10-31,8,Friday,10,1,17.0,69,16.8,0.0,4.2,126.0,1
2025-10-31T09:00,2025-10-31,9,Friday,10,1,20.6,58,21.1,0.0,0.8,298.0,1
2025-10-31T10:00,2025-10-31,10,Friday,10,1,23.5,45,23.4,0.0,2.2,455.0,1
2025-10-31T11:00,2025-10-31,11,Friday,10,1,25.4,40,25.3,0.0,3.2,569.0,1
2025-10-31T12:00,2025-10-31,12,Friday,10,1,26.9,41,27.5,0.0,4.8,623.0,1
2025-10-31T13:00,2025-10-31,13,Friday,10,1,27.8,38,27.8,0.0,7.1,614.0,1
2025-10-31T14:00,2025-10-31,14,Friday,10,1,28.1,32,26.8,0.0,8.7,544.0,1
2025-10-31T15:00,2025-10-31,15,Friday,10,1,27.7,30,26.1,0.0,8.7,417.0,1
2025-10-31T16:00,2025-10-31,16,Friday,10,1,26.1,40,25.8,0.0,4.7,250.0,1
2025-10-31T17:00,2025-10-31,17,Friday,10,1,23.4,49,23.6,0.0,3.4,82.0,1
2025-10-31T18:00,2025-10-31,18,Friday,10,1,21.0,59,21.6,0.0,2.3,2.0,0
2025-10-31T19:00,2025-10-31,19,Friday,10,1,18.2,73,18.7,0.0,4.2,0.0,0
2025-10-31T20:00,2025-10-31,20,Friday,10,1,15.9,85,16.4,0.0,4.7,0.0,0
2025-10-31T21:00,2025-10-31,21,Friday,10,1,14.7,89,15.0,0.0,4.1,0.0,0
2025-10-31T22:00,2025-10-31,22,Friday,10,1,14.1,89,14.2,0.0,4.8,0.0,0
2025-10-31T23:00,2025-10-31,23,Friday,10,1,13.9,88,13.9,0.0,3.8,0.0,0
2025-11-01T00:00,2025-11-01,0,Saturday,11,1,13.7,85,13.6,0.0,3.5,0.0,0
2025-11-01T01:00,2025-11-01,1,Saturday,11,1,13.6,82,13.2,0.0,3.6,0.0,0
2025-11-01T02:00,2025-11-01,2,Saturday,11,1,13.4,81,12.9,0.0,4.1,0.0,0
2025-11-01T03:00,2025-11-01,3,Saturday,11,1,12.9,82,12.3,0.0,4.0,0.0,0
2025-11-01T04:00,2025-11-01,4,Saturday,11,1,12.4,84,11.9,0.0,3.8,0.0,0
2025-11-01T05:00,2025-11-01,5,Saturday,11,1,13.4,83,13.4,0.0,0.9,0.0,0
2025-11-01T06:00,2025-11-01,6,Saturday,11,1,12.7,83,12.2,0.0,3.5,0.0,0
2025-11-01T07:00,2025-11-01,7,Saturday,11,1,13.1,79,12.5,0.0,3.3,11.0,1
2025-11-01T08:00,2025-11-01,8,Saturday,11,1,16.2,70,15.8,0.0,4.5,123.0,1
2025-11-01T09:00,2025-11-01,9,Saturday,11,1,20.3,57,20.4,0.0,2.3,293.0,1
2025-11-01T10:00,2025-11-01,10,Saturday,11,1,23.2,42,22.8,0.0,2.8,449.0,1
2025-11-01T11:00,2025-11-01,11,Saturday,11,1,24.9,47,25.0,0.0,5.1,561.0,1
2025-11-01T12:00,2025-11-01,12,Saturday,11,1,26.8,46,27.6,0.0,6.5,615.0,1
2025-11-01T13:00,2025-11-01,13,Saturday,11,1,27.8,41,28.1,0.0,7.4,606.0,1
2025-11-01T14:00,2025-11-01,14,Saturday,11,1,28.0,37,27.5,0.0,7.7,535.0,1
2025-11-01T15:00,2025-11-01,15,Saturday,11,1,27.5,36,26.8,0.0,7.7,409.0,1
2025-11-01T16:00,2025-11-01,16,Saturday,11,1,26.0,47,26.7,0.0,3.6,244.0,1
2025-11-01T17:00,2025-11-01,17,Saturday,11,1,23.6,53,24.4,0.0,2.7,79.0,1
2025-11-01T18:00,2025-11-01,18,Saturday,11,1,21.6,62,22.7,0.0,1.3,1.0,0
2025-11-01T19:00,2025-11-01,19,Saturday,11,1,19.2,73,20.2,0.0,2.5,0.0,0
2025-11-01T20:00,2025-11-01,20,Saturday,11,1,16.4,86,17.0,0.0,4.2,0.0,0
2025-11-01T21:00,2025-11-01,21,Saturday,11,1,15.0,90,15.5,0.0,3.9,0.0,0
2025-11-01T22:00,2025-11-01,22,Saturday,11,1,14.3,90,14.6,0.0,4.0,0.0,0
2025-11-01T23:00,2025-11-01,23,Saturday,11,1,14.1,91,14.6,0.0,2.2,0.0,0
2025-11-02T00:00,2025-11-02,0,Sunday,11,1,13.4,90,13.5,0.0,3.7,0.0,0
2025-11-02T01:00,2025-11-02,1,Sunday,11,1,13.0,89,12.9,0.0,3.4,0.0,0
2025-11-02T02:00,2025-11-02,2,Sunday,11,1,12.6,89,12.4,0.0,3.3,0.0,0
2025-11-02T03:00,2025-11-02,3,Sunday,11,1,12.4,87,12.0,0.0,3.1,0.0,0
2025-11-02T04:00,2025-11-02,4,Sunday,11,1,12.2,84,11.8,0.0,2.3,0.0,0
2025-11-02T05:00,2025-11-02,5,Sunday,11,1,13.1,86,13.3,0.0,0.8,0.0,0
2025-11-02T06:00,2025-11-02,6,Sunday,11,1,12.0,86,11.5,0.0,3.3,0.0,0
2025-11-02T07:00,2025-11-02,7,Sunday,11,1,12.1,85,11.9,0.0,1.5,10.0,1
2025-11-02T08:00,2025-11-02,8,Sunday,11,1,15.4,74,15.3,0.0,2.9,122.0,1
2025-11-02T09:00,2025-11-02,9,Sunday,11,1,19.4,58,19.1,0.0,4.2,293.0,1
2025-11-02T10:00,2025-11-02,10,Sunday,11,1,22.5,49,22.1,0.0,5.2,449.0,1
2025-11-02T11:00,2025-11-02,11,Sunday,11,1,24.6,48,25.0,0.0,4.1,562.0,1
2025-11-02T12:00,2025-11-02,12,Sunday,11,1,27.0,43,27.6,0.0,5.7,618.0,1
2025-11-02T13:00,2025-11-02,13,Sunday,11,1,28.0,35,27.6,0.0,8.0,611.0,1
2025-11-02T14:00,2025-11-02,14,Sunday,11,1,28.1,32,26.8,0.0,9.0,539.0,1
2025-11-02T15:00,2025-11-02,15,Sunday,11,1,27.4,35,26.3,0.0,8.8,410.0,1
2025-11-02T16:00,2025-11-02,16,Sunday,11,1,25.8,44,25.9,0.0,5.1,243.0,1
2025-11-02T17:00,2025-11-02,17,Sunday,11,1,22.7,56,23.2,0.0,4.0,78.0,1
2025-11-02T18:00,2025-11-02,18,Sunday,11,1,21.0,63,21.9,0.0,1.3,1.0,0
2025-11-02T19:00,2025-11-02,19,Sunday,11,1,18.4,73,19.0,0.0,3.5,0.0,0
2025-11-02T20:00,2025-11-02,20,Sunday,11,1,15.9,84,16.1,0.0,4.9,0.0,0
2025-11-02T21:00,2025-11-02,21,Sunday,11,1,14.5,89,14.7,0.0,4.6,0.0,0
2025-11-02T22:00,2025-11-02,22,Sunday,11,1,13.8,87,13.6,0.0,5.4,0.0,0
2025-11-02T23:00,2025-11-02,23,Sunday,11,1,13.8,85,14.0,0.0,1.8,0.0,0
2025-11-03T00:00,2025-11-03,0,Monday,11,0,13.1,86,12.8,0.0,3.9,0.0,0
2025-11-03T01:00,2025-11-03,1,Monday,11,0,12.6,86,12.1,0.0,4.3,0.0,0
2025-11-03T02:00,2025-11-03,2,Monday,11,0,12.2,85,11.6,0.0,4.2,0.0,0
2025-11-03T03:00,2025-11-03,3,Monday,11,0,11.9,83,11.2,0.0,3.9,0.0,0
2025-11-03T04:00,2025-11-03,4,Monday,11,0,11.6,82,10.8,0.0,3.1,0.0,0
2025-11-03T05:00,2025-11-03,5,Monday,11,0,12.4,78,11.9,0.0,0.5,0.0,0
2025-11-03T06:00,2025-11-03,6,Monday,11,0,11.5,77,10.6,0.0,1.9,0.0,0
2025-11-03T07:00,2025-11-03,7,Monday,11,0,11.2,77,10.1,0.0,2.9,10.0,1
2025-11-03T08:00,2025-11-03,8,Monday,11,0,14.4,70,13.5,0.0,4.0,122.0,1
2025-11-03T09:00,2025-11-03,9,Monday,11,0,19.0,56,18.7,0.0,2.8,296.0,1
2025-11-03T10:00,2025-11-03,10,Monday,11,0,22.0,47,21.0,0.0,6.5,455.0,1
2025-11-03T11:00,2025-11-03,11,Monday,11,0,24.1,42,23.6,0.0,5.4,569.0,1
2025-11-03T12:00,2025-11-03,12,Monday,11,0,26.5,38,26.6,0.0,3.8,622.0,1
2025-11-03T13:00,2025-11-03,13,Monday,11,0,27.5,36,27.5,0.0,5.0,611.0,1
2025-11-03T14:00,2025-11-03,14,Monday,11,0,27.6,34,26.8,0.0,6.7,537.0,1
2025-11-03T15:00,2025-11-03,15,Monday,11,0,27.0,34,26.0,0.0,6.5,408.0,1
2025-11-03T16:00,2025-11-03,16,Monday,11,0,25.0,51,25.9,0.0,2.6,240.0,1
2025-11-03T17:00,2025-11-03,17,Monday,11,0,23.4,52,24.3,0.0,0.4,75.0,1
2025-11-03T18:00,2025-11-03,18,Monday,11,0,21.0,54,21.2,0.0,1.9,1.0,0
2025-11-03T19:00,2025-11-03,19,Monday,11,0,18.5,64,18.2,0.0,5.6,0.0,0
2025-11-03T20:00,2025-11-03,20,Monday,11,0,16.7,70,16.2,0.0,6.2,0.0,0
2025-11-03T21:00,2025-11-03,21,Monday,11,0,15.4,72,14.6,0.0,6.4,0.0,0
2025-11-03T22:00,2025-11-03,22,Monday,11,0,16.2,66,15.2,0.0,6.9,0.0,0
2025-11-03T23:00,2025-11-03,23,Monday,11,0,16.2,71,15.5,0.0,7.0,0.0,0
2025-11-04T00:00,2025-11-04,0,Tuesday,11,0,16.5,76,16.2,0.0,7.2,0.0,0
2025-11-04T01:00,2025-11-04,1,Tuesday,11,0,16.6,79,16.5,0.0,7.2,0.0,0
2025-11-04T02:00,2025-11-04,2,Tuesday,11,0,16.2,81,16.2,0.0,7.0,0.0,0
2025-11-04T03:00,2025-11-04,3,Tuesday,11,0,15.9,82,15.7,0.0,7.1,0.0,0
2025-11-04T04:00,2025-11-04,4,Tuesday,11,0,15.2,83,15.1,0.0,6.5,0.0,0
2025-11-04T05:00,2025-11-04,5,Tuesday,11,0,14.5,81,14.0,0.0,6.1,0.0,0
2025-11-04T06:00,2025-11-04,6,Tuesday,11,0,14.1,82,13.6,0.0,6.0,0.0,0
2025-11-04T07:00,2025-11-04,7,Tuesday,11,0,14.6,79,14.1,0.0,5.5,8.0,1
2025-11-04T08:00,2025-11-04,8,Tuesday,11,0,18.0,64,17.2,0.0,7.8,113.0,1
2025-11-04T09:00,2025-11-04,9,Tuesday,11,0,21.5,52,21.1,0.0,5.5,279.0,1
2025-11-04T10:00,2025-11-04,10,Tuesday,11,0,23.8,43,22.2,0.0,11.5,425.0,1
2025-11-04T11:00,2025-11-04,11,Tuesday,11,0,25.1,43,22.6,2.9,21.3,430.0,1
2025-11-04T12:00,2025-11-04,12,Tuesday,11,0,24.1,50,22.8,0.4,15.6,474.0,1
2025-11-04T13:00,2025-11-04,13,Tuesday,11,0,17.0,79,14.6,13.0,24.0,303.0,1
2025-11-04T14:00,2025-11-04,14,Tuesday,11,0,18.5,70,17.0,3.2,17.1,300.0,1
2025-11-04T15:00,2025-11-04,15,Tuesday,11,0,18.4,70,17.2,1.4,14.7,287.0,1
2025-11-04T16:00,2025-11-04,16,Tuesday,11,0,18.9,63,17.4,0.6,13.8,178.0,1
2025-11-04T17:00,2025-11-04,17,Tuesday,11,0,18.1,60,15.5,0.0,19.0,68.0,1
2025-11-04T18:00,2025-11-04,18,Tuesday,11,0,16.9,63,15.8,0.0,6.6,1.0,0
2025-11-04T19:00,2025-11-04,19,Tuesday,11,0,15.6,71,15.1,0.0,3.6,0.0,0
2025-11-04T20:00,2025-11-04,20,Tuesday,11,0,14.4,73,13.4,0.0,6.2,0.0,0
2025-11-04T21:00,2025-11-04,21,Tuesday,11,0,13.3,78,12.7,0.0,3.6,0.0,0
2025-11-04T22:00,2025-11-04,22,Tuesday,11,0,12.1,87,11.5,0.0,3.5,0.0,0
2025-11-04T23:00,2025-11-04,23,Tuesday,11,0,12.6,90,12.7,0.0,1.1,0.0,0
2025-11-05T00:00,2025-11-05,0,Wednesday,11,0,12.6,90,12.8,0.0,0.7,0.0,0
2025-11-05T01:00,2025-11-05,1,Wednesday,11,0,12.1,90,11.9,0.0,3.1,0.0,0
2025-11-05T02:00,2025-11-05,2,Wednesday,11,0,11.9,87,11.4,0.0,2.7,0.0,0
2025-11-05T03:00,2025-11-05,3,Wednesday,11,0,11.4,87,11.1,0.0,1.0,0.0,0
2025-11-05T04:00,2025-11-05,4,Wednesday,11,0,10.6,90,9.7,0.0,4.2,0.0,0
2025-11-05T05:00,2025-11-05,5,Wednesday,11,0,12.0,78,11.4,0.0,1.1,0.0,0
2025-11-05T06:00,2025-11-05,6,Wednesday,11,0,11.1,81,10.5,0.0,0.5,0.0,0
2025-11-05T07:00,2025-11-05,7,Wednesday,11,0,10.9,83,10.4,0.0,0.5,8.0,1
2025-11-05T08:00,2025-11-05,8,Wednesday,11,0,13.4,76,13.2,0.0,0.9,113.0,1
2025-11-05T09:00,2025-11-05,9,Wednesday,11,0,16.9,66,16.9,0.0,1.1,278.0,1
2025-11-05T10:00,2025-11-05,10,Wednesday,11,0,19.9,54,19.3,0.0,4.6,432.0,1
2025-11-05T11:00,2025-11-05,11,Wednesday,11,0,21.8,47,21.0,0.0,5.9,543.0,1
2025-11-05T12:00,2025-11-05,12,Wednesday,11,0,22.8,43,21.7,0.0,8.4,582.0,1
2025-11-05T13:00,2025-11-05,13,Wednesday,11,0,23.4,40,21.9,0.0,8.8,572.0,1
2025-11-05T14:00,2025-11-05,14,Wednesday,11,0,23.5,38,21.5,0.0,10.5,511.0,1
2025-11-05T15:00,2025-11-05,15,Wednesday,11,0,23.0,39,20.8,0.0,11.7,389.0,1
2025-11-05T16:00,2025-11-05,16,Wednesday,11,0,21.7,46,20.3,0.0,8.3,230.0,1
2025-11-05T17:00,2025-11-05,17,Wednesday,11,0,18.9,54,17.6,0.0,8.0,70.0,1
2025-11-05T18:00,2025-11-05,18,Wednesday,11,0,16.2,66,15.3,0.0,6.0,1.0,0
2025-11-05T19:00,2025-11-05,19,Wednesday,11,0,13.8,79,13.3,0.0,4.3,0.0,0
2025-11-05T20:00,2025-11-05,20,Wednesday,11,0,12.3,86,11.9,0.0,3.1,0.0,0
2025-11-05T21:00,2025-11-05,21,Wednesday,11,0,11.4,89,11.0,0.0,2.3,0.0,0
2025-11-05T22:00,2025-11-05,22,Wednesday,11,0,10.9,89,10.4,0.0,1.5,0.0,0
2025-11-05T23:00,2025-11-05,23,Wednesday,11,0,11.5,91,11.3,0.0,1.5,0.0,0
2025-11-06T00:00,2025-11-06,0,Thursday,11,0,11.1,88,10.6,0.0,1.9,0.0,0
2025-11-06T01:00,2025-11-06,1,Thursday,11,0,11.1,85,10.6,0.0,0.8,0.0,0
2025-11-06T02:00,2025-11-06,2,Thursday,11,0,10.5,86,9.9,0.0,1.2,0.0,0
2025-11-06T03:00,2025-11-06,3,Thursday,11,0,9.8,86,8.9,0.0,1.5,0.0,0
2025-11-06T04:00,2025-11-06,4,Thursday,11,0,9.3,84,8.2,0.0,1.9,0.0,0
2025-11-06T05:00,2025-11-06,5,Thursday,11,0,9.9,83,9.0,0.0,0.9,0.0,0
2025-11-06T06:00,2025-11-06,6,Thursday,11,0,8.9,82,7.5,0.0,2.6,0.0,0
2025-11-06T07:00,2025-11-06,7,Thursday,11,0,8.6,81,7.1,0.0,3.3,8.0,1
2025-11-06T08:00,2025-11-06,8,Thursday,11,0,12.4,68,11.1,0.0,2.5,116.0,1
2025-11-06T09:00,2025-11-06,9,Thursday,11,0,16.2,59,15.2,0.0,3.9,288.0,1
2025-11-06T10:00,2025-11-06,10,Thursday,11,0,18.9,50,17.8,0.0,4.9,448.0,1
2025-11-06T11:00,2025-11-06,11,Thursday,11,0,21.7,44,20.9,0.0,4.4,563.0,1
2025-11-06T12:00,2025-11-06,12,Thursday,11,0,23.9,36,23.0,0.0,4.8,616.0,1
2025-11-06T13:00,2025-11-06,13,Thursday,11,0,25.0,30,23.9,0.0,4.4,605.0,1
2025-11-06T14:00,2025-11-06,14,Thursday,11,0,25.3,29,23.4,0.0,5.7,529.0,1
2025-11-06T15:00,2025-11-06,15,Thursday,11,0,24.8,31,23.1,0.0,5.6,399.0,1
2025-11-06T16:00,2025-11-06,16,Thursday,11,0,22.5,54,22.8,0.0,3.1,233.0,1
2025-11-06T17:00,2025-11-06,17,Thursday,11,0,19.2,52,18.8,0.0,2.0,70.0,1
2025-11-06T18:00,2025-11-06,18,Thursday,11,0,17.1,60,16.8,0.0,1.4,0.0,0
2025-11-06T19:00,2025-11-06,19,Thursday,11,0,14.8,72,14.5,0.0,1.5,0.0,0
2025-11-06T20:00,2025-11-06,20,Thursday,11,0,12.2,84,11.8,0.0,2.7,0.0,0
2025-11-06T21:00,2025-11-06,21,Thursday,11,0,10.8,90,10.1,0.0,3.1,0.0,0
2025-11-06T22:00,2025-11-06,22,Thursday,11,0,10.2,90,9.4,0.0,2.7,0.0,0
2025-11-06T23:00,2025-11-06,23,Thursday,11,0,10.4,92,10.1,0.0,0.3,0.0,0
2025-11-07T00:00,2025-11-07,0,Friday,11,1,9.8,92,9.2,0.0,1.1,0.0,0
2025-11-07T01:00,2025-11-07,1,Friday,11,1,9.4,91,8.7,0.0,1.4,0.0,0
2025-11-07T02:00,2025-11-07,2,Friday,11,1,8.9,91,8.0,0.0,2.0,0.0,0
2025-11-07T03:00,2025-11-07,3,Friday,11,1,8.8,90,7.9,0.0,1.0,0.0,0
2025-11-07T04:00,2025-11-07,4,Friday,11,1,8.4,89,7.4,0.0,1.3,0.0,0
2025-11-07T05:00,2025-11-07,5,Friday,11,1,8.8,93,8.0,0.0,0.7,0.0,0
2025-11-07T06:00,2025-11-07,6,Friday,11,1,8.4,88,7.3,0.0,1.8,0.0,0
2025-11-07T07:00,2025-11-07,7,Friday,11,1,8.6,85,7.4,0.0,1.4,7.0,1
2025-11-07T08:00,2025-11-07,8,Friday,11,1,11.3,76,10.2,0.0,2.7,112.0,1
2025-11-07T09:00,2025-11-07,9,Friday,11,1,15.6,65,14.9,0.0,2.9,284.0,1
2025-11-07T10:00,2025-11-07,10,Friday,11,1,18.1,51,17.0,0.0,4.2,443.0,1
2025-11-07T11:00,2025-11-07,11,Friday,11,1,20.8,45,20.0,0.0,3.1,558.0,1
2025-11-07T12:00,2025-11-07,12,Friday,11,1,23.4,38,22.8,0.0,3.5,611.0,1
2025-11-07T13:00,2025-11-07,13,Friday,11,1,24.8,34,24.1,0.0,3.5,601.0,1
2025-11-07T14:00,2025-11-07,14,Friday,11,1,25.4,33,24.3,0.0,3.6,526.0,1
2025-11-07T15:00,2025-11-07,15,Friday,11,1,25.0,34,23.9,0.0,3.7,396.0,1
2025-11-07T16:00,2025-11-07,16,Friday,11,1,22.8,56,23.6,0.0,2.6,229.0,1
2025-11-07T17:00,2025-11-07,17,Friday,11,1,19.6,51,19.1,0.0,2.2,67.0,1
2025-11-07T18:00,2025-11-07,18,Friday,11,1,17.5,58,17.1,0.0,1.1,0.0,0
2025-11-07T19:00,2025-11-07,19,Friday,11,1,15.2,68,14.9,0.0,1.5,0.0,0
2025-11-07T20:00,2025-11-07,20,Friday,11,1,12.9,79,12.3,0.0,3.1,0.0,0
2025-11-07T21:00,2025-11-07,21,Friday,11,1,11.2,86,10.3,0.0,4.6,0.0,0
2025-11-07T22:00,2025-11-07,22,Friday,11,1,10.6,86,9.5,0.0,4.7,0.0,0
2025-11-07T23:00,2025-11-07,23,Friday,11,1,10.8,84,10.0,0.0,2.1,0.0,0
2025-11-08T00:00,2025-11-08,0,Saturday,11,1,10.2,82,9.1,0.0,3.2,0.0,0
2025-11-08T01:00,2025-11-08,1,Saturday,11,1,9.8,81,8.3,0.0,3.7,0.0,0
2025-11-08T02:00,2025-11-08,2,Saturday,11,1,9.4,79,7.9,0.0,3.3,0.0,0
2025-11-08T03:00,2025-11-08,3,Saturday,11,1,9.0,78,7.4,0.0,3.5,0.0,0
2025-11-08T04:00,2025-11-08,4,Saturday,11,1,8.6,77,6.8,0.0,3.5,0.0,0
2025-11-08T05:00,2025-11-08,5,Saturday,11,1,12.1,61,10.7,0.0,0.4,0.0,0
2025-11-08T06:00,2025-11-08,6,Saturday,11,1,11.1,60,9.5,0.0,0.9,0.0,0
2025-11-08T07:00,2025-11-08,7,Saturday,11,1,10.4,62,8.8,0.0,1.3,6.0,1
2025-11-08T08:00,2025-11-08,8,Saturday,11,1,12.7,58,10.9,0.0,3.3,108.0,1
2025-11-08T09:00,2025-11-08,9,Saturday,11,1,16.1,53,14.8,0.0,3.1,276.0,1
2025-11-08T10:00,2025-11-08,10,Saturday,11,1,18.6,44,17.0,0.0,4.5,433.0,1
2025-11-08T11:00,2025-11-08,11,Saturday,11,1,20.5,41,19.2,0.0,3.9,545.0,1
2025-11-08T12:00,2025-11-08,12,Saturday,11,1,22.7,39,21.7,0.0,5.0,597.0,1
2025-11-08T13:00,2025-11-08,13,Saturday,11,1,24.0,36,22.7,0.0,6.2,587.0,1
2025-11-08T14:00,2025-11-08,14,Saturday,11,1,24.5,33,22.8,0.0,6.6,514.0,1
2025-11-08T15:00,2025-11-08,15,Saturday,11,1,24.2,32,22.4,0.0,6.3,387.0,1
2025-11-08T16:00,2025-11-08,16,Saturday,11,1,22.1,49,21.9,0.0,3.5,224.0,1
2025-11-08T17:00,2025-11-08,17,Saturday,11,1,19.9,46,19.1,0.0,1.6,64.0,1
2025-11-08T18:00,2025-11-08,18,Saturday,11,1,18.3,54,18.0,0.0,0.2,0.0,0
2025-11-08T19:00,2025-11-08,19,Saturday,11,1,16.1,59,15.4,0.0,2.2,0.0,0
2025-11-08T20:00,2025-11-08,20,Saturday,11,1,13.8,73,13.0,0.0,3.7,0.0,0
2025-11-08T21:00,2025-11-08,21,Saturday,11,1,11.9,82,11.0,0.0,4.5,0.0,0
2025-11-08T22:00,2025-11-08,22,Saturday,11,1,10.9,87,10.0,0.0,4.5,0.0,0
2025-11-08T23:00,2025-11-08,23,Saturday,11,1,11.1,86,10.7,0.0,1.2,0.0,0
2025-11-09T00:00,2025-11-09,0,Sunday,11,1,10.2,87,9.3,0.0,2.7,0.0,0
2025-11-09T01:00,2025-11-09,1,Sunday,11,1,9.9,86,8.7,0.0,3.4,0.0,0
2025-11-09T02:00,2025-11-09,2,Sunday,11,1,9.3,86,8.0,0.0,3.6,0.0,0
2025-11-09T03:00,2025-11-09,3,Sunday,11,1,9.0,85,7.7,0.0,3.2,0.0,0
2025-11-09T04:00,2025-11-09,4,Sunday,11,1,8.6,84,7.1,0.0,3.4,0.0,0
2025-11-09T05:00,2025-11-09,5,Sunday,11,1,10.0,77,9.0,0.0,0.4,0.0,0
2025-11-09T06:00,2025-11-09,6,Sunday,11,1,8.8,77,7.4,0.0,1.5,0.0,0
2025-11-09T07:00,2025-11-09,7,Sunday,11,1,8.6,77,7.1,0.0,0.9,6.0,1
2025-11-09T08:00,2025-11-09,8,Sunday,11,1,11.1,70,9.6,0.0,2.6,105.0,1
2025-11-09T09:00,2025-11-09,9,Sunday,11,1,14.9,58,13.5,0.0,3.7,272.0,1
2025-11-09T10:00,2025-11-09,10,Sunday,11,1,17.7,49,16.0,0.0,5.8,428.0,1
2025-11-09T11:00,2025-11-09,11,Sunday,11,1,20.1,45,19.0,0.0,4.1,540.0,1
2025-11-09T12:00,2025-11-09,12,Sunday,11,1,22.8,40,21.9,0.0,4.7,595.0,1
2025-11-09T13:00,2025-11-09,13,Sunday,11,1,24.2,36,23.1,0.0,5.2,585.0,1
2025-11-09T14:00,2025-11-09,14,Sunday,11,1,24.8,30,22.9,0.0,6.4,513.0,1
2025-11-09T15:00,2025-11-09,15,Sunday,11,1,24.4,29,22.1,0.0,7.1,386.0,1
2025-11-09T16:00,2025-11-09,16,Sunday,11,1,22.4,38,20.8,0.0,5.8,222.0,1
2025-11-09T17:00,2025-11-09,17,Sunday,11,1,18.5,49,17.0,0.0,5.2,63.0,1
2025-11-09T18:00,2025-11-09,18,Sunday,11,1,16.8,57,15.9,0.0,2.6,0.0,0
2025-11-09T19:00,2025-11-09,19,Sunday,11,1,14.5,71,13.9,0.0,2.6,0.0,0
2025-11-09T20:00,2025-11-09,20,Sunday,11,1,11.7,85,10.8,0.0,4.5,0.0,0
2025-11-09T21:00,2025-11-09,21,Sunday,11,1,10.2,91,9.3,0.0,4.2,0.0,0
2025-11-09T22:00,2025-11-09,22,Sunday,11,1,9.6,92,8.5,0.0,4.4,0.0,0
2025-11-09T23:00,2025-11-09,23,Sunday,11,1,9.7,90,9.0,0.0,1.5,0.0,0
2025-11-10T00:00,2025-11-10,0,Monday,11,0,8.9,90,7.6,0.0,4.2,0.0,0
2025-11-10T01:00,2025-11-10,1,Monday,11,0,8.5,88,6.9,0.0,4.8,0.0,0
2025-11-10T02:00,2025-11-10,2,Monday,11,0,8.4,83,6.5,0.0,5.5,0.0,0
2025-11-10T03:00,2025-11-10,3,Monday,11,0,8.1,81,6.0,0.0,5.4,0.0,0
2025-11-10T04:00,2025-11-10,4,Monday,11,0,7.4,83,5.5,0.0,4.2,0.0,0
2025-11-10T05:00,2025-11-10,5,Monday,11,0,9.5,73,8.2,0.0,0.4,0.0,0
2025-11-10T06:00,2025-11-10,6,Monday,11,0,9.2,69,7.4,0.0,2.3,0.0,0
2025-11-10T07:00,2025-11-10,7,Monday,11,0,8.7,69,6.7,0.0,3.0,5.0,1
2025-11-10T08:00,2025-11-10,8,Monday,11,0,11.4,64,9.6,0.0,4.1,102.0,1
2025-11-10T09:00,2025-11-10,9,Monday,11,0,15.6,57,14.7,0.0,1.5,269.0,1
2025-11-10T10:00,2025-11-10,10,Monday,11,0,18.5,42,16.8,0.0,4.3,425.0,1
2025-11-10T11:00,2025-11-10,11,Monday,11,0,20.3,40,18.6,0.0,4.9,538.0,1
2025-11-10T12:00,2025-11-10,12,Monday,11,0,22.1,37,20.8,0.0,5.2,592.0,1
2025-11-10T13:00,2025-11-10,13,Monday,11,0,23.3,33,21.8,0.0,4.9,581.0,1
2025-11-10T14:00,2025-11-10,14,Monday,11,0,23.8,30,21.9,0.0,4.3,508.0,1
2025-11-10T15:00,2025-11-10,15,Monday,11,0,23.6,29,21.7,0.0,4.1,381.0,1
2025-11-10T16:00,2025-11-10,16,Monday,11,0,22.0,47,21.9,0.0,1.3,217.0,1
2025-11-10T17:00,2025-11-10,17,Monday,11,0,19.0,45,17.7,0.0,2.7,61.0,1
2025-11-10T18:00,2025-11-10,18,Monday,11,0,17.4,53,16.6,0.0,1.2,0.0,0
2025-11-10T19:00,2025-11-10,19,Monday,11,0,15.1,64,14.3,0.0,1.8,0.0,0
2025-11-10T20:00,2025-11-10,20,Monday,11,0,12.1,78,11.0,0.0,4.8,0.0,0
2025-11-10T21:00,2025-11-10,21,Monday,11,0,10.6,85,9.4,0.0,5.3,0.0,0
2025-11-10T22:00,2025-11-10,22,Monday,11,0,9.7,88,8.4,0.0,5.0,0.0,0
2025-11-10T23:00,2025-11-10,23,Monday,11,0,10.1,86,9.1,0.0,2.7,0.0,0
2025-11-11T00:00,2025-11-11,0,Tuesday,11,0,8.9,91,7.7,0.0,4.0,0.0,0
2025-11-11T01:00,2025-11-11,1,Tuesday,11,0,8.6,92,7.3,0.0,4.2,0.0,0
2025-11-11T02:00,2025-11-11,2,Tuesday,11,0,8.4,90,7.0,0.0,4.5,0.0,0
2025-11-11T03:00,2025-11-11,3,Tuesday,11,0,8.1,88,6.5,0.0,4.4,0.0,0
2025-11-11T04:00,2025-11-11,4,Tuesday,11,0,7.8,87,6.0,0.0,4.3,0.0,0
2025-11-11T05:00,2025-11-11,5,Tuesday,11,0,9.4,77,8.2,0.0,1.0,0.0,0
2025-11-11T06:00,2025-11-11,6,Tuesday,11,0,8.6,77,6.8,0.0,3.1,0.0,0
2025-11-11T07:00,2025-11-11,7,Tuesday,11,0,8.4,77,6.8,0.0,2.6,5.0,1
2025-11-11T08:00,2025-11-11,8,Tuesday,11,0,11.4,68,9.8,0.0,3.5,98.0,1
2025-11-11T09:00,2025-11-11,9,Tuesday,11,0,15.4,61,14.7,0.0,1.5,262.0,1
2025-11-11T10:00,2025-11-11,10,Tuesday,11,0,18.6,46,17.3,0.0,3.4,417.0,1
2025-11-11T11:00,2025-11-11,11,Tuesday,11,0,20.7,41,19.3,0.0,4.2,530.0,1
2025-11-11T12:00,2025-11-11,12,Tuesday,11,0,22.8,35,21.4,0.0,5.0,585.0,1
2025-11-11T13:00,2025-11-11,13,Tuesday,11,0,23.9,32,22.3,0.0,5.4,575.0,1
2025-11-11T14:00,2025-11-11,14,Tuesday,11,0,24.1,30,22.1,0.0,6.2,502.0,1
2025-11-11T15:00,2025-11-11,15,Tuesday,11,0,23.6,31,21.5,0.0,6.8,376.0,1
2025-11-11T16:00,2025-11-11,16,Tuesday,11,0,21.5,44,20.4,0.0,4.8,214.0,1
2025-11-11T17:00,2025-11-11,17,Tuesday,11,0,17.8,55,16.6,0.0,5.3,59.0,1
2025-11-11T18:00,2025-11-11,18,Tuesday,11,0,15.9,64,15.3,0.0,2.8,0.0,0
2025-11-11T19:00,2025-11-11,19,Tuesday,11,0,13.8,75,13.4,0.0,1.5,0.0,0
2025-11-11T20:00,2025-11-11,20,Tuesday,11,0,11.8,84,11.3,0.0,1.9,0.0,0
2025-11-11T21:00,2025-11-11,21,Tuesday,11,0,10.0,91,9.1,0.0,3.9,0.0,0
2025-11-11T22:00,2025-11-11,22,Tuesday,11,0,9.2,93,8.3,0.0,3.4,0.0,0
2025-11-11T23:00,2025-11-11,23,Tuesday,11,0,9.6,93,9.1,0.0,1.0,0.0,0
2025-11-12T00:00,2025-11-12,0,Wednesday,11,0,9.0,91,7.9,0.0,3.2,0.0,0
2025-11-12T01:00,2025-11-12,1,Wednesday,11,0,9.0,86,7.9,0.0,2.3,0.0,0
2025-11-12T02:00,2025-11-12,2,Wednesday,11,0,8.4,86,7.1,0.0,2.7,0.0,0
2025-11-12T03:00,2025-11-12,3,Wednesday,11,0,8.1,85,6.8,0.0,2.2,0.0,0
2025-11-12T04:00,2025-11-12,4,Wednesday,11,0,8.1,83,6.8,0.0,1.5,0.0,0
2025-11-12T05:00,2025-11-12,5,Wednesday,11,0,9.9,78,8.8,0.0,0.6,0.0,0
2025-11-12T06:00,2025-11-12,6,Wednesday,11,0,9.1,75,7.7,0.0,1.8,0.0,0
2025-11-12T07:00,2025-11-12,7,Wednesday,11,0,8.7,75,7.2,0.0,1.5,4.0,1
2025-11-12T08:00,2025-11-12,8,Wednesday,11,0,11.1,68,9.6,0.0,2.5,96.0,1
2025-11-12T09:00,2025-11-12,9,Wednesday,11,0,14.8,60,13.7,0.0,2.4,259.0,1
2025-11-12T10:00,2025-11-12,10,Wednesday,11,0,17.6,50,16.3,0.0,4.6,413.0,1
2025-11-12T11:00,2025-11-12,11,Wednesday,11,0,20.0,46,18.9,0.0,4.0,525.0,1
2025-11-12T12:00,2025-11-12,12,Wednesday,11,0,22.3,41,21.3,0.0,5.2,578.0,1
2025-11-12T13:00,2025-11-12,13,Wednesday,11,0,23.5,38,22.1,0.0,6.6,565.0,1
2025-11-12T14:00,2025-11-12,14,Wednesday,11,0,23.8,35,22.1,0.0,7.4,493.0,1
2025-11-12T15:00,2025-11-12,15,Wednesday,11,0,23.4,35,21.5,0.0,7.6,369.0,1
2025-11-12T16:00,2025-11-12,16,Wednesday,11,0,21.6,43,20.2,0.0,7.0,210.0,1
2025-11-12T17:00,2025-11-12,17,Wednesday,11,0,17.5,56,16.6,0.0,4.2,57.0,1
2025-11-12T18:00,2025-11-12,18,Wednesday,11,0,16.3,62,16.0,0.0,0.6,0.0,0
2025-11-12T19:00,2025-11-12,19,Wednesday,11,0,14.2,71,13.6,0.0,2.3,0.0,0
2025-11-12T20:00,2025-11-12,20,Wednesday,11,0,12.4,80,11.8,0.0,2.6,0.0,0
2025-11-12T21:00,2025-11-12,21,Wednesday,11,0,10.8,88,9.9,0.0,4.0,0.0,0
2025-11-12T22:00,2025-11-12,22,Wednesday,11,0,10.0,90,9.0,0.0,4.4,0.0,0
2025-11-12T23:00,2025-11-12,23,Wednesday,11,0,10.1,88,9.4,0.0,1.4,0.0,0
2025-11-13T00:00,2025-11-13,0,Thursday,11,0,9.2,89,7.9,0.0,4.3,0.0,0
2025-11-13T01:00,2025-11-13,1,Thursday,11,0,8.9,87,7.4,0.0,4.9,0.0,0
2025-11-13T02:00,2025-11-13,2,Thursday,11,0,8.4,87,6.8,0.0,4.4,0.0,0
2025-11-13T03:00,2025-11-13,3,Thursday,11,0,7.8,87,6.3,0.0,3.8,0.0,0
2025-11-13T04:00,2025-11-13,4,Thursday,11,0,7.5,87,5.8,0.0,3.6,0.0,0
2025-11-13T05:00,2025-11-13,5,Thursday,11,0,9.3,79,8.2,0.0,0.2,0.0,0
2025-11-13T06:00,2025-11-13,6,Thursday,11,0,8.5,78,7.0,0.0,1.5,0.0,0
2025-11-13T07:00,2025-11-13,7,Thursday,11,0,8.5,75,7.0,0.0,1.0,4.0,1
2025-11-13T08:00,2025-11-13,8,Thursday,11,0,10.9,68,9.2,0.0,3.6,93.0,1
2025-11-13T09:00,2025-11-13,9,Thursday,11,0,14.4,57,13.0,0.0,3.1,255.0,1
2025-11-13T10:00,2025-11-13,10,Thursday,11,0,17.0,48,15.3,0.0,4.5,409.0,1
2025-11-13T11:00,2025-11-13,11,Thursday,11,0,19.2,44,17.8,0.0,4.0,522.0,1
2025-11-13T12:00,2025-11-13,12,Thursday,11,0,21.5,39,20.2,0.0,5.1,577.0,1
2025-11-13T13:00,2025-11-13,13,Thursday,11,0,22.8,37,21.2,0.0,6.5,568.0,1
2025-11-13T14:00,2025-11-13,14,Thursday,11,0,23.2,36,21.5,0.0,6.6,497.0,1
2025-11-13T15:00,2025-11-13,15,Thursday,11,0,23.0,37,21.3,0.0,6.4,371.0,1
2025-11-13T16:00,2025-11-13,16,Thursday,11,0,21.0,53,20.8,0.0,3.8,210.0,1
2025-11-13T17:00,2025-11-13,17,Thursday,11,0,17.7,54,16.8,0.0,3.2,56.0,1
2025-11-13T18:00,2025-11-13,18,Thursday,11,0,15.9,64,15.5,0.0,1.1,0.0,0
2025-11-13T19:00,2025-11-13,19,Thursday,11,0,13.7,74,13.2,0.0,1.9,0.0,0
2025-11-13T20:00,2025-11-13,20,Thursday,11,0,11.2,85,10.5,0.0,3.1,0.0,0
2025-11-13T21:00,2025-11-13,21,Thursday,11,0,10.0,90,9.0,0.0,3.9,0.0,0
2025-11-13T22:00,2025-11-13,22,Thursday,11,0,9.1,91,7.9,0.0,3.8,0.0,0
2025-11-13T23:00,2025-11-13,23,Thursday,11,0,8.9,90,7.9,0.0,1.5,0.0,0
2025-11-14T00:00,2025-11-14,0,Friday,11,1,7.9,87,6.4,0.0,3.5,0.0,0
2025-11-14T01:00,2025-11-14,1,Friday,11,1,7.8,84,6.1,0.0,3.4,0.0,0
2025-11-14T02:00,2025-11-14,2,Friday,11,1,7.3,83,5.5,0.0,3.3,0.0,0
2025-11-14T03:00,2025-11-14,3,Friday,11,1,6.9,84,5.2,0.0,2.7,0.0,0
2025-11-14T04:00,2025-11-14,4,Friday,11,1,7.1,82,5.5,0.0,1.0,0.0,0
2025-11-14T05:00,2025-11-14,5,Friday,11,1,8.9,75,7.5,0.0,0.8,0.0,0
2025-11-14T06:00,2025-11-14,6,Friday,11,1,8.2,73,6.3,0.0,2.7,0.0,0
2025-11-14T07:00,2025-11-14,7,Friday,11,1,7.9,70,5.9,0.0,2.6,3.0,1
2025-11-14T08:00,2025-11-14,8,Friday,11,1,10.2,65,8.0,0.0,4.9,92.0,1
2025-11-14T09:00,2025-11-14,9,Friday,11,1,13.9,53,12.1,0.0,3.3,255.0,1
2025-11-14T10:00,2025-11-14,10,Friday,11,1,16.6,42,14.7,0.0,2.9,410.0,1
2025-11-14T11:00,2025-11-14,11,Friday,11,1,18.8,39,17.0,0.0,3.3,523.0,1
2025-11-14T12:00,2025-11-14,12,Friday,11,1,20.8,36,19.4,0.0,2.7,577.0,1
2025-11-14T13:00,2025-11-14,13,Friday,11,1,21.9,36,20.6,0.0,2.9,567.0,1
2025-11-14T14:00,2025-11-14,14,Friday,11,1,22.5,36,21.2,0.0,3.4,495.0,1
2025-11-14T15:00,2025-11-14,15,Friday,11,1,22.6,36,21.4,0.0,2.8,369.0,1
2025-11-14T16:00,2025-11-14,16,Friday,11,1,21.1,53,21.4,0.0,0.7,208.0,1
2025-11-14T17:00,2025-11-14,17,Friday,11,1,18.9,50,18.4,0.0,0.3,55.0,1
2025-11-14T18:00,2025-11-14,18,Friday,11,1,16.4,58,15.5,0.0,2.2,0.0,0
2025-11-14T19:00,2025-11-14,19,Friday,11,1,13.6,72,12.6,0.0,4.4,0.0,0
2025-11-14T20:00,2025-11-14,20,Friday,11,1,11.4,83,10.4,0.0,5.0,0.0,0
2025-11-14T21:00,2025-11-14,21,Friday,11,1,10.1,89,9.0,0.0,4.6,0.0,0
2025-11-14T22:00,2025-11-14,22,Friday,11,1,9.2,90,8.1,0.0,4.1,0.0,0
2025-11-14T23:00,2025-11-14,23,Friday,11,1,9.1,89,8.3,0.0,1.1,0.0,0
2025-11-15T00:00,2025-11-15,0,Saturday,11,1,8.1,91,6.7,0.0,3.8,0.0,0
2025-11-15T01:00,2025-11-15,1,Saturday,11,1,7.4,91,5.9,0.0,3.6,0.0,0
2025-11-15T02:00,2025-11-15,2,Saturday,11,1,6.9,90,5.3,0.0,3.2,0.0,0
2025-11-15T03:00,2025-11-15,3,Saturday,11,1,6.7,88,4.9,0.0,3.2,0.0,0
2025-11-15T04:00,2025-11-15,4,Saturday,11,1,6.7,85,5.0,0.0,2.2,0.0,0
2025-11-15T05:00,2025-11-15,5,Saturday,11,1,7.8,81,6.5,0.0,0.6,0.0,0
2025-11-15T06:00,2025-11-15,6,Saturday,11,1,7.1,77,5.2,0.0,2.3,0.0,0
2025-11-15T07:00,2025-11-15,7,Saturday,11,1,6.8,74,4.8,0.0,2.1,3.0,1
2025-11-15T08:00,2025-11-15,8,Saturday,11,1,9.4,67,7.4,0.0,3.1,91.0,1
2025-11-15T09:00,2025-11-15,9,Saturday,11,1,13.5,62,12.3,0.0,2.0,254.0,1
2025-11-15T10:00,2025-11-15,10,Saturday,11,1,16.2,47,14.3,0.0,4.8,409.0,1
2025-11-15T11:00,2025-11-15,11,Saturday,11,1,18.5,43,16.9,0.0,3.7,522.0,1
2025-11-15T12:00,2025-11-15,12,Saturday,11,1,20.8,39,19.5,0.0,3.8,576.0,1
2025-11-15T13:00,2025-11-15,13,Saturday,11,1,22.1,38,20.9,0.0,4.0,565.0,1
2025-11-15T14:00,2025-11-15,14,Saturday,11,1,22.6,36,21.2,0.0,4.4,494.0,1
2025-11-15T15:00,2025-11-15,15,Saturday,11,1,22.5,35,20.9,0.0,4.3,368.0,1
2025-11-15T16:00,2025-11-15,16,Saturday,11,1,20.7,52,20.7,0.0,1.3,206.0,1
2025-11-15T17:00,2025-11-15,17,Saturday,11,1,18.3,49,17.5,0.0,0.8,54.0,1
2025-11-15T18:00,2025-11-15,18,Saturday,11,1,16.5,53,15.6,0.0,0.8,0.0,0
2025-11-15T19:00,2025-11-15,19,Saturday,11,1,13.4,71,12.4,0.0,3.5,0.0,0
2025-11-15T20:00,2025-11-15,20,Saturday,11,1,10.9,86,10.0,0.0,4.3,0.0,0
2025-11-15T21:00,2025-11-15,21,Saturday,11,1,9.9,91,8.9,0.0,4.4,0.0,0
2025-11-15T22:00,2025-11-15,22,Saturday,11,1,8.9,92,7.8,0.0,3.5,0.0,0
2025-11-15T23:00,2025-11-15,23,Saturday,11,1,9.1,91,8.5,0.0,0.4,0.0,0
2025-11-16T00:00,2025-11-16,0,Sunday,11,1,8.1,92,6.8,0.0,3.2,0.0,0
2025-11-16T01:00,2025-11-16,1,Sunday,11,1,8.0,90,6.8,0.0,2.3,0.0,0
2025-11-16T02:00,2025-11-16,2,Sunday,11,1,7.8,88,6.4,0.0,2.4,0.0,0
2025-11-16T03:00,2025-11-16,3,Sunday,11,1,7.6,86,6.3,0.0,1.5,0.0,0
2025-11-16T04:00,2025-11-16,4,Sunday,11,1,7.2,85,5.5,0.0,2.4,0.0,0
2025-11-16T05:00,2025-11-16,5,Sunday,11,1,7.8,88,6.7,0.0,0.6,0.0,0
2025-11-16T06:00,2025-11-16,6,Sunday,11,1,7.4,82,5.8,0.0,2.3,0.0,0
2025-11-16T07:00,2025-11-16,7,Sunday,11,1,7.3,78,5.6,0.0,2.1,3.0,1
2025-11-16T08:00,2025-11-16,8,Sunday,11,1,9.9,68,8.0,0.0,3.5,86.0,1
2025-11-16T09:00,2025-11-16,9,Sunday,11,1,13.3,57,11.6,0.0,3.0,245.0,1
2025-11-16T10:00,2025-11-16,10,Sunday,11,1,15.6,50,14.0,0.0,3.6,398.0,1
2025-11-16T11:00,2025-11-16,11,Sunday,11,1,18.0,45,16.4,0.0,4.0,502.0,1
2025-11-16T12:00,2025-11-16,12,Sunday,11,1,20.5,41,19.0,0.0,4.8,561.0,1
2025-11-16T13:00,2025-11-16,13,Sunday,11,1,21.8,39,20.4,0.0,5.0,555.0,1
2025-11-16T14:00,2025-11-16,14,Sunday,11,1,22.2,39,20.9,0.0,4.7,484.0,1
2025-11-16T15:00,2025-11-16,15,Sunday,11,1,22.1,39,20.7,0.0,5.2,359.0,1
2025-11-16T16:00,2025-11-16,16,Sunday,11,1,20.0,56,19.8,0.0,3.4,201.0,1
2025-11-16T17:00,2025-11-16,17,Sunday,11,1,18.0,51,17.2,0.0,1.4,51.0,1
2025-11-16T18:00,2025-11-16,18,Sunday,11,1,16.5,56,15.8,0.0,0.4,0.0,0
2025-11-16T19:00,2025-11-16,19,Sunday,11,1,14.1,69,13.4,0.0,2.2,0.0,0
2025-11-16T20:00,2025-11-16,20,Sunday,11,1,12.1,81,11.4,0.0,2.8,0.0,0
2025-11-16T21:00,2025-11-16,21,Sunday,11,1,10.6,89,9.8,0.0,3.7,0.0,0
2025-11-16T22:00,2025-11-16,22,Sunday,11,1,9.6,92,8.6,0.0,4.1,0.0,0
2025-11-16T23:00,2025-11-16,23,Sunday,11,1,10.1,88,9.6,0.0,1.0,0.0,0
2025-11-17T00:00,2025-11-17,0,Monday,11,0,9.6,86,8.7,0.0,2.1,0.0,0
2025-11-17T01:00,2025-11-17,1,Monday,11,0,9.0,85,7.7,0.0,3.3,0.0,0
2025-11-17T02:00,2025-11-17,2,Monday,11,0,8.2,85,6.7,0.0,3.6,0.0,0
2025-11-17T03:00,2025-11-17,3,Monday,11,0,7.7,83,6.0,0.0,3.2,0.0,0
2025-11-17T04:00,2025-11-17,4,Monday,11,0,7.3,82,5.7,0.0,1.9,0.0,0
2025-11-17T05:00,2025-11-17,5,Monday,11,0,8.2,81,6.9,0.0,0.4,0.0,0
2025-11-17T06:00,2025-11-17,6,Monday,11,0,7.5,76,5.6,0.0,2.8,0.0,0
2025-11-17T07:00,2025-11-17,7,Monday,11,0,7.2,71,5.0,0.0,2.9,2.0,1
2025-11-17T08:00,2025-11-17,8,Monday,11,0,9.7,63,7.5,0.0,4.2,84.0,1
2025-11-17T09:00,2025-11-17,9,Monday,11,0,13.4,54,11.8,0.0,2.5,243.0,1
2025-11-17T10:00,2025-11-17,10,Monday,11,0,16.1,46,14.3,0.0,3.5,395.0,1
2025-11-17T11:00,2025-11-17,11,Monday,11,0,17.6,46,16.3,0.0,2.4,507.0,1
2025-11-17T12:00,2025-11-17,12,Monday,11,0,20.0,42,18.9,0.0,2.2,561.0,1
2025-11-17T13:00,2025-11-17,13,Monday,11,0,21.1,40,20.1,0.0,1.9,552.0,1
2025-11-17T14:00,2025-11-17,14,Monday,11,0,21.6,39,20.7,0.0,2.0,479.0,1
2025-11-17T15:00,2025-11-17,15,Monday,11,0,21.5,40,20.7,0.0,1.1,354.0,1
2025-11-17T16:00,2025-11-17,16,Monday,11,0,20.0,58,20.1,0.0,2.1,196.0,1
2025-11-17T17:00,2025-11-17,17,Monday,11,0,16.8,61,15.9,0.0,4.5,49.0,1
2025-11-17T18:00,2025-11-17,18,Monday,11,0,15.2,70,14.5,0.0,4.6,0.0,0
2025-11-17T19:00,2025-11-17,19,Monday,11,0,13.4,76,12.4,0.0,5.6,0.0,0
2025-11-17T20:00,2025-11-17,20,Monday,11,0,12.1,81,11.1,0.0,4.7,0.0,0
2025-11-17T21:00,2025-11-17,21,Monday,11,0,10.8,87,9.7,0.0,4.7,0.0,0
2025-11-17T22:00,2025-11-17,22,Monday,11,0,9.9,88,8.7,0.0,5.2,0.0,0
2025-11-17T23:00,2025-11-17,23,Monday,11,0,9.8,86,8.5,0.0,4.4,0.0,0
2025-11-18T00:00,2025-11-18,0,Tuesday,11,0,9.4,86,8.0,0.0,4.8,0.0,0
2025-11-18T01:00,2025-11-18,1,Tuesday,11,0,8.8,87,7.2,0.0,4.6,0.0,0
2025-11-18T02:00,2025-11-18,2,Tuesday,11,0,8.2,86,6.7,0.0,3.9,0.0,0
2025-11-18T03:00,2025-11-18,3,Tuesday,11,0,8.0,86,6.3,0.0,4.3,0.0,0
2025-11-18T04:00,2025-11-18,4,Tuesday,11,0,7.8,86,6.0,0.0,4.4,0.0,0
2025-11-18T05:00,2025-11-18,5,Tuesday,11,0,9.1,73,7.6,0.0,1.5,0.0,0
2025-11-18T06:00,2025-11-18,6,Tuesday,11,0,8.4,75,6.5,0.0,3.1,0.0,0
2025-11-18T07:00,2025-11-18,7,Tuesday,11,0,8.2,77,6.6,0.0,1.8,2.0,1
2025-11-18T08:00,2025-11-18,8,Tuesday,11,0,10.6,69,9.1,0.0,2.5,80.0,1
2025-11-18T09:00,2025-11-18,9,Tuesday,11,0,14.4,62,13.4,0.0,1.7,235.0,1
2025-11-18T10:00,2025-11-18,10,Tuesday,11,0,17.2,49,15.8,0.0,4.0,387.0,1
2025-11-18T11:00,2025-11-18,11,Tuesday,11,0,19.3,46,18.1,0.0,4.0,498.0,1
2025-11-18T12:00,2025-11-18,12,Tuesday,11,0,21.4,43,20.4,0.0,4.2,552.0,1
2025-11-18T13:00,2025-11-18,13,Tuesday,11,0,22.5,40,21.4,0.0,4.8,544.0,1
2025-11-18T14:00,2025-11-18,14,Tuesday,11,0,23.0,36,21.4,0.0,5.9,475.0,1
2025-11-18T15:00,2025-11-18,15,Tuesday,11,0,22.6,35,20.9,0.0,6.1,352.0,1
2025-11-18T16:00,2025-11-18,16,Tuesday,11,0,20.8,46,19.8,0.0,4.6,195.0,1
2025-11-18T17:00,2025-11-18,17,Tuesday,11,0,17.7,57,17.0,0.0,3.1,48.0,1
2025-11-18T18:00,2025-11-18,18,Tuesday,11,0,16.8,61,16.5,0.0,0.8,0.0,0
2025-11-18T19:00,2025-11-18,19,Tuesday,11,0,14.6,71,14.0,0.0,3.4,0.0,0
2025-11-18T20:00,2025-11-18,20,Tuesday,11,0,12.2,82,11.4,0.0,4.3,0.0,0
2025-11-18T21:00,2025-11-18,21,Tuesday,11,0,10.6,89,9.7,0.0,4.3,0.0,0
2025-11-18T22:00,2025-11-18,22,Tuesday,11,0,10.0,92,9.0,0.0,4.7,0.0,0
2025-11-18T23:00,2025-11-18,23,Tuesday,11,0,10.0,90,9.2,0.0,2.9,0.0,0
2025-11-19T00:00,2025-11-19,0,Wednesday,11,0,8.9,93,7.6,0.0,4.7,0.0,0
2025-11-19T01:00,2025-11-19,1,Wednesday,11,0,8.4,92,7.0,0.0,4.7,0.0,0
2025-11-19T02:00,2025-11-19,2,Wednesday,11,0,8.0,92,6.5,0.0,4.7,0.0,0
2025-11-19T03:00,2025-11-19,3,Wednesday,11,0,7.8,91,6.3,0.0,4.4,0.0,0
2025-11-19T04:00,2025-11-19,4,Wednesday,11,0,7.4,91,5.8,0.0,4.0,0.0,0
2025-11-19T05:00,2025-11-19,5,Wednesday,11,0,7.1,91,5.5,0.0,3.7,0.0,0
2025-11-19T06:00,2025-11-19,6,Wednesday,11,0,6.7,92,5.0,0.0,3.6,0.0,0
2025-11-19T07:00,2025-11-19,7,Wednesday,11,0,6.7,92,5.0,0.0,3.6,2.0,1
2025-11-19T08:00,2025-11-19,8,Wednesday,11,0,9.6,81,8.0,0.0,5.2,79.0,1
2025-11-19T09:00,2025-11-19,9,Wednesday,11,0,14.4,65,13.5,0.0,3.0,233.0,1
2025-11-19T10:00,2025-11-19,10,Wednesday,11,0,17.7,50,16.8,0.0,0.7,384.0,1
2025-11-19T11:00,2025-11-19,11,Wednesday,11,0,19.1,40,17.9,0.0,0.7,494.0,1
2025-11-19T12:00,2025-11-19,12,Wednesday,11,0,21.0,37,19.9,0.0,0.5,550.0,1
2025-11-19T13:00,2025-11-19,13,Wednesday,11,0,21.9,34,20.6,0.0,0.9,541.0,1
2025-11-19T14:00,2025-11-19,14,Wednesday,11,0,22.1,31,20.7,0.0,0.7,472.0,1
2025-11-19T15:00,2025-11-19,15,Wednesday,11,0,21.9,32,20.2,0.0,1.9,349.0,1
2025-11-19T16:00,2025-11-19,16,Wednesday,11,0,20.0,45,18.8,0.0,3.5,192.0,1
2025-11-19T17:00,2025-11-19,17,Wednesday,11,0,16.8,53,15.4,0.0,4.7,48.0,1
2025-11-19T18:00,2025-11-19,18,Wednesday,11,0,15.6,57,14.0,0.0,5.2,0.0,0
2025-11-19T19:00,2025-11-19,19,Wednesday,11,0,13.9,64,12.5,0.0,4.6,0.0,0
2025-11-19T20:00,2025-11-19,20,Wednesday,11,0,11.9,73,10.6,0.0,4.6,0.0,0
2025-11-19T21:00,2025-11-19,21,Wednesday,11,0,10.9,79,9.5,0.0,4.6,0.0,0
2025-11-19T22:00,2025-11-19,22,Wednesday,11,0,10.2,81,8.9,0.0,4.3,0.0,0
2025-11-19T23:00,2025-11-19,23,Wednesday,11,0,10.9,72,9.5,0.0,2.8,0.0,0
2025-11-20T00:00,2025-11-20,0,Thursday,11,0,9.8,79,8.3,0.0,3.9,0.0,0
2025-11-20T01:00,2025-11-20,1,Thursday,11,0,9.1,86,7.8,0.0,3.6,0.0,0
2025-11-20T02:00,2025-11-20,2,Thursday,11,0,8.5,89,7.2,0.0,3.5,0.0,0
2025-11-20T03:00,2025-11-20,3,Thursday,11,0,8.4,88,7.1,0.0,2.9,0.0,0
2025-11-20T04:00,2025-11-20,4,Thursday,11,0,8.4,87,7.2,0.0,1.8,0.0,0
2025-11-20T05:00,2025-11-20,5,Thursday,11,0,8.8,86,7.8,0.0,0.4,0.0,0
2025-11-20T06:00,2025-11-20,6,Thursday,11,0,7.7,89,6.5,0.0,1.0,0.0,0
2025-11-20T07:00,2025-11-20,7,Thursday,11,0,7.4,90,6.2,0.0,0.8,1.0,1
2025-11-20T08:00,2025-11-20,8,Thursday,11,0,9.9,81,8.6,0.0,2.9,75.0,1
2025-11-20T09:00,2025-11-20,9,Thursday,11,0,13.8,66,12.7,0.0,3.1,227.0,1
2025-11-20T10:00,2025-11-20,10,Thursday,11,0,16.6,55,15.4,0.0,4.1,377.0,1
2025-11-20T11:00,2025-11-20,11,Thursday,11,0,18.5,50,17.4,0.0,3.3,487.0,1
2025-11-20T12:00,2025-11-20,12,Thursday,11,0,20.9,44,19.9,0.0,3.1,541.0,1
2025-11-20T13:00,2025-11-20,13,Thursday,11,0,22.1,39,21.1,0.0,2.7,533.0,1
2025-11-20T14:00,2025-11-20,14,Thursday,11,0,22.5,37,21.4,0.0,2.5,464.0,1
2025-11-20T15:00,2025-11-20,15,Thursday,11,0,22.2,37,21.2,0.0,1.8,343.0,1
2025-11-20T16:00,2025-11-20,16,Thursday,11,0,21.0,52,21.1,0.0,0.4,188.0,1
2025-11-20T17:00,2025-11-20,17,Thursday,11,0,19.1,54,18.9,0.0,0.2,46.0,1
2025-11-20T18:00,2025-11-20,18,Thursday,11,0,17.3,56,16.6,0.0,1.7,0.0,0
2025-11-20T19:00,2025-11-20,19,Thursday,11,0,15.2,65,14.3,0.0,3.5,0.0,0
2025-11-20T20:00,2025-11-20,20,Thursday,11,0,13.1,74,12.1,0.0,4.9,0.0,0
2025-11-20T21:00,2025-11-20,21,Thursday,11,0,11.6,81,10.5,0.0,5.3,0.0,0
2025-11-20T22:00,2025-11-20,22,Thursday,11,0,10.7,85,9.5,0.0,5.4,0.0,0
2025-11-20T23:00,2025-11-20,23,Thursday,11,0,10.6,84,9.4,0.0,5.1,0.0,0
2025-11-21T00:00,2025-11-21,0,Friday,11,1,9.7,89,8.5,0.0,4.8,0.0,0
2025-11-21T01:00,2025-11-21,1,Friday,11,1,9.0,92,7.8,0.0,4.3,0.0,0
2025-11-21T02:00,2025-11-21,2,Friday,11,1,8.6,92,7.4,0.0,3.9,0.0,0
2025-11-21T03:00,2025-11-21,3,Friday,11,1,8.4,92,7.1,0.0,3.9,0.0,0
2025-11-21T04:00,2025-11-21,4,Friday,11,1,8.2,93,6.9,0.0,3.9,0.0,0
2025-11-21T05:00,2025-11-21,5,Friday,11,1,9.8,84,8.9,0.0,0.7,0.0,0
2025-11-21T06:00,2025-11-21,6,Friday,11,1,9.0,85,7.9,0.0,1.5,0.0,0
2025-11-21T07:00,2025-11-21,7,Friday,11,1,8.6,86,7.5,0.0,1.7,1.0,1
2025-11-21T08:00,2025-11-21,8,Friday,11,1,10.8,80,9.6,0.0,3.3,72.0,1
2025-11-21T09:00,2025-11-21,9,Friday,11,1,14.6,68,13.9,0.0,2.7,221.0,1
2025-11-21T10:00,2025-11-21,10,Friday,11,1,17.5,53,16.4,0.0,4.4,369.0,1
2025-11-21T11:00,2025-11-21,11,Friday,11,1,19.2,49,18.2,0.0,3.6,478.0,1
2025-11-21T12:00,2025-11-21,12,Friday,11,1,21.2,43,20.1,0.0,4.4,533.0,1
2025-11-21T13:00,2025-11-21,13,Friday,11,1,22.2,41,21.1,0.0,4.9,526.0,1
2025-11-21T14:00,2025-11-21,14,Friday,11,1,22.5,40,21.5,0.0,4.4,457.0,1
2025-11-21T15:00,2025-11-21,15,Friday,11,1,22.4,38,21.2,0.0,3.2,338.0,1
2025-11-21T16:00,2025-11-21,16,Friday,11,1,21.0,54,21.3,0.0,0.6,185.0,1
2025-11-21T17:00,2025-11-21,17,Friday,11,1,18.4,57,17.9,0.0,2.4,45.0,1
2025-11-21T18:00,2025-11-21,18,Friday,11,1,17.1,63,16.9,0.0,1.1,0.0,0
2025-11-21T19:00,2025-11-21,19,Friday,11,1,15.2,71,14.9,0.0,2.0,0.0,0
2025-11-21T20:00,2025-11-21,20,Friday,11,1,12.9,81,12.4,0.0,3.4,0.0,0
2025-11-21T21:00,2025-11-21,21,Friday,11,1,11.4,89,10.6,0.0,4.5,0.0,0
2025-11-21T22:00,2025-11-21,22,Friday,11,1,10.6,91,9.7,0.0,3.9,0.0,0
2025-11-21T23:00,2025-11-21,23,Friday,11,1,10.1,93,9.8,0.0,0.9,0.0,0
2025-11-22T00:00,2025-11-22,0,Saturday,11,1,9.3,94,8.4,0.0,3.3,0.0,0
2025-11-22T01:00,2025-11-22,1,Saturday,11,1,8.9,93,8.0,0.0,3.1,0.0,0
2025-11-22T02:00,2025-11-22,2,Saturday,11,1,8.8,92,7.9,0.0,1.7,0.0,0
2025-11-22T03:00,2025-11-22,3,Saturday,11,1,8.6,92,7.8,0.0,0.8,0.0,0
2025-11-22T04:00,2025-11-22,4,Saturday,11,1,8.4,91,7.4,0.0,1.3,0.0,0
2025-11-22T05:00,2025-11-22,5,Saturday,11,1,8.1,96,7.2,0.0,1.1,0.0,0
2025-11-22T06:00,2025-11-22,6,Saturday,11,1,7.2,94,5.9,0.0,2.1,0.0,0
2025-11-22T07:00,2025-11-22,7,Saturday,11,1,7.1,91,5.9,0.0,0.9,1.0,1
2025-11-22T08:00,2025-11-22,8,Saturday,11,1,9.4,82,8.1,0.0,2.8,71.0,1
2025-11-22T09:00,2025-11-22,9,Saturday,11,1,13.1,70,11.9,0.0,4.0,221.0,1
2025-11-22T10:00,2025-11-22,10,Saturday,11,1,15.9,60,14.6,0.0,5.7,371.0,1
2025-11-22T11:00,2025-11-22,11,Saturday,11,1,18.5,54,17.5,0.0,4.7,482.0,1
2025-11-22T12:00,2025-11-22,12,Saturday,11,1,20.8,46,19.5,0.0,6.7,536.0,1
2025-11-22T13:00,2025-11-22,13,Saturday,11,1,21.6,42,20.1,0.0,7.6,529.0,1
2025-11-22T14:00,2025-11-22,14,Saturday,11,1,21.8,41,20.1,0.0,7.7,460.0,1
2025-11-22T15:00,2025-11-22,15,Saturday,11,1,21.2,41,19.5,0.0,7.3,340.0,1
2025-11-22T16:00,2025-11-22,16,Saturday,11,1,19.1,54,18.6,0.0,3.6,187.0,1
2025-11-22T17:00,2025-11-22,17,Saturday,11,1,17.0,53,16.2,0.0,0.9,45.0,1
2025-11-22T18:00,2025-11-22,18,Saturday,11,1,15.5,58,14.6,0.0,1.3,0.0,0
2025-11-22T19:00,2025-11-22,19,Saturday,11,1,13.9,67,12.8,0.0,3.4,0.0,0
2025-11-22T20:00,2025-11-22,20,Saturday,11,1,12.2,80,11.3,0.0,3.7,0.0,0
2025-11-22T21:00,2025-11-22,21,Saturday,11,1,10.4,88,9.4,0.0,4.6,0.0,0
2025-11-22T22:00,2025-11-22,22,Saturday,11,1,9.7,93,8.5,0.0,5.6,0.0,0
2025-11-22T23:00,2025-11-22,23,Saturday,11,1,8.9,96,7.8,0.0,4.0,0.0,0
2025-11-23T00:00,2025-11-23,0,Sunday,11,1,8.6,95,7.4,0.0,5.0,0.0,0
2025-11-23T01:00,2025-11-23,1,Sunday,11,1,8.2,95,6.9,0.0,4.5,0.0,0
2025-11-23T02:00,2025-11-23,2,Sunday,11,1,7.8,95,6.4,0.0,4.1,0.0,0
2025-11-23T03:00,2025-11-23,3,Sunday,11,1,7.6,94,6.1,0.0,4.3,0.0,0
2025-11-23T04:00,2025-11-23,4,Sunday,11,1,7.1,94,5.6,0.0,4.1,0.0,0
2025-11-23T05:00,2025-11-23,5,Sunday,11,1,8.1,87,7.0,0.0,1.5,0.0,0
2025-11-23T06:00,2025-11-23,6,Sunday,11,1,8.0,83,6.5,0.0,2.4,0.0,0
2025-11-23T07:00,2025-11-23,7,Sunday,11,1,7.8,82,6.2,0.0,2.7,1.0,1
2025-11-23T08:00,2025-11-23,8,Sunday,11,1,10.2,74,8.7,0.0,3.3,69.0,1
2025-11-23T09:00,2025-11-23,9,Sunday,11,1,13.8,66,12.9,0.0,2.2,221.0,1
2025-11-23T10:00,2025-11-23,10,Sunday,11,1,16.8,52,15.6,0.0,2.6,372.0,1
2025-11-23T11:00,2025-11-23,11,Sunday,11,1,18.5,45,17.2,0.0,2.9,483.0,1
2025-11-23T12:00,2025-11-23,12,Sunday,11,1,20.2,40,18.6,0.0,4.4,539.0,1
2025-11-23T13:00,2025-11-23,13,Sunday,11,1,21.0,36,19.1,0.0,5.4,532.0,1
2025-11-23T14:00,2025-11-23,14,Sunday,11,1,21.2,35,19.3,0.0,5.4,465.0,1
2025-11-23T15:00,2025-11-23,15,Sunday,11,1,21.0,36,19.2,0.0,4.3,343.0,1
2025-11-23T16:00,2025-11-23,16,Sunday,11,1,19.6,53,19.6,0.0,0.3,189.0,1
2025-11-23T17:00,2025-11-23,17,Sunday,11,1,17.4,50,16.4,0.0,0.7,45.0,1
2025-11-23T18:00,2025-11-23,18,Sunday,11,1,15.9,55,14.9,0.0,0.9,0.0,0
2025-11-23T19:00,2025-11-23,19,Sunday,11,1,13.5,67,12.6,0.0,1.8,0.0,0
2025-11-23T20:00,2025-11-23,20,Sunday,11,1,10.6,83,9.6,0.0,3.7,0.0,0
2025-11-23T21:00,2025-11-23,21,Sunday,11,1,9.2,90,8.0,0.0,3.8,0.0,0
2025-11-23T22:00,2025-11-23,22,Sunday,11,1,8.4,92,7.1,0.0,3.7,0.0,0
2025-11-23T23:00,2025-11-23,23,Sunday,11,1,8.2,93,7.3,0.0,1.6,0.0,0
2025-11-24T00:00,2025-11-24,0,Monday,11,0,7.7,92,6.3,0.0,3.1,0.0,0
2025-11-24T01:00,2025-11-24,1,Monday,11,0,7.6,91,6.2,0.0,2.4,0.0,0
2025-11-24T02:00,2025-11-24,2,Monday,11,0,6.8,93,5.3,0.0,3.1,0.0,0
2025-11-24T03:00,2025-11-24,3,Monday,11,0,6.3,93,4.7,0.0,3.2,0.0,0
2025-11-24T04:00,2025-11-24,4,Monday,11,0,6.2,92,4.6,0.0,2.5,0.0,0
2025-11-24T05:00,2025-11-24,5,Monday,11,0,7.6,85,6.4,0.0,0.3,0.0,0
2025-11-24T06:00,2025-11-24,6,Monday,11,0,7.2,83,5.6,0.0,1.3,0.0,0
2025-11-24T07:00,2025-11-24,7,Monday,11,0,6.7,84,4.9,0.0,2.3,1.0,1
2025-11-24T08:00,2025-11-24,8,Monday,11,0,8.9,77,7.2,0.0,3.4,68.0,1
2025-11-24T09:00,2025-11-24,9,Monday,11,0,12.2,67,11.1,0.0,1.7,219.0,1
2025-11-24T10:00,2025-11-24,10,Monday,11,0,15.1,54,13.7,0.0,1.6,369.0,1
2025-11-24T11:00,2025-11-24,11,Monday,11,0,17.4,49,16.1,0.0,2.4,481.0,1
2025-11-24T12:00,2025-11-24,12,Monday,11,0,19.5,44,18.1,0.0,3.7,536.0,1
2025-11-24T13:00,2025-11-24,13,Monday,11,0,20.4,41,19.0,0.0,4.0,530.0,1
2025-11-24T14:00,2025-11-24,14,Monday,11,0,20.8,38,19.1,0.0,4.3,463.0,1
2025-11-24T15:00,2025-11-24,15,Monday,11,0,20.5,37,18.7,0.0,4.7,342.0,1
2025-11-24T16:00,2025-11-24,16,Monday,11,0,18.9,53,18.5,0.0,1.2,187.0,1
2025-11-24T17:00,2025-11-24,17,Monday,11,0,16.3,52,15.2,0.0,1.5,44.0,1
2025-11-24T18:00,2025-11-24,18,Monday,11,0,14.6,62,13.7,0.0,1.8,0.0,0
2025-11-24T19:00,2025-11-24,19,Monday,11,0,11.9,78,11.0,0.0,2.9,0.0,0
2025-11-24T20:00,2025-11-24,20,Monday,11,0,9.4,89,8.5,0.0,2.8,0.0,0
2025-11-24T21:00,2025-11-24,21,Monday,11,0,8.2,94,7.0,0.0,3.1,0.0,0
2025-11-24T22:00,2025-11-24,22,Monday,11,0,7.4,95,6.2,0.0,2.8,0.0,0
2025-11-24T23:00,2025-11-24,23,Monday,11,0,7.3,100,6.6,0.0,0.7,0.0,0
2025-11-25T00:00,2025-11-25,0,Tuesday,11,0,6.7,97,5.2,0.0,3.5,0.0,0
2025-11-25T01:00,2025-11-25,1,Tuesday,11,0,6.8,92,5.4,0.0,1.9,0.0,0
2025-11-25T02:00,2025-11-25,2,Tuesday,11,0,6.7,91,5.3,0.0,1.2,0.0,0
2025-11-25T03:00,2025-11-25,3,Tuesday,11,0,6.3,90,4.8,0.0,1.9,0.0,0
2025-11-25T04:00,2025-11-25,4,Tuesday,11,0,5.9,90,4.4,0.0,1.7,0.0,0
2025-11-25T05:00,2025-11-25,5,Tuesday,11,0,6.8,86,5.4,0.0,0.9,0.0,0
2025-11-25T06:00,2025-11-25,6,Tuesday,11,0,6.2,86,4.4,0.0,2.2,0.0,0
2025-11-25T07:00,2025-11-25,7,Tuesday,11,0,5.7,86,3.9,0.0,1.5,1.0,1
2025-11-25T08:00,2025-11-25,8,Tuesday,11,0,7.9,78,6.1,0.0,3.1,66.0,1
2025-11-25T09:00,2025-11-25,9,Tuesday,11,0,11.5,69,10.2,0.0,1.9,216.0,1
2025-11-25T10:00,2025-11-25,10,Tuesday,11,0,14.2,56,12.4,0.0,5.0,367.0,1
2025-11-25T11:00,2025-11-25,11,Tuesday,11,0,16.4,52,14.8,0.0,4.2,479.0,1
2025-11-25T12:00,2025-11-25,12,Tuesday,11,0,18.9,46,17.4,0.0,5.0,535.0,1
2025-11-25T13:00,2025-11-25,13,Tuesday,11,0,20.0,43,18.5,0.0,5.7,529.0,1
2025-11-25T14:00,2025-11-25,14,Tuesday,11,0,20.5,41,18.7,0.0,6.6,462.0,1
2025-11-25T15:00,2025-11-25,15,Tuesday,11,0,20.1,41,18.3,0.0,6.5,341.0,1
2025-11-25T16:00,2025-11-25,16,Tuesday,11,0,18.0,56,17.2,0.0,3.7,187.0,1
2025-11-25T17:00,2025-11-25,17,Tuesday,11,0,15.1,59,14.1,0.0,2.3,44.0,1
2025-11-25T18:00,2025-11-25,18,Tuesday,11,0,13.6,67,13.0,0.0,0.4,0.0,0
2025-11-25T19:00,2025-11-25,19,Tuesday,11,0,11.6,75,10.8,0.0,1.2,0.0,0
2025-11-25T20:00,2025-11-25,20,Tuesday,11,0,9.8,84,8.9,0.0,1.5,0.0,0
2025-11-25T21:00,2025-11-25,21,Tuesday,11,0,8.3,90,7.0,0.0,3.1,0.0,0
2025-11-25T22:00,2025-11-25,22,Tuesday,11,0,7.3,92,5.8,0.0,3.9,0.0,0
2025-11-25T23:00,2025-11-25,23,Tuesday,11,0,7.7,87,6.2,0.0,2.4,0.0,0
2025-11-26T00:00,2025-11-26,0,Wednesday,11,0,6.8,84,5.0,0.0,2.9,0.0,0
2025-11-26T01:00,2025-11-26,1,Wednesday,11,0,6.7,81,4.8,0.0,3.0,0.0,0
2025-11-26T02:00,2025-11-26,2,Wednesday,11,0,6.9,76,4.9,0.0,2.7,0.0,0
2025-11-26T03:00,2025-11-26,3,Wednesday,11,0,7.2,72,5.0,0.0,2.9,0.0,0
2025-11-26T04:00,2025-11-26,4,Wednesday,11,0,7.2,68,5.0,0.0,2.7,0.0,0
2025-11-26T05:00,2025-11-26,5,Wednesday,11,0,7.8,62,5.5,0.0,2.3,0.0,0
2025-11-26T06:00,2025-11-26,6,Wednesday,11,0,6.6,68,4.3,0.0,2.3,0.0,0
2025-11-26T07:00,2025-11-26,7,Wednesday,11,0,5.2,78,3.0,0.0,3.1,0.0,1
2025-11-26T08:00,2025-11-26,8,Wednesday,11,0,7.4,75,5.1,0.0,5.4,64.0,1
2025-11-26T09:00,2025-11-26,9,Wednesday,11,0,11.4,65,9.6,0.0,4.0,212.0,1
2025-11-26T10:00,2025-11-26,10,Wednesday,11,0,15.0,50,13.5,0.0,1.3,360.0,1
2025-11-26T11:00,2025-11-26,11,Wednesday,11,0,16.9,45,15.5,0.0,0.6,470.0,1
2025-11-26T12:00,2025-11-26,12,Wednesday,11,0,18.7,41,17.4,0.0,0.5,527.0,1
2025-11-26T13:00,2025-11-26,13,Wednesday,11,0,19.6,38,18.2,0.0,1.1,522.0,1
2025-11-26T14:00,2025-11-26,14,Wednesday,11,0,20.0,35,18.3,0.0,2.5,456.0,1
2025-11-26T15:00,2025-11-26,15,Wednesday,11,0,20.0,34,18.1,0.0,2.2,337.0,1
2025-11-26T16:00,2025-11-26,16,Wednesday,11,0,18.5,50,17.9,0.0,0.6,184.0,1
2025-11-26T17:00,2025-11-26,17,Wednesday,11,0,16.3,51,15.3,0.0,0.6,43.0,1
2025-11-26T18:00,2025-11-26,18,Wednesday,11,0,14.8,54,13.6,0.0,0.9,0.0,0
2025-11-26T19:00,2025-11-26,19,Wednesday,11,0,12.5,65,11.3,0.0,1.6,0.0,0
2025-11-26T20:00,2025-11-26,20,Wednesday,11,0,10.0,79,8.8,0.0,2.3,0.0,0
2025-11-26T21:00,2025-11-26,21,Wednesday,11,0,8.2,89,6.7,0.0,4.0,0.0,0
2025-11-26T22:00,2025-11-26,22,Wednesday,11,0,7.4,91,5.9,0.0,4.0,0.0,0
2025-11-26T23:00,2025-11-26,23,Wednesday,11,0,7.2,94,5.9,0.0,2.0,0.0,0
2025-11-27T00:00,2025-11-27,0,Thursday,11,0,6.2,95,4.5,0.0,3.3,0.0,0
2025-11-27T01:00,2025-11-27,1,Thursday,11,0,6.0,92,4.3,0.0,2.8,0.0,0
2025-11-27T02:00,2025-11-27,2,Thursday,11,0,5.8,91,4.1,0.0,2.7,0.0,0
2025-11-27T03:00,2025-11-27,3,Thursday,11,0,5.8,90,4.2,0.0,1.9,0.0,0
2025-11-27T04:00,2025-11-27,4,Thursday,11,0,5.8,88,4.2,0.0,1.3,0.0,0
2025-11-27T05:00,2025-11-27,5,Thursday,11,0,6.7,84,5.3,0.0,0.4,0.0,0
2025-11-27T06:00,2025-11-27,6,Thursday,11,0,6.0,84,4.4,0.0,0.8,0.0,0
2025-11-27T07:00,2025-11-27,7,Thursday,11,0,5.7,84,3.9,0.0,1.0,0.0,1
2025-11-27T08:00,2025-11-27,8,Thursday,11,0,7.6,80,6.0,0.0,1.6,63.0,1
2025-11-27T09:00,2025-11-27,9,Thursday,11,0,11.0,68,9.5,0.0,2.2,213.0,1
2025-11-27T10:00,2025-11-27,10,Thursday,11,0,13.4,59,11.8,0.0,3.9,364.0,1
2025-11-27T11:00,2025-11-27,11,Thursday,11,0,15.6,54,14.3,0.0,2.6,476.0,1
2025-11-27T12:00,2025-11-27,12,Thursday,11,0,18.3,46,16.9,0.0,3.3,533.0,1
2025-11-27T13:00,2025-11-27,13,Thursday,11,0,19.7,42,18.2,0.0,4.0,528.0,1
2025-11-27T14:00,2025-11-27,14,Thursday,11,0,20.2,41,18.7,0.0,3.9,461.0,1
2025-11-27T15:00,2025-11-27,15,Thursday,11,0,19.9,42,18.4,0.0,4.5,340.0,1
2025-11-27T16:00,2025-11-27,16,Thursday,11,0,17.8,58,17.1,0.0,3.5,186.0,1
2025-11-27T17:00,2025-11-27,17,Thursday,11,0,15.4,60,14.5,0.0,1.8,43.0,0
2025-11-27T18:00,2025-11-27,18,Thursday,11,0,13.8,67,13.1,0.0,0.4,0.0,0
2025-11-27T19:00,2025-11-27,19,Thursday,11,0,11.6,75,10.8,0.0,1.4,0.0,0
2025-11-27T20:00,2025-11-27,20,Thursday,11,0,9.5,84,8.4,0.0,1.9,0.0,0
2025-11-27T21:00,2025-11-27,21,Thursday,11,0,7.9,90,6.5,0.0,3.2,0.0,0
2025-11-27T22:00,2025-11-27,22,Thursday,11,0,7.2,91,5.7,0.0,3.3,0.0,0
2025-11-27T23:00,2025-11-27,23,Thursday,11,0,7.6,86,6.2,0.0,1.8,0.0,0
2025-11-28T00:00,2025-11-28,0,Friday,11,1,6.5,87,4.7,0.0,3.4,0.0,0
2025-11-28T01:00,2025-11-28,1,Friday,11,1,6.3,86,4.5,0.0,2.6,0.0,0
2025-11-28T02:00,2025-11-28,2,Friday,11,1,6.1,85,4.3,0.0,2.0,0.0,0
2025-11-28T03:00,2025-11-28,3,Friday,11,1,5.8,84,4.0,0.0,1.5,0.0,0
2025-11-28T04:00,2025-11-28,4,Friday,11,1,5.6,83,3.8,0.0,1.5,0.0,0
2025-11-28T05:00,2025-11-28,5,Friday,11,1,7.4,70,5.7,0.0,0.2,0.0,0
2025-11-28T06:00,2025-11-28,6,Friday,11,1,6.9,70,5.0,0.0,1.0,0.0,0
2025-11-28T07:00,2025-11-28,7,Friday,11,1,6.4,71,4.4,0.0,1.2,0.0,1
2025-11-28T08:00,2025-11-28,8,Friday,11,1,8.1,72,6.2,0.0,2.0,60.0,1
2025-11-28T09:00,2025-11-28,9,Friday,11,1,11.4,61,9.8,0.0,1.8,208.0,1
2025-11-28T10:00,2025-11-28,10,Friday,11,1,13.9,53,12.2,0.0,2.2,358.0,1
2025-11-28T11:00,2025-11-28,11,Friday,11,1,15.9,47,14.4,0.0,1.8,470.0,1
2025-11-28T12:00,2025-11-28,12,Friday,11,1,18.6,39,17.0,0.0,2.2,529.0,1
2025-11-28T13:00,2025-11-28,13,Friday,11,1,20.0,34,18.2,0.0,2.5,523.0,1
2025-11-28T14:00,2025-11-28,14,Friday,11,1,20.6,34,18.8,0.0,3.1,456.0,1
2025-11-28T15:00,2025-11-28,15,Friday,11,1,20.4,37,18.6,0.0,4.0,336.0,1
2025-11-28T16:00,2025-11-28,16,Friday,11,1,18.2,58,17.7,0.0,2.9,182.0,1
2025-11-28T17:00,2025-11-28,17,Friday,11,1,16.3,58,15.7,0.0,0.5,42.0,0
2025-11-28T18:00,2025-11-28,18,Friday,11,1,14.5,62,13.7,0.0,0.6,0.0,0
2025-11-28T19:00,2025-11-28,19,Friday,11,1,12.1,72,11.1,0.0,1.2,0.0,0
2025-11-28T20:00,2025-11-28,20,Friday,11,1,10.2,80,9.2,0.0,1.0,0.0,0
2025-11-28T21:00,2025-11-28,21,Friday,11,1,9.1,83,7.9,0.0,1.9,0.0,0
2025-11-28T22:00,2025-11-28,22,Friday,11,1,8.3,85,7.0,0.0,2.2,0.0,0
2025-11-28T23:00,2025-11-28,23,Friday,11,1,8.2,83,6.9,0.0,1.4,0.0,0
2025-11-29T00:00,2025-11-29,0,Saturday,11,1,7.4,82,5.9,0.0,1.4,0.0,0
2025-11-29T01:00,2025-11-29,1,Saturday,11,1,6.8,82,5.0,0.0,1.8,0.0,0
2025-11-29T02:00,2025-11-29,2,Saturday,11,1,6.3,81,4.4,0.0,1.9,0.0,0
2025-11-29T03:00,2025-11-29,3,Saturday,11,1,5.8,80,3.7,0.0,2.6,0.0,0
2025-11-29T04:00,2025-11-29,4,Saturday,11,1,5.8,77,3.7,0.0,1.7,0.0,0
2025-11-29T05:00,2025-11-29,5,Saturday,11,1,7.2,70,5.5,0.0,0.0,0.0,0
2025-11-29T06:00,2025-11-29,6,Saturday,11,1,7.0,67,5.0,0.0,0.9,0.0,0
2025-11-29T07:00,2025-11-29,7,Saturday,11,1,6.6,67,4.4,0.0,1.2,0.0,1
2025-11-29T08:00,2025-11-29,8,Saturday,11,1,8.4,67,6.6,0.0,0.8,58.0,1
2025-11-29T09:00,2025-11-29,9,Saturday,11,1,11.1,56,9.2,0.0,1.7,204.0,1
2025-11-29T10:00,2025-11-29,10,Saturday,11,1,13.5,51,11.6,0.0,3.1,353.0,1
2025-11-29T11:00,2025-11-29,11,Saturday,11,1,15.9,47,14.3,0.0,1.6,465.0,1
2025-11-29T12:00,2025-11-29,12,Saturday,11,1,18.5,40,16.8,0.0,3.3,522.0,1
2025-11-29T13:00,2025-11-29,13,Saturday,11,1,20.0,37,18.2,0.0,3.7,518.0,1
2025-11-29T14:00,2025-11-29,14,Saturday,11,1,20.6,36,18.9,0.0,3.6,453.0,1
2025-11-29T15:00,2025-11-29,15,Saturday,11,1,20.5,38,18.8,0.0,4.1,335.0,1
2025-11-29T16:00,2025-11-29,16,Saturday,11,1,18.5,56,18.0,0.0,2.2,182.0,1
2025-11-29T17:00,2025-11-29,17,Saturday,11,1,16.2,55,15.5,0.0,0.4,42.0,0
2025-11-29T18:00,2025-11-29,18,Saturday,11,1,14.6,59,13.7,0.0,0.6,0.0,0
2025-11-29T19:00,2025-11-29,19,Saturday,11,1,12.2,69,11.0,0.0,2.3,0.0,0
2025-11-29T20:00,2025-11-29,20,Saturday,11,1,10.3,79,9.1,0.0,2.7,0.0,0
2025-11-29T21:00,2025-11-29,21,Saturday,11,1,9.0,85,7.6,0.0,3.5,0.0,0
2025-11-29T22:00,2025-11-29,22,Saturday,11,1,8.4,87,6.8,0.0,4.4,0.0,0
2025-11-29T23:00,2025-11-29,23,Saturday,11,1,8.1,87,6.9,0.0,1.4,0.0,0
2025-11-30T00:00,2025-11-30,0,Sunday,11,1,7.0,87,5.5,0.0,2.3,0.0,0
2025-11-30T01:00,2025-11-30,1,Sunday,11,1,6.6,84,4.8,0.0,2.4,0.0,0
2025-11-30T02:00,2025-11-30,2,Sunday,11,1,6.2,82,4.4,0.0,1.5,0.0,0
2025-11-30T03:00,2025-11-30,3,Sunday,11,1,5.9,81,4.1,0.0,1.4,0.0,0
2025-11-30T04:00,2025-11-30,4,Sunday,11,1,5.9,77,3.9,0.0,1.4,0.0,0
2025-11-30T05:00,2025-11-30,5,Sunday,11,1,6.8,75,5.0,0.0,1.1,0.0,0
2025-11-30T06:00,2025-11-30,6,Sunday,11,1,6.3,71,4.2,0.0,1.9,0.0,0
2025-11-30T07:00,2025-11-30,7,Sunday,11,1,5.7,69,3.3,0.0,2.7,0.0,1
2025-11-30T08:00,2025-11-30,8,Sunday,11,1,7.4,66,5.2,0.0,2.6,57.0,1
2025-11-30T09:00,2025-11-30,9,Sunday,11,1,10.7,62,9.1,0.0,0.6,204.0,1
2025-11-30T10:00,2025-11-30,10,Sunday,11,1,13.7,48,12.0,0.0,0.7,354.0,1
2025-11-30T11:00,2025-11-30,11,Sunday,11,1,16.1,39,14.1,0.0,1.5,466.0,1
2025-11-30T12:00,2025-11-30,12,Sunday,11,1,18.5,34,16.5,0.0,2.3,524.0,1
2025-11-30T13:00,2025-11-30,13,Sunday,11,1,19.8,33,17.8,0.0,2.9,521.0,1
2025-11-30T14:00,2025-11-30,14,Sunday,11,1,20.3,33,18.3,0.0,3.6,455.0,1
2025-11-30T15:00,2025-11-30,15,Sunday,11,1,20.1,35,18.1,0.0,4.4,337.0,1
2025-11-30T16:00,2025-11-30,16,Sunday,11,1,18.0,52,17.1,0.0,2.9,183.0,1
2025-11-30T17:00,2025-11-30,17,Sunday,11,1,15.8,51,14.4,0.0,1.5,42.0,0
2025-11-30T18:00,2025-11-30,18,Sunday,11,1,14.0,59,12.9,0.0,0.7,0.0,0
2025-11-30T19:00,2025-11-30,19,Sunday,11,1,11.5,71,10.4,0.0,1.6,0.0,0
2025-11-30T20:00,2025-11-30,20,Sunday,11,1,9.9,79,8.8,0.0,1.2,0.0,0
2025-11-30T21:00,2025-11-30,21,Sunday,11,1,8.9,83,7.8,0.0,1.6,0.0,0
2025-11-30T22:00,2025-11-30,22,Sunday,11,1,7.8,87,6.4,0.0,2.4,0.0,0
2025-11-30T23:00,2025-11-30,23,Sunday,11,1,7.4,88,6.0,0.0,2.0,0.0,0
2025-12-01T00:00,2025-12-01,0,Monday,12,0,6.6,87,4.9,0.0,2.1,0.0,0
2025-12-01T01:00,2025-12-01,1,Monday,12,0,6.2,87,4.5,0.0,1.5,0.0,0
2025-12-01T02:00,2025-12-01,2,Monday,12,0,5.7,87,3.8,0.0,2.4,0.0,0
2025-12-01T03:00,2025-12-01,3,Monday,12,0,5.2,86,3.3,0.0,2.3,0.0,0
2025-12-01T04:00,2025-12-01,4,Monday,12,0,5.1,84,3.2,0.0,1.9,0.0,0
2025-12-01T05:00,2025-12-01,5,Monday,12,0,7.2,78,5.6,0.0,0.2,0.0,0
2025-12-01T06:00,2025-12-01,6,Monday,12,0,6.8,74,4.9,0.0,1.3,0.0,0
2025-12-01T07:00,2025-12-01,7,Monday,12,0,6.1,75,4.0,0.0,1.7,0.0,1
2025-12-01T08:00,2025-12-01,8,Monday,12,0,7.7,73,5.9,0.0,1.5,54.0,1
2025-12-01T09:00,2025-12-01,9,Monday,12,0,10.9,62,9.2,0.0,1.5,199.0,1
2025-12-01T10:00,2025-12-01,10,Monday,12,0,13.4,54,11.7,0.0,2.2,349.0,1
2025-12-01T11:00,2025-12-01,11,Monday,12,0,15.6,49,14.0,0.0,2.4,453.0,1
2025-12-01T12:00,2025-12-01,12,Monday,12,0,17.9,43,16.4,0.0,2.2,511.0,1
2025-12-01T13:00,2025-12-01,13,Monday,12,0,19.1,40,17.7,0.0,1.5,511.0,1
2025-12-01T14:00,2025-12-01,14,Monday,12,0,19.6,38,18.2,0.0,0.8,446.0,1
2025-12-01T15:00,2025-12-01,15,Monday,12,0,19.4,38,18.0,0.0,0.6,329.0,1
2025-12-01T16:00,2025-12-01,16,Monday,12,0,18.0,52,17.3,0.0,0.5,176.0,1
2025-12-01T17:00,2025-12-01,17,Monday,12,0,15.3,53,14.0,0.0,1.3,39.0,0
2025-12-01T18:00,2025-12-01,18,Monday,12,0,14.1,56,12.7,0.0,1.9,0.0,0
2025-12-01T19:00,2025-12-01,19,Monday,12,0,12.4,64,11.1,0.0,1.9,0.0,0
2025-12-01T20:00,2025-12-01,20,Monday,12,0,10.3,76,9.0,0.0,2.5,0.0,0
2025-12-01T21:00,2025-12-01,21,Monday,12,0,8.4,85,6.9,0.0,4.0,0.0,0
2025-12-01T22:00,2025-12-01,22,Monday,12,0,7.6,89,6.0,0.0,3.7,0.0,0
2025-12-01T23:00,2025-12-01,23,Monday,12,0,7.6,89,6.4,0.0,1.1,0.0,0
2025-12-02T00:00,2025-12-02,0,Tuesday,12,0,6.7,90,5.0,0.0,3.8,0.0,0
2025-12-02T01:00,2025-12-02,1,Tuesday,12,0,6.2,91,4.3,0.0,4.2,0.0,0
2025-12-02T02:00,2025-12-02,2,Tuesday,12,0,5.7,89,3.7,0.0,3.7,0.0,0
2025-12-02T03:00,2025-12-02,3,Tuesday,12,0,5.6,87,3.6,0.0,3.8,0.0,0
2025-12-02T04:00,2025-12-02,4,Tuesday,12,0,5.3,87,3.2,0.0,4.0,0.0,0
2025-12-02T05:00,2025-12-02,5,Tuesday,12,0,5.6,87,3.6,0.0,3.0,0.0,0
2025-12-02T06:00,2025-12-02,6,Tuesday,12,0,4.4,89,2.2,0.0,3.9,0.0,0
2025-12-02T07:00,2025-12-02,7,Tuesday,12,0,3.8,93,1.6,0.0,4.3,0.0,1
2025-12-02T08:00,2025-12-02,8,Tuesday,12,0,5.9,89,3.7,0.0,6.1,53.0,1
2025-12-02T09:00,2025-12-02,9,Tuesday,12,0,9.9,74,8.2,0.0,4.4,197.0,1
2025-12-02T10:00,2025-12-02,10,Tuesday,12,0,13.6,57,12.1,0.0,2.4,346.0,1
2025-12-02T11:00,2025-12-02,11,Tuesday,12,0,15.8,48,14.1,0.0,2.7,458.0,1
2025-12-02T12:00,2025-12-02,12,Tuesday,12,0,17.6,41,16.1,0.0,1.6,516.0,1
2025-12-02T13:00,2025-12-02,13,Tuesday,12,0,18.5,38,16.8,0.0,1.5,513.0,1
2025-12-02T14:00,2025-12-02,14,Tuesday,12,0,18.9,35,16.9,0.0,2.4,449.0,1
2025-12-02T15:00,2025-12-02,15,Tuesday,12,0,18.7,34,16.8,0.0,1.8,332.0,1
2025-12-02T16:00,2025-12-02,16,Tuesday,12,0,17.4,48,16.3,0.0,0.4,180.0,1
2025-12-02T17:00,2025-12-02,17,Tuesday,12,0,15.5,49,14.2,0.0,0.5,41.0,0
2025-12-02T18:00,2025-12-02,18,Tuesday,12,0,13.5,54,12.0,0.0,0.8,0.0,0
2025-12-02T19:00,2025-12-02,19,Tuesday,12,0,10.6,69,9.2,0.0,1.8,0.0,0
2025-12-02T20:00,2025-12-02,20,Tuesday,12,0,8.1,86,6.6,0.0,3.3,0.0,0
2025-12-02T21:00,2025-12-02,21,Tuesday,12,0,6.9,90,5.4,0.0,3.1,0.0,0
2025-12-02T22:00,2025-12-02,22,Tuesday,12,0,6.3,91,4.7,0.0,2.6,0.0,0
2025-12-02T23:00,2025-12-02,23,Tuesday,12,0,6.2,96,5.0,0.0,0.9,0.0,0
2025-12-03T00:00,2025-12-03,0,Wednesday,12,0,5.3,96,3.6,0.0,3.1,0.0,0
2025-12-03T01:00,2025-12-03,1,Wednesday,12,0,5.1,94,3.3,0.0,3.1,0.0,0
2025-12-03T02:00,2025-12-03,2,Wednesday,12,0,5.2,92,3.5,0.0,1.5,0.0,0
2025-12-03T03:00,2025-12-03,3,Wednesday,12,0,5.1,92,3.5,0.0,0.8,0.0,0
2025-12-03T04:00,2025-12-03,4,Wednesday,12,0,5.0,91,3.4,0.0,0.9,0.0,0
2025-12-03T05:00,2025-12-03,5,Wednesday,12,0,5.8,86,4.2,0.0,0.6,0.0,0
2025-12-03T06:00,2025-12-03,6,Wednesday,12,0,5.0,87,3.2,0.0,1.1,0.0,0
2025-12-03T07:00,2025-12-03,7,Wednesday,12,0,4.7,88,2.8,0.0,1.1,0.0,1
2025-12-03T08:00,2025-12-03,8,Wednesday,12,0,6.4,86,4.8,0.0,2.1,51.0,1
2025-12-03T09:00,2025-12-03,9,Wednesday,12,0,9.6,71,7.7,0.0,3.6,193.0,1
2025-12-03T10:00,2025-12-03,10,Wednesday,12,0,12.2,61,10.3,0.0,4.7,340.0,1
2025-12-03T11:00,2025-12-03,11,Wednesday,12,0,14.6,55,12.9,0.0,4.1,452.0,1
2025-12-03T12:00,2025-12-03,12,Wednesday,12,0,17.0,49,15.4,0.0,4.7,509.0,1
2025-12-03T13:00,2025-12-03,13,Wednesday,12,0,18.5,46,17.0,0.0,4.6,506.0,1
2025-12-03T14:00,2025-12-03,14,Wednesday,12,0,19.2,45,17.7,0.0,4.9,443.0,1
2025-12-03T15:00,2025-12-03,15,Wednesday,12,0,19.1,45,17.6,0.0,4.8,327.0,1
2025-12-03T16:00,2025-12-03,16,Wednesday,12,0,17.2,59,16.6,0.0,2.9,177.0,1
2025-12-03T17:00,2025-12-03,17,Wednesday,12,0,15.1,57,14.0,0.0,1.5,40.0,0
2025-12-03T18:00,2025-12-03,18,Wednesday,12,0,13.7,63,12.9,0.0,0.2,0.0,0
2025-12-03T19:00,2025-12-03,19,Wednesday,12,0,11.8,71,10.8,0.0,1.3,0.0,0
2025-12-03T20:00,2025-12-03,20,Wednesday,12,0,9.8,80,8.6,0.0,2.3,0.0,0
2025-12-03T21:00,2025-12-03,21,Wednesday,12,0,8.3,86,7.1,0.0,1.7,0.0,0
2025-12-03T22:00,2025-12-03,22,Wednesday,12,0,7.5,88,6.3,0.0,1.0,0.0,0
2025-12-03T23:00,2025-12-03,23,Wednesday,12,0,7.9,86,6.8,0.0,0.2,0.0,0
2025-12-04T00:00,2025-12-04,0,Thursday,12,0,6.8,88,5.2,0.0,1.9,0.0,0
2025-12-04T01:00,2025-12-04,1,Thursday,12,0,6.2,88,4.5,0.0,2.2,0.0,0
2025-12-04T02:00,2025-12-04,2,Thursday,12,0,5.4,89,3.5,0.0,3.2,0.0,0
2025-12-04T03:00,2025-12-04,3,Thursday,12,0,5.4,88,3.8,0.0,0.9,0.0,0
2025-12-04T04:00,2025-12-04,4,Thursday,12,0,5.6,87,4.0,0.0,0.5,0.0,0
2025-12-04T05:00,2025-12-04,5,Thursday,12,0,6.7,83,5.1,0.0,1.1,0.0,0
2025-12-04T06:00,2025-12-04,6,Thursday,12,0,6.3,81,4.6,0.0,1.5,0.0,0
2025-12-04T07:00,2025-12-04,7,Thursday,12,0,6.4,78,4.6,0.0,0.8,0.0,1
2025-12-04T08:00,2025-12-04,8,Thursday,12,0,7.5,74,5.5,0.0,2.9,39.0,1
2025-12-04T09:00,2025-12-04,9,Thursday,12,0,9.6,69,7.7,0.0,3.4,101.0,1
2025-12-04T10:00,2025-12-04,10,Thursday,12,0,12.5,59,10.6,0.0,4.3,307.0,1
2025-12-04T11:00,2025-12-04,11,Thursday,12,0,14.9,54,13.2,0.0,3.7,452.0,1
2025-12-04T12:00,2025-12-04,12,Thursday,12,0,17.5,48,16.0,0.0,3.8,509.0,1
2025-12-04T13:00,2025-12-04,13,Thursday,12,0,19.1,45,17.7,0.0,4.2,506.0,1
2025-12-04T14:00,2025-12-04,14,Thursday,12,0,20.0,43,18.5,0.0,4.9,444.0,1
2025-12-04T15:00,2025-12-04,15,Thursday,12,0,19.6,42,17.8,0.0,6.5,302.0,1
2025-12-04T16:00,2025-12-04,16,Thursday,12,0,17.2,54,16.1,0.0,4.0,166.0,1
2025-12-04T17:00,2025-12-04,17,Thursday,12,0,15.2,50,13.9,0.0,0.9,40.0,0
2025-12-04T18:00,2025-12-04,18,Thursday,12,0,14.1,54,12.9,0.0,0.2,0.0,0
2025-12-04T19:00,2025-12-04,19,Thursday,12,0,12.9,57,11.4,0.0,1.9,0.0,0
2025-12-04T20:00,2025-12-04,20,Thursday,12,0,11.8,67,10.3,0.0,2.7,0.0,0
2025-12-04T21:00,2025-12-04,21,Thursday,12,0,10.5,77,9.2,0.0,3.0,0.0,0
2025-12-04T22:00,2025-12-04,22,Thursday,12,0,8.9,83,7.4,0.0,3.2,0.0,0
2025-12-04T23:00,2025-12-04,23,Thursday,12,0,9.6,80,8.6,0.0,1.1,0.0,0
2025-12-05T00:00,2025-12-05,0,Friday,12,1,8.5,82,7.1,0.0,2.3,0.0,0
2025-12-05T01:00,2025-12-05,1,Friday,12,1,8.5,81,7.2,0.0,1.4,0.0,0
2025-12-05T02:00,2025-12-05,2,Friday,12,1,8.5,79,7.1,0.0,1.5,0.0,0
2025-12-05T03:00,2025-12-05,3,Friday,12,1,7.8,80,5.9,0.0,3.9,0.0,0
2025-12-05T04:00,2025-12-05,4,Friday,12,1,8.6,74,6.4,0.0,5.4,0.0,0
2025-12-05T05:00,2025-12-05,5,Friday,12,1,8.8,70,6.8,0.0,2.8,0.0,0
2025-12-05T06:00,2025-12-05,6,Friday,12,1,7.1,76,5.1,0.0,2.7,0.0,0
2025-12-05T07:00,2025-12-05,7,Friday,12,1,6.1,78,3.8,0.0,4.1,0.0,1
2025-12-05T08:00,2025-12-05,8,Friday,12,1,7.3,75,5.5,0.0,2.1,46.0,1
2025-12-05T09:00,2025-12-05,9,Friday,12,1,11.2,65,9.4,0.0,4.0,183.0,1
2025-12-05T10:00,2025-12-05,10,Friday,12,1,14.8,50,13.2,0.0,2.0,328.0,1
2025-12-05T11:00,2025-12-05,11,Friday,12,1,17.1,43,15.6,0.0,1.2,440.0,1
2025-12-05T12:00,2025-12-05,12,Friday,12,1,19.1,39,17.6,0.0,2.2,496.0,1
2025-12-05T13:00,2025-12-05,13,Friday,12,1,20.1,36,18.4,0.0,2.9,497.0,1
2025-12-05T14:00,2025-12-05,14,Friday,12,1,20.6,33,18.7,0.0,3.4,435.0,1
2025-12-05T15:00,2025-12-05,15,Friday,12,1,20.5,33,18.6,0.0,3.2,323.0,1
2025-12-05T16:00,2025-12-05,16,Friday,12,1,18.6,48,17.6,0.0,1.8,175.0,1
2025-12-05T17:00,2025-12-05,17,Friday,12,1,15.4,49,13.6,0.0,3.6,40.0,0
2025-12-05T18:00,2025-12-05,18,Friday,12,1,13.6,58,12.2,0.0,2.0,0.0,0
2025-12-05T19:00,2025-12-05,19,Friday,12,1,10.9,71,9.7,0.0,1.3,0.0,0
2025-12-05T20:00,2025-12-05,20,Friday,12,1,8.7,81,7.4,0.0,1.5,0.0,0
2025-12-05T21:00,2025-12-05,21,Friday,12,1,7.2,87,5.8,0.0,1.8,0.0,0
2025-12-05T22:00,2025-12-05,22,Friday,12,1,6.5,89,5.0,0.0,1.9,0.0,0
2025-12-05T23:00,2025-12-05,23,Friday,12,1,6.4,90,5.1,0.0,0.9,0.0,0
2025-12-06T00:00,2025-12-06,0,Saturday,12,1,5.7,89,3.9,0.0,2.7,0.0,0
2025-12-06T01:00,2025-12-06,1,Saturday,12,1,5.7,86,4.0,0.0,1.7,0.0,0
2025-12-06T02:00,2025-12-06,2,Saturday,12,1,5.6,86,4.0,0.0,0.6,0.0,0
2025-12-06T03:00,2025-12-06,3,Saturday,12,1,5.3,85,3.6,0.0,1.1,0.0,0
2025-12-06T04:00,2025-12-06,4,Saturday,12,1,5.0,86,3.1,0.0,1.5,0.0,0
2025-12-06T05:00,2025-12-06,5,Saturday,12,1,4.8,92,3.1,0.0,1.1,0.0,0
2025-12-06T06:00,2025-12-06,6,Saturday,12,1,4.8,88,3.0,0.0,1.1,0.0,0
2025-12-06T07:00,2025-12-06,7,Saturday,12,1,4.4,87,2.6,0.0,1.1,0.0,1
2025-12-06T08:00,2025-12-06,8,Saturday,12,1,6.2,85,4.5,0.0,1.1,46.0,1
2025-12-06T09:00,2025-12-06,9,Saturday,12,1,10.3,70,8.8,0.0,2.3,186.0,1
2025-12-06T10:00,2025-12-06,10,Saturday,12,1,14.2,56,12.3,0.0,5.6,334.0,1
2025-12-06T11:00,2025-12-06,11,Saturday,12,1,17.1,47,15.5,0.0,4.0,444.0,1
2025-12-06T12:00,2025-12-06,12,Saturday,12,1,19.9,41,18.4,0.0,3.6,491.0,1
2025-12-06T13:00,2025-12-06,13,Saturday,12,1,21.5,37,20.0,0.0,4.1,486.0,1
2025-12-06T14:00,2025-12-06,14,Saturday,12,1,22.1,34,20.1,0.0,5.8,402.0,1
2025-12-06T15:00,2025-12-06,15,Saturday,12,1,21.0,39,19.4,0.0,4.9,246.0,1
2025-12-06T16:00,2025-12-06,16,Saturday,12,1,18.6,50,17.6,0.0,3.8,127.0,1
2025-12-06T17:00,2025-12-06,17,Saturday,12,1,15.4,53,13.7,0.0,5.1,32.0,0
2025-12-06T18:00,2025-12-06,18,Saturday,12,1,13.7,60,12.3,0.0,3.0,0.0,0
2025-12-06T19:00,2025-12-06,19,Saturday,12,1,12.8,65,11.8,0.0,0.9,0.0,0
2025-12-06T20:00,2025-12-06,20,Saturday,12,1,11.3,70,10.2,0.0,0.6,0.0,0
2025-12-06T21:00,2025-12-06,21,Saturday,12,1,9.9,77,8.7,0.0,1.1,0.0,0
2025-12-06T22:00,2025-12-06,22,Saturday,12,1,8.6,81,7.3,0.0,1.1,0.0,0
2025-12-06T23:00,2025-12-06,23,Saturday,12,1,8.4,84,7.2,0.0,0.6,0.0,0
2025-12-07T00:00,2025-12-07,0,Sunday,12,1,7.2,87,5.5,0.0,3.1,0.0,0
2025-12-07T01:00,2025-12-07,1,Sunday,12,1,6.7,86,5.1,0.0,1.8,0.0,0
2025-12-07T02:00,2025-12-07,2,Sunday,12,1,5.8,87,3.9,0.0,3.2,0.0,0
2025-12-07T03:00,2025-12-07,3,Sunday,12,1,5.3,87,3.1,0.0,4.1,0.0,0
2025-12-07T04:00,2025-12-07,4,Sunday,12,1,5.1,87,2.9,0.0,3.7,0.0,0
2025-12-07T05:00,2025-12-07,5,Sunday,12,1,7.9,72,6.3,0.0,0.6,0.0,0
2025-12-07T06:00,2025-12-07,6,Sunday,12,1,8.8,65,6.9,0.0,1.2,0.0,0
2025-12-07T07:00,2025-12-07,7,Sunday,12,1,8.8,63,6.7,0.0,2.0,0.0,1
2025-12-07T08:00,2025-12-07,8,Sunday,12,1,9.1,65,7.2,0.0,1.9,44.0,1
2025-12-07T09:00,2025-12-07,9,Sunday,12,1,12.1,61,10.5,0.0,1.9,182.0,1
2025-12-07T10:00,2025-12-07,10,Sunday,12,1,15.2,51,13.8,0.0,1.0,329.0,1
2025-12-07T11:00,2025-12-07,11,Sunday,12,1,17.0,45,15.8,0.0,0.6,442.0,1
2025-12-07T12:00,2025-12-07,12,Sunday,12,1,19.4,39,18.1,0.0,0.8,497.0,1
2025-12-07T13:00,2025-12-07,13,Sunday,12,1,20.6,37,19.0,0.0,3.1,494.0,1
2025-12-07T14:00,2025-12-07,14,Sunday,12,1,21.1,37,19.4,0.0,4.8,435.0,1
2025-12-07T15:00,2025-12-07,15,Sunday,12,1,20.8,38,19.0,0.0,5.1,321.0,1
2025-12-07T16:00,2025-12-07,16,Sunday,12,1,18.5,52,17.6,0.0,3.2,174.0,1
2025-12-07T17:00,2025-12-07,17,Sunday,12,1,16.0,50,14.7,0.0,1.5,40.0,0
2025-12-07T18:00,2025-12-07,18,Sunday,12,1,14.4,57,13.3,0.0,0.6,0.0,0
2025-12-07T19:00,2025-12-07,19,Sunday,12,1,11.6,71,10.5,0.0,1.1,0.0,0
2025-12-07T20:00,2025-12-07,20,Sunday,12,1,9.4,81,8.2,0.0,1.7,0.0,0
2025-12-07T21:00,2025-12-07,21,Sunday,12,1,7.8,87,6.4,0.0,3.1,0.0,0
2025-12-07T22:00,2025-12-07,22,Sunday,12,1,7.0,90,5.3,0.0,3.8,0.0,0
2025-12-07T23:00,2025-12-07,23,Sunday,12,1,7.2,90,5.8,0.0,1.8,0.0,0
2025-12-08T00:00,2025-12-08,0,Monday,12,0,6.4,91,4.6,0.0,4.1,0.0,0
2025-12-08T01:00,2025-12-08,1,Monday,12,0,6.1,90,4.3,0.0,3.7,0.0,0
2025-12-08T02:00,2025-12-08,2,Monday,12,0,5.9,89,4.2,0.0,2.6,0.0,0
2025-12-08T03:00,2025-12-08,3,Monday,12,0,6.0,86,4.3,0.0,1.5,0.0,0
2025-12-08T04:00,2025-12-08,4,Monday,12,0,5.8,83,4.1,0.0,1.4,0.0,0
2025-12-08T05:00,2025-12-08,5,Monday,12,0,7.5,72,5.7,0.0,0.9,0.0,0
2025-12-08T06:00,2025-12-08,6,Monday,12,0,6.6,72,4.5,0.0,2.2,0.0,0
2025-12-08T07:00,2025-12-08,7,Monday,12,0,5.9,74,3.8,0.0,1.8,0.0,1
2025-12-08T08:00,2025-12-08,8,Monday,12,0,7.3,73,5.4,0.0,1.9,43.0,1
2025-12-08T09:00,2025-12-08,9,Monday,12,0,11.1,63,9.7,0.0,0.4,184.0,1
2025-12-08T10:00,2025-12-08,10,Monday,12,0,14.9,54,13.4,0.0,3.0,333.0,1
2025-12-08T11:00,2025-12-08,11,Monday,12,0,17.1,46,15.5,0.0,3.1,446.0,1
2025-12-08T12:00,2025-12-08,12,Monday,12,0,19.5,40,17.8,0.0,4.3,505.0,1
2025-12-08T13:00,2025-12-08,13,Monday,12,0,21.0,38,19.3,0.0,5.1,504.0,1
2025-12-08T14:00,2025-12-08,14,Monday,12,0,21.6,36,19.8,0.0,5.8,441.0,1
2025-12-08T15:00,2025-12-08,15,Monday,12,0,21.2,38,19.5,0.0,5.6,327.0,1
2025-12-08T16:00,2025-12-08,16,Monday,12,0,18.8,50,17.7,0.0,3.5,178.0,1
2025-12-08T17:00,2025-12-08,17,Monday,12,0,15.3,56,14.0,0.0,3.1,40.0,0
2025-12-08T18:00,2025-12-08,18,Monday,12,0,13.4,65,12.4,0.0,1.9,0.0,0
2025-12-08T19:00,2025-12-08,19,Monday,12,0,11.1,77,10.2,0.0,1.0,0.0,0
2025-12-08T20:00,2025-12-08,20,Monday,12,0,8.9,86,7.9,0.0,1.7,0.0,0
2025-12-08T21:00,2025-12-08,21,Monday,12,0,7.5,89,6.1,0.0,2.2,0.0,0
2025-12-08T22:00,2025-12-08,22,Monday,12,0,6.8,88,5.5,0.0,1.2,0.0,0
2025-12-08T23:00,2025-12-08,23,Monday,12,0,6.7,89,5.4,0.0,0.4,0.0,0
2025-12-09T00:00,2025-12-09,0,Tuesday,12,0,5.8,88,4.0,0.0,2.3,0.0,0
2025-12-09T01:00,2025-12-09,1,Tuesday,12,0,5.7,86,4.0,0.0,1.0,0.0,0
2025-12-09T02:00,2025-12-09,2,Tuesday,12,0,5.4,85,3.7,0.0,0.8,0.0,0
2025-12-09T03:00,2025-12-09,3,Tuesday,12,0,5.3,84,3.5,0.0,0.8,0.0,0
2025-12-09T04:00,2025-12-09,4,Tuesday,12,0,5.4,82,3.7,0.0,0.3,0.0,0
2025-12-09T05:00,2025-12-09,5,Tuesday,12,0,5.6,81,3.9,0.0,0.4,0.0,0
2025-12-09T06:00,2025-12-09,6,Tuesday,12,0,4.9,79,2.8,0.0,1.6,0.0,0
2025-12-09T07:00,2025-12-09,7,Tuesday,12,0,4.4,79,2.2,0.0,1.7,0.0,0
2025-12-09T08:00,2025-12-09,8,Tuesday,12,0,5.9,75,3.9,0.0,1.7,42.0,1
2025-12-09T09:00,2025-12-09,9,Tuesday,12,0,10.2,66,8.4,0.0,3.2,182.0,1
2025-12-09T10:00,2025-12-09,10,Tuesday,12,0,14.6,51,12.5,0.0,4.9,331.0,1
2025-12-09T11:00,2025-12-09,11,Tuesday,12,0,17.5,43,15.4,0.0,5.5,443.0,1
2025-12-09T12:00,2025-12-09,12,Tuesday,12,0,19.5,37,17.3,0.0,6.1,451.0,1
2025-12-09T13:00,2025-12-09,13,Tuesday,12,0,20.9,34,18.8,0.0,5.2,427.0,1
2025-12-09T14:00,2025-12-09,14,Tuesday,12,0,21.0,34,18.9,0.0,5.8,365.0,1
2025-12-09T15:00,2025-12-09,15,Tuesday,12,0,20.4,37,18.4,0.0,5.1,280.0,1
2025-12-09T16:00,2025-12-09,16,Tuesday,12,0,17.9,49,16.8,0.0,2.3,144.0,1
2025-12-09T17:00,2025-12-09,17,Tuesday,12,0,16.2,52,15.3,0.0,0.4,29.0,0
2025-12-09T18:00,2025-12-09,18,Tuesday,12,0,14.4,54,13.3,0.0,0.2,0.0,0
2025-12-09T19:00,2025-12-09,19,Tuesday,12,0,13.1,59,11.9,0.0,0.8,0.0,0
2025-12-09T20:00,2025-12-09,20,Tuesday,12,0,11.5,67,10.2,0.0,1.5,0.0,0
2025-12-09T21:00,2025-12-09,21,Tuesday,12,0,9.6,77,8.3,0.0,1.4,0.0,0
2025-12-09T22:00,2025-12-09,22,Tuesday,12,0,8.4,82,7.0,0.0,2.3,0.0,0
2025-12-09T23:00,2025-12-09,23,Tuesday,12,0,9.9,72,8.6,0.0,0.8,0.0,0
2025-12-10T00:00,2025-12-10,0,Wednesday,12,0,8.7,72,7.1,0.0,1.0,0.0,0
2025-12-10T01:00,2025-12-10,1,Wednesday,12,0,7.5,76,5.8,0.0,1.5,0.0,0
2025-12-10T02:00,2025-12-10,2,Wednesday,12,0,6.6,78,4.7,0.0,1.7,0.0,0
2025-12-10T03:00,2025-12-10,3,Wednesday,12,0,6.0,79,4.2,0.0,1.0,0.0,0
2025-12-10T04:00,2025-12-10,4,Wednesday,12,0,5.8,79,3.9,0.0,1.2,0.0,0
2025-12-10T05:00,2025-12-10,5,Wednesday,12,0,5.8,78,3.7,0.0,1.7,0.0,0
2025-12-10T06:00,2025-12-10,6,Wednesday,12,0,5.2,78,3.3,0.0,0.9,0.0,0
2025-12-10T07:00,2025-12-10,7,Wednesday,12,0,5.1,78,3.1,0.0,0.4,0.0,0
2025-12-10T08:00,2025-12-10,8,Wednesday,12,0,6.6,73,4.3,0.0,3.3,40.0,1
2025-12-10T09:00,2025-12-10,9,Wednesday,12,0,10.4,65,8.5,0.0,3.7,176.0,1
2025-12-10T10:00,2025-12-10,10,Wednesday,12,0,14.1,52,12.2,0.0,3.9,323.0,1
2025-12-10T11:00,2025-12-10,11,Wednesday,12,0,16.8,44,14.7,0.0,5.1,437.0,1
2025-12-10T12:00,2025-12-10,12,Wednesday,12,0,19.3,38,17.2,0.0,5.9,496.0,1
2025-12-10T13:00,2025-12-10,13,Wednesday,12,0,21.0,36,18.9,0.0,6.4,494.0,1
2025-12-10T14:00,2025-12-10,14,Wednesday,12,0,21.6,35,19.5,0.0,6.2,432.0,1
2025-12-10T15:00,2025-12-10,15,Wednesday,12,0,21.0,37,19.0,0.0,6.4,314.0,1
2025-12-10T16:00,2025-12-10,16,Wednesday,12,0,18.1,50,17.0,0.0,4.0,168.0,1
2025-12-10T17:00,2025-12-10,17,Wednesday,12,0,16.0,50,14.9,0.0,0.5,39.0,0
2025-12-10T18:00,2025-12-10,18,Wednesday,12,0,14.3,54,13.0,0.0,0.9,0.0,0
2025-12-10T19:00,2025-12-10,19,Wednesday,12,0,12.6,61,11.2,0.0,1.9,0.0,0
2025-12-10T20:00,2025-12-10,20,Wednesday,12,0,11.1,71,9.6,0.0,3.2,0.0,0
2025-12-10T21:00,2025-12-10,21,Wednesday,12,0,9.9,77,8.3,0.0,4.0,0.0,0
2025-12-10T22:00,2025-12-10,22,Wednesday,12,0,8.4,83,6.7,0.0,4.7,0.0,0
2025-12-10T23:00,2025-12-10,23,Wednesday,12,0,9.1,77,7.8,0.0,1.8,0.0,0
2025-12-11T00:00,2025-12-11,0,Thursday,12,0,8.1,79,6.5,0.0,2.6,0.0,0
2025-12-11T01:00,2025-12-11,1,Thursday,12,0,6.9,82,5.0,0.0,3.9,0.0,0
2025-12-11T02:00,2025-12-11,2,Thursday,12,0,6.7,81,4.7,0.0,3.5,0.0,0
2025-12-11T03:00,2025-12-11,3,Thursday,12,0,6.7,78,4.6,0.0,3.3,0.0,0
2025-12-11T04:00,2025-12-11,4,Thursday,12,0,6.7,76,4.7,0.0,1.5,0.0,0
2025-12-11T05:00,2025-12-11,5,Thursday,12,0,8.9,63,7.0,0.0,0.7,0.0,0
2025-12-11T06:00,2025-12-11,6,Thursday,12,0,7.9,65,5.9,0.0,1.3,0.0,0
2025-12-11T07:00,2025-12-11,7,Thursday,12,0,6.9,66,4.8,0.0,1.5,0.0,0
2025-12-11T08:00,2025-12-11,8,Thursday,12,0,7.6,68,5.6,0.0,1.3,39.0,1
2025-12-11T09:00,2025-12-11,9,Thursday,12,0,10.7,62,8.9,0.0,2.3,175.0,1
2025-12-11T10:00,2025-12-11,10,Thursday,12,0,14.1,52,12.2,0.0,3.3,320.0,1
2025-12-11T11:00,2025-12-11,11,Thursday,12,0,16.1,48,14.3,0.0,4.4,436.0,1
2025-12-11T12:00,2025-12-11,12,Thursday,12,0,19.0,41,17.1,0.0,5.8,498.0,1
2025-12-11T13:00,2025-12-11,13,Thursday,12,0,20.8,38,18.9,0.0,5.6,497.0,1
2025-12-11T14:00,2025-12-11,14,Thursday,12,0,21.6,36,19.8,0.0,5.3,439.0,1
2025-12-11T15:00,2025-12-11,15,Thursday,12,0,21.3,39,19.7,0.0,4.8,326.0,1
2025-12-11T16:00,2025-12-11,16,Thursday,12,0,18.5,55,17.8,0.0,3.4,178.0,1
2025-12-11T17:00,2025-12-11,17,Thursday,12,0,15.6,54,14.4,0.0,2.1,41.0,0
2025-12-11T18:00,2025-12-11,18,Thursday,12,0,14.1,61,13.3,0.0,0.2,0.0,0
2025-12-11T19:00,2025-12-11,19,Thursday,12,0,11.9,68,10.8,0.0,1.3,0.0,0
2025-12-11T20:00,2025-12-11,20,Thursday,12,0,9.9,77,8.7,0.0,2.1,0.0,0
2025-12-11T21:00,2025-12-11,21,Thursday,12,0,9.1,81,7.6,0.0,2.8,0.0,0
2025-12-11T22:00,2025-12-11,22,Thursday,12,0,8.4,80,6.7,0.0,3.5,0.0,0
2025-12-11T23:00,2025-12-11,23,Thursday,12,0,10.1,64,8.5,0.0,1.4,0.0,0
2025-12-12T00:00,2025-12-12,0,Friday,12,1,9.1,63,6.9,0.0,3.6,0.0,0
2025-12-12T01:00,2025-12-12,1,Friday,12,1,9.1,58,6.7,0.0,2.8,0.0,0
2025-12-12T02:00,2025-12-12,2,Friday,12,1,8.7,58,6.4,0.0,2.2,0.0,0
2025-12-12T03:00,2025-12-12,3,Friday,12,1,8.8,57,6.6,0.0,0.6,0.0,0
2025-12-12T04:00,2025-12-12,4,Friday,12,1,8.6,56,6.3,0.0,1.2,0.0,0
2025-12-12T05:00,2025-12-12,5,Friday,12,1,9.1,58,7.0,0.0,0.6,0.0,0
2025-12-12T06:00,2025-12-12,6,Friday,12,1,9.0,54,6.8,0.0,0.5,0.0,0
2025-12-12T07:00,2025-12-12,7,Friday,12,1,7.9,56,5.4,0.0,2.3,0.0,0
2025-12-12T08:00,2025-12-12,8,Friday,12,1,8.2,61,5.9,0.0,2.3,37.0,1
2025-12-12T09:00,2025-12-12,9,Friday,12,1,11.1,56,9.2,0.0,1.7,171.0,1
2025-12-12T10:00,2025-12-12,10,Friday,12,1,14.4,48,12.3,0.0,4.7,318.0,1
2025-12-12T11:00,2025-12-12,11,Friday,12,1,16.2,46,14.4,0.0,3.6,432.0,1
2025-12-12T12:00,2025-12-12,12,Friday,12,1,18.4,43,16.7,0.0,3.9,469.0,1
2025-12-12T13:00,2025-12-12,13,Friday,12,1,19.5,41,17.9,0.0,4.3,394.0,1
2025-12-12T14:00,2025-12-12,14,Friday,12,1,20.1,41,18.5,0.0,4.3,350.0,1
2025-12-12T15:00,2025-12-12,15,Friday,12,1,20.0,42,18.7,0.0,3.3,279.0,1
2025-12-12T16:00,2025-12-12,16,Friday,12,1,17.9,58,17.2,0.0,3.1,153.0,1
2025-12-12T17:00,2025-12-12,17,Friday,12,1,15.9,56,14.8,0.0,2.7,29.0,0
2025-12-12T18:00,2025-12-12,18,Friday,12,1,15.1,59,14.2,0.0,1.3,0.0,0
2025-12-12T19:00,2025-12-12,19,Friday,12,1,13.1,67,11.8,0.0,3.7,0.0,0
2025-12-12T20:00,2025-12-12,20,Friday,12,1,12.5,72,11.3,0.0,4.1,0.0,0
2025-12-12T21:00,2025-12-12,21,Friday,12,1,12.3,72,11.3,0.0,2.3,0.0,0
2025-12-12T22:00,2025-12-12,22,Friday,12,1,11.8,72,10.5,0.0,3.3,0.0,0
2025-12-12T23:00,2025-12-12,23,Friday,12,1,11.1,73,9.5,0.0,4.1,0.0,0
2025-12-13T00:00,2025-12-13,0,Saturday,12,1,10.9,71,9.4,0.0,2.9,0.0,0
2025-12-13T01:00,2025-12-13,1,Saturday,12,1,10.2,71,8.4,0.0,4.8,0.0,0
2025-12-13T02:00,2025-12-13,2,Saturday,12,1,10.6,67,9.0,0.0,2.3,0.0,0
2025-12-13T03:00,2025-12-13,3,Saturday,12,1,10.0,68,8.2,0.0,3.5,0.0,0
2025-12-13T04:00,2025-12-13,4,Saturday,12,1,10.1,67,8.4,0.0,1.7,0.0,0
2025-12-13T05:00,2025-12-13,5,Saturday,12,1,9.9,66,8.3,0.0,1.0,0.0,0
2025-12-13T06:00,2025-12-13,6,Saturday,12,1,9.2,66,7.3,0.0,2.8,0.0,0
2025-12-13T07:00,2025-12-13,7,Saturday,12,1,8.6,67,6.5,0.0,3.1,0.0,0
2025-12-13T08:00,2025-12-13,8,Saturday,12,1,9.4,68,7.5,0.0,3.3,30.0,1
2025-12-13T09:00,2025-12-13,9,Saturday,12,1,12.2,61,10.4,0.0,4.2,127.0,1
2025-12-13T10:00,2025-12-13,10,Saturday,12,1,15.1,54,13.7,0.0,2.3,226.0,1
2025-12-13T11:00,2025-12-13,11,Saturday,12,1,15.9,49,14.7,0.0,1.0,255.0,1
2025-12-13T12:00,2025-12-13,12,Saturday,12,1,18.0,47,16.4,0.0,5.0,390.0,1
2025-12-13T13:00,2025-12-13,13,Saturday,12,1,18.6,46,17.3,0.0,3.5,338.0,1
2025-12-13T14:00,2025-12-13,14,Saturday,12,1,18.7,46,17.6,0.0,2.2,309.0,1
2025-12-13T15:00,2025-12-13,15,Saturday,12,1,18.6,47,17.8,0.0,0.6,244.0,1
2025-12-13T16:00,2025-12-13,16,Saturday,12,1,17.6,57,17.2,0.0,0.6,124.0,1
2025-12-13T17:00,2025-12-13,17,Saturday,12,1,15.8,60,15.1,0.0,1.6,29.0,0
2025-12-13T18:00,2025-12-13,18,Saturday,12,1,14.1,69,13.2,0.0,3.5,0.0,0
2025-12-13T19:00,2025-12-13,19,Saturday,12,1,13.0,75,12.2,0.0,3.0,0.0,0
2025-12-13T20:00,2025-12-13,20,Saturday,12,1,12.2,77,11.4,0.0,2.2,0.0,0
2025-12-13T21:00,2025-12-13,21,Saturday,12,1,11.9,75,11.1,0.0,1.5,0.0,0
2025-12-13T22:00,2025-12-13,22,Saturday,12,1,11.3,75,10.3,0.0,2.0,0.0,0
2025-12-13T23:00,2025-12-13,23,Saturday,12,1,11.8,71,10.8,0.0,1.0,0.0,0
2025-12-14T00:00,2025-12-14,0,Sunday,12,1,10.9,72,9.6,0.0,2.1,0.0,0
2025-12-14T01:00,2025-12-14,1,Sunday,12,1,10.1,73,8.6,0.0,2.8,0.0,0
2025-12-14T02:00,2025-12-14,2,Sunday,12,1,9.6,75,8.3,0.0,1.4,0.0,0
2025-12-14T03:00,2025-12-14,3,Sunday,12,1,9.2,78,7.7,0.0,2.5,0.0,0
2025-12-14T04:00,2025-12-14,4,Sunday,12,1,7.8,86,6.4,0.0,2.8,0.0,0
2025-12-14T05:00,2025-12-14,5,Sunday,12,1,8.1,88,6.8,0.0,2.4,0.0,0
2025-12-14T06:00,2025-12-14,6,Sunday,12,1,8.9,83,7.7,0.0,2.4,0.0,0
2025-12-14T07:00,2025-12-14,7,Sunday,12,1,8.6,81,7.4,0.0,0.4,0.0,0
2025-12-14T08:00,2025-12-14,8,Sunday,12,1,9.0,81,7.7,0.0,1.8,34.0,1
2025-12-14T09:00,2025-12-14,9,Sunday,12,1,12.0,71,10.9,0.0,2.4,149.0,1
2025-12-14T10:00,2025-12-14,10,Sunday,12,1,15.0,60,13.9,0.0,2.8,268.0,1
2025-12-14T11:00,2025-12-14,11,Sunday,12,1,16.4,59,15.3,0.0,3.8,381.0,1
2025-12-14T12:00,2025-12-14,12,Sunday,12,1,18.0,53,16.9,0.0,4.9,422.0,1
2025-12-14T13:00,2025-12-14,13,Sunday,12,1,19.2,49,18.2,0.0,3.8,435.0,1
2025-12-14T14:00,2025-12-14,14,Sunday,12,1,19.7,46,18.7,0.0,3.0,371.0,1
2025-12-14T15:00,2025-12-14,15,Sunday,12,1,19.5,47,18.6,0.0,1.9,267.0,1
2025-12-14T16:00,2025-12-14,16,Sunday,12,1,18.0,60,17.9,0.0,1.0,142.0,1
2025-12-14T17:00,2025-12-14,17,Sunday,12,1,16.0,61,15.5,0.0,1.2,35.0,1
2025-12-14T18:00,2025-12-14,18,Sunday,12,1,14.5,65,13.7,0.0,1.9,0.0,0
2025-12-14T19:00,2025-12-14,19,Sunday,12,1,12.9,70,11.9,0.0,2.1,0.0,0
2025-12-14T20:00,2025-12-14,20,Sunday,12,1,11.4,75,10.2,0.0,3.1,0.0,0
2025-12-14T21:00,2025-12-14,21,Sunday,12,1,10.7,78,9.5,0.0,3.4,0.0,0
2025-12-14T22:00,2025-12-14,22,Sunday,12,1,10.3,80,9.0,0.0,3.4,0.0,0
2025-12-14T23:00,2025-12-14,23,Sunday,12,1,10.2,79,8.9,0.0,3.6,0.0,0
2025-12-15T00:00,2025-12-15,0,Monday,12,0,9.9,83,8.6,0.0,4.2,0.0,0
2025-12-15T01:00,2025-12-15,1,Monday,12,0,9.4,85,8.3,0.0,2.6,0.0,0
2025-12-15T02:00,2025-12-15,2,Monday,12,0,9.1,87,7.9,0.0,2.5,0.0,0
2025-12-15T03:00,2025-12-15,3,Monday,12,0,8.1,90,6.7,0.0,3.2,0.0,0
2025-12-15T04:00,2025-12-15,4,Monday,12,0,8.1,91,6.8,0.0,2.8,0.0,0
2025-12-15T05:00,2025-12-15,5,Monday,12,0,8.1,90,7.0,0.0,0.9,0.0,0
2025-12-15T06:00,2025-12-15,6,Monday,12,0,7.2,91,5.9,0.0,1.4,0.0,0
2025-12-15T07:00,2025-12-15,7,Monday,12,0,6.4,92,5.0,0.0,1.9,0.0,0
2025-12-15T08:00,2025-12-15,8,Monday,12,0,7.8,88,6.5,0.0,2.1,32.0,1
2025-12-15T09:00,2025-12-15,9,Monday,12,0,11.2,78,10.4,0.0,1.3,146.0,1
2025-12-15T10:00,2025-12-15,10,Monday,12,0,14.4,65,13.3,0.0,3.6,273.0,1
2025-12-15T11:00,2025-12-15,11,Monday,12,0,16.9,59,16.1,0.0,3.4,365.0,1
2025-12-15T12:00,2025-12-15,12,Monday,12,0,19.2,53,18.4,0.0,4.7,452.0,1
2025-12-15T13:00,2025-12-15,13,Monday,12,0,20.6,49,19.8,0.0,4.8,469.0,1
2025-12-15T14:00,2025-12-15,14,Monday,12,0,21.1,46,20.2,0.0,4.4,402.0,1
2025-12-15T15:00,2025-12-15,15,Monday,12,0,20.8,46,19.9,0.0,3.7,296.0,1
2025-12-15T16:00,2025-12-15,16,Monday,12,0,18.7,63,18.8,0.0,2.7,167.0,1
2025-12-15T17:00,2025-12-15,17,Monday,12,0,16.0,64,15.5,0.0,2.0,41.0,1
2025-12-15T18:00,2025-12-15,18,Monday,12,0,14.6,70,14.4,0.0,0.4,0.0,0
2025-12-15T19:00,2025-12-15,19,Monday,12,0,12.8,78,12.4,0.0,0.4,0.0,0
2025-12-15T20:00,2025-12-15,20,Monday,12,0,10.8,87,10.3,0.0,0.8,0.0,0
2025-12-15T21:00,2025-12-15,21,Monday,12,0,9.5,91,8.8,0.0,1.3,0.0,0
2025-12-15T22:00,2025-12-15,22,Monday,12,0,8.8,92,7.9,0.0,1.7,0.0,0
2025-12-15T23:00,2025-12-15,23,Monday,12,0,9.1,89,8.4,0.0,0.6,0.0,0
2025-12-16T00:00,2025-12-16,0,Tuesday,12,0,8.6,87,7.5,0.0,1.5,0.0,0
2025-12-16T01:00,2025-12-16,1,Tuesday,12,0,7.9,86,6.4,0.0,2.7,0.0,0
2025-12-16T02:00,2025-12-16,2,Tuesday,12,0,7.7,84,6.3,0.0,1.3,0.0,0
2025-12-16T03:00,2025-12-16,3,Tuesday,12,0,7.6,83,6.1,0.0,1.0,0.0,0
2025-12-16T04:00,2025-12-16,4,Tuesday,12,0,7.4,80,5.8,0.0,1.2,0.0,0
2025-12-16T05:00,2025-12-16,5,Tuesday,12,0,7.7,81,6.3,0.0,0.6,0.0,0
2025-12-16T06:00,2025-12-16,6,Tuesday,12,0,6.8,83,5.1,0.0,1.4,0.0,0
2025-12-16T07:00,2025-12-16,7,Tuesday,12,0,6.6,81,5.0,0.0,0.9,0.0,0
2025-12-16T08:00,2025-12-16,8,Tuesday,12,0,7.9,79,6.4,0.0,1.6,31.0,1
2025-12-16T09:00,2025-12-16,9,Tuesday,12,0,11.4,67,9.8,0.0,3.2,161.0,1
2025-12-16T10:00,2025-12-16,10,Tuesday,12,0,14.9,58,13.5,0.0,4.4,306.0,1
2025-12-16T11:00,2025-12-16,11,Tuesday,12,0,17.7,54,16.8,0.0,2.8,421.0,1
2025-12-16T12:00,2025-12-16,12,Tuesday,12,0,20.8,48,20.0,0.0,3.4,483.0,1
2025-12-16T13:00,2025-12-16,13,Tuesday,12,0,23.0,41,21.9,0.0,4.9,485.0,1
2025-12-16T14:00,2025-12-16,14,Tuesday,12,0,23.6,35,22.0,0.0,6.7,412.0,1
2025-12-16T15:00,2025-12-16,15,Tuesday,12,0,22.9,39,21.6,0.0,5.9,299.0,1
2025-12-16T16:00,2025-12-16,16,Tuesday,12,0,19.9,53,19.2,0.0,5.1,152.0,1
2025-12-16T17:00,2025-12-16,17,Tuesday,12,0,16.6,59,15.7,0.0,4.4,37.0,1
2025-12-16T18:00,2025-12-16,18,Tuesday,12,0,14.9,66,14.3,0.0,2.0,0.0,0
2025-12-16T19:00,2025-12-16,19,Tuesday,12,0,13.6,72,13.2,0.0,0.4,0.0,0
2025-12-16T20:00,2025-12-16,20,Tuesday,12,0,11.8,78,11.2,0.0,0.7,0.0,0
2025-12-16T21:00,2025-12-16,21,Tuesday,12,0,10.7,83,10.1,0.0,0.7,0.0,0
2025-12-16T22:00,2025-12-16,22,Tuesday,12,0,10.4,84,9.7,0.0,1.3,0.0,0
2025-12-16T23:00,2025-12-16,23,Tuesday,12,0,10.6,82,9.8,0.0,0.9,0.0,0
2025-12-17T00:00,2025-12-17,0,Wednesday,12,0,10.1,80,9.2,0.0,1.4,0.0,0
2025-12-17T01:00,2025-12-17,1,Wednesday,12,0,9.4,80,8.2,0.0,1.8,0.0,0
2025-12-17T02:00,2025-12-17,2,Wednesday,12,0,8.5,81,7.0,0.0,2.7,0.0,0
2025-12-17T03:00,2025-12-17,3,Wednesday,12,0,8.4,80,7.0,0.0,1.8,0.0,0
2025-12-17T04:00,2025-12-17,4,Wednesday,12,0,8.2,79,6.9,0.0,0.9,0.0,0
2025-12-17T05:00,2025-12-17,5,Wednesday,12,0,9.0,78,7.8,0.0,0.6,0.0,0
2025-12-17T06:00,2025-12-17,6,Wednesday,12,0,8.8,74,7.1,0.0,2.6,0.0,0
2025-12-17T07:00,2025-12-17,7,Wednesday,12,0,8.8,71,7.1,0.0,1.4,0.0,0
2025-12-17T08:00,2025-12-17,8,Wednesday,12,0,9.6,70,8.0,0.0,1.5,32.0,1
2025-12-17T09:00,2025-12-17,9,Wednesday,12,0,12.4,63,10.7,0.0,3.5,152.0,1
2025-12-17T10:00,2025-12-17,10,Wednesday,12,0,15.5,55,14.0,0.0,3.9,291.0,1
2025-12-17T11:00,2025-12-17,11,Wednesday,12,0,17.0,53,15.8,0.0,2.9,400.0,1
2025-12-17T12:00,2025-12-17,12,Wednesday,12,0,19.5,48,18.4,0.0,4.2,438.0,1
2025-12-17T13:00,2025-12-17,13,Wednesday,12,0,21.1,45,20.2,0.0,4.7,442.0,1
2025-12-17T14:00,2025-12-17,14,Wednesday,12,0,22.0,43,21.1,0.0,4.6,380.0,1
2025-12-17T15:00,2025-12-17,15,Wednesday,12,0,21.9,44,21.0,0.0,4.5,278.0,1
2025-12-17T16:00,2025-12-17,16,Wednesday,12,0,19.1,61,18.9,0.0,4.0,132.0,1
2025-12-17T17:00,2025-12-17,17,Wednesday,12,0,17.2,58,16.9,0.0,0.9,33.0,1
2025-12-17T18:00,2025-12-17,18,Wednesday,12,0,15.9,63,15.6,0.0,0.4,0.0,0
2025-12-17T19:00,2025-12-17,19,Wednesday,12,0,14.4,69,13.8,0.0,1.2,0.0,0
2025-12-17T20:00,2025-12-17,20,Wednesday,12,0,12.8,75,12.1,0.0,2.3,0.0,0
2025-12-17T21:00,2025-12-17,21,Wednesday,12,0,11.9,79,11.2,0.0,1.7,0.0,0
2025-12-17T22:00,2025-12-17,22,Wednesday,12,0,11.4,77,10.5,0.0,1.7,0.0,0
2025-12-17T23:00,2025-12-17,23,Wednesday,12,0,12.1,69,11.1,0.0,0.9,0.0,0
2025-12-18T00:00,2025-12-18,0,Thursday,12,0,12.1,65,10.8,0.0,2.4,0.0,0
2025-12-18T01:00,2025-12-18,1,Thursday,12,0,12.4,61,11.1,0.0,1.2,0.0,0
2025-12-18T02:00,2025-12-18,2,Thursday,12,0,12.6,59,11.3,0.0,0.6,0.0,0
2025-12-18T03:00,2025-12-18,3,Thursday,12,0,12.7,57,11.3,0.0,0.6,0.0,0
2025-12-18T04:00,2025-12-18,4,Thursday,12,0,12.2,56,10.7,0.0,0.7,0.0,0
2025-12-18T05:00,2025-12-18,5,Thursday,12,0,11.8,62,10.4,0.0,0.7,0.0,0
2025-12-18T06:00,2025-12-18,6,Thursday,12,0,10.9,61,9.1,0.0,2.1,0.0,0
2025-12-18T07:00,2025-12-18,7,Thursday,12,0,9.9,61,7.9,0.0,2.2,0.0,0
2025-12-18T08:00,2025-12-18,8,Thursday,12,0,10.4,64,8.8,0.0,0.8,20.0,1
2025-12-18T09:00,2025-12-18,9,Thursday,12,0,12.6,57,10.9,0.0,1.8,100.0,1
2025-12-18T10:00,2025-12-18,10,Thursday,12,0,15.9,53,14.8,0.0,0.9,244.0,1
2025-12-18T11:00,2025-12-18,11,Thursday,12,0,17.2,48,16.1,0.0,0.6,316.0,1
2025-12-18T12:00,2025-12-18,12,Thursday,12,0,19.5,41,18.2,0.0,1.8,443.0,1
2025-12-18T13:00,2025-12-18,13,Thursday,12,0,20.9,39,19.4,0.0,3.7,440.0,1
2025-12-18T14:00,2025-12-18,14,Thursday,12,0,21.3,40,20.1,0.0,3.2,324.0,1
2025-12-18T15:00,2025-12-18,15,Thursday,12,0,21.0,43,19.8,0.0,4.0,235.0,1
2025-12-18T16:00,2025-12-18,16,Thursday,12,0,19.3,59,19.3,0.0,2.1,106.0,1
2025-12-18T17:00,2025-12-18,17,Thursday,12,0,16.9,62,16.7,0.0,0.5,37.0,1
2025-12-18T18:00,2025-12-18,18,Thursday,12,0,15.3,66,14.9,0.0,1.3,0.0,0
2025-12-18T19:00,2025-12-18,19,Thursday,12,0,13.8,71,13.1,0.0,2.1,0.0,0
2025-12-18T20:00,2025-12-18,20,Thursday,12,0,12.6,76,12.0,0.0,1.6,0.0,0
2025-12-18T21:00,2025-12-18,21,Thursday,12,0,11.1,81,10.4,0.0,1.5,0.0,0
2025-12-18T22:00,2025-12-18,22,Thursday,12,0,10.3,83,9.4,0.0,1.8,0.0,0
2025-12-18T23:00,2025-12-18,23,Thursday,12,0,11.1,78,10.4,0.0,0.4,0.0,0
2025-12-19T00:00,2025-12-19,0,Friday,12,1,10.1,81,8.7,0.0,3.9,0.0,0
2025-12-19T01:00,2025-12-19,1,Friday,12,1,9.8,80,8.6,0.0,2.1,0.0,0
2025-12-19T02:00,2025-12-19,2,Friday,12,1,9.2,80,8.1,0.0,1.2,0.0,0
2025-12-19T03:00,2025-12-19,3,Friday,12,1,8.9,80,7.7,0.0,0.8,0.0,0
2025-12-19T04:00,2025-12-19,4,Friday,12,1,8.2,80,6.8,0.0,1.7,0.0,0
2025-12-19T05:00,2025-12-19,5,Friday,12,1,9.6,76,8.3,0.0,1.7,0.0,0
2025-12-19T06:00,2025-12-19,6,Friday,12,1,9.1,77,7.6,0.0,2.2,0.0,0
2025-12-19T07:00,2025-12-19,7,Friday,12,1,8.2,78,6.6,0.0,2.0,0.0,0
2025-12-19T08:00,2025-12-19,8,Friday,12,1,8.8,78,7.4,0.0,1.3,31.0,1
2025-12-19T09:00,2025-12-19,9,Friday,12,1,11.6,69,9.9,0.0,5.2,158.0,1
2025-12-19T10:00,2025-12-19,10,Friday,12,1,14.6,57,13.0,0.0,4.2,305.0,1
2025-12-19T11:00,2025-12-19,11,Friday,12,1,15.9,55,14.5,0.0,4.3,421.0,1
2025-12-19T12:00,2025-12-19,12,Friday,12,1,18.2,50,17.0,0.0,4.7,485.0,1
2025-12-19T13:00,2025-12-19,13,Friday,12,1,20.0,46,19.0,0.0,3.1,489.0,1
2025-12-19T14:00,2025-12-19,14,Friday,12,1,20.7,45,19.6,0.0,4.2,427.0,1
2025-12-19T15:00,2025-12-19,15,Friday,12,1,20.6,44,19.6,0.0,3.9,301.0,1
2025-12-19T16:00,2025-12-19,16,Friday,12,1,18.3,59,17.8,0.0,4.0,168.0,1
2025-12-19T17:00,2025-12-19,17,Friday,12,1,15.9,56,14.9,0.0,1.3,44.0,1
2025-12-19T18:00,2025-12-19,18,Friday,12,1,14.2,60,13.2,0.0,1.0,0.0,0
2025-12-19T19:00,2025-12-19,19,Friday,12,1,13.4,67,12.0,0.0,4.5,0.0,0
2025-12-19T20:00,2025-12-19,20,Friday,12,1,12.9,71,11.7,0.0,3.6,0.0,0
2025-12-19T21:00,2025-12-19,21,Friday,12,1,12.1,74,11.4,0.0,1.4,0.0,0
2025-12-19T22:00,2025-12-19,22,Friday,12,1,11.9,76,11.1,0.0,1.2,0.0,0
2025-12-19T23:00,2025-12-19,23,Friday,12,1,11.5,77,10.6,0.0,1.7,0.0,0
2025-12-20T00:00,2025-12-20,0,Saturday,12,1,11.6,74,10.4,0.0,2.8,0.0,0
2025-12-20T01:00,2025-12-20,1,Saturday,12,1,12.1,70,11.2,0.0,0.4,0.0,0
2025-12-20T02:00,2025-12-20,2,Saturday,12,1,11.8,69,10.7,0.0,1.2,0.0,0
2025-12-20T03:00,2025-12-20,3,Saturday,12,1,11.5,69,10.4,0.0,0.9,0.0,0
2025-12-20T04:00,2025-12-20,4,Saturday,12,1,11.4,67,10.2,0.0,0.9,0.0,0
2025-12-20T05:00,2025-12-20,5,Saturday,12,1,11.1,67,9.8,0.0,1.5,0.0,0
2025-12-20T06:00,2025-12-20,6,Saturday,12,1,10.2,68,8.6,0.0,1.9,0.0,0
2025-12-20T07:00,2025-12-20,7,Saturday,12,1,8.3,75,6.4,0.0,3.3,0.0,0
2025-12-20T08:00,2025-12-20,8,Saturday,12,1,8.9,75,7.1,0.0,3.2,29.0,1
2025-12-20T09:00,2025-12-20,9,Saturday,12,1,11.8,69,10.1,0.0,4.5,147.0,1
2025-12-20T10:00,2025-12-20,10,Saturday,12,1,15.1,57,14.1,0.0,1.6,272.0,1
2025-12-20T11:00,2025-12-20,11,Saturday,12,1,16.6,47,15.2,0.0,1.9,353.0,1
2025-12-20T12:00,2025-12-20,12,Saturday,12,1,18.4,41,16.9,0.0,1.7,385.0,1
2025-12-20T13:00,2025-12-20,13,Saturday,12,1,19.0,40,17.4,0.0,2.8,315.0,1
2025-12-20T14:00,2025-12-20,14,Saturday,12,1,19.1,40,17.5,0.0,2.9,230.0,1
2025-12-20T15:00,2025-12-20,15,Saturday,12,1,19.2,41,17.8,0.0,2.2,224.0,1
2025-12-20T16:00,2025-12-20,16,Saturday,12,1,17.6,51,16.7,0.0,1.8,66.0,1
2025-12-20T17:00,2025-12-20,17,Saturday,12,1,15.9,59,15.2,0.0,1.5,9.0,1
2025-12-20T18:00,2025-12-20,18,Saturday,12,1,14.6,63,13.5,0.0,3.0,0.0,0
2025-12-20T19:00,2025-12-20,19,Saturday,12,1,14.4,63,13.6,0.0,1.5,0.0,0
2025-12-20T20:00,2025-12-20,20,Saturday,12,1,14.4,64,13.7,0.0,0.2,0.0,0
2025-12-20T21:00,2025-12-20,21,Saturday,12,1,14.1,67,13.4,0.0,0.6,0.0,0
2025-12-20T22:00,2025-12-20,22,Saturday,12,1,12.9,70,11.8,0.1,3.7,0.0,0
2025-12-20T23:00,2025-12-20,23,Saturday,12,1,12.9,72,11.7,0.0,4.0,0.0,0
2025-12-21T00:00,2025-12-21,0,Sunday,12,1,12.2,78,11.6,0.6,1.8,0.0,0
2025-12-21T01:00,2025-12-21,1,Sunday,12,1,12.4,79,11.3,0.0,6.1,0.0,0
2025-12-21T02:00,2025-12-21,2,Sunday,12,1,12.5,80,11.5,0.0,5.1,0.0,0
2025-12-21T03:00,2025-12-21,3,Sunday,12,1,12.9,77,12.0,0.0,5.1,0.0,0
2025-12-21T04:00,2025-12-21,4,Sunday,12,1,12.6,77,11.5,0.9,4.6,0.0,0
2025-12-21T05:00,2025-12-21,5,Sunday,12,1,11.9,82,11.6,0.0,0.0,0.0,0
2025-12-21T06:00,2025-12-21,6,Sunday,12,1,11.4,81,10.3,0.0,4.0,0.0,0
2025-12-21T07:00,2025-12-21,7,Sunday,12,1,12.4,77,11.3,0.0,4.9,0.0,0
2025-12-21T08:00,2025-12-21,8,Sunday,12,1,12.4,79,11.8,0.2,2.1,16.0,1
2025-12-21T09:00,2025-12-21,9,Sunday,12,1,13.3,81,11.9,2.4,9.7,78.0,1
2025-12-21T10:00,2025-12-21,10,Sunday,12,1,14.6,78,13.9,0.0,6.3,137.0,1
2025-12-21T11:00,2025-12-21,11,Sunday,12,1,16.3,65,15.5,0.8,4.9,283.0,1
2025-12-21T12:00,2025-12-21,12,Sunday,12,1,17.0,59,15.8,0.0,6.4,304.0,1
2025-12-21T13:00,2025-12-21,13,Sunday,12,1,17.0,56,15.6,0.1,6.6,204.0,1
2025-12-21T14:00,2025-12-21,14,Sunday,12,1,16.1,64,14.7,0.8,8.7,214.0,1
2025-12-21T15:00,2025-12-21,15,Sunday,12,1,14.8,75,13.6,0.3,8.9,80.0,1
2025-12-21T16:00,2025-12-21,16,Sunday,12,1,14.6,81,14.2,1.9,5.7,82.0,1
2025-12-21T17:00,2025-12-21,17,Sunday,12,1,13.7,87,14.0,0.0,1.4,29.0,1
2025-12-21T18:00,2025-12-21,18,Sunday,12,1,12.7,89,12.7,0.0,2.0,0.0,0
2025-12-21T19:00,2025-12-21,19,Sunday,12,1,12.1,88,12.0,0.0,1.5,0.0,0
2025-12-21T20:00,2025-12-21,20,Sunday,12,1,11.0,90,10.3,0.0,3.4,0.0,0
2025-12-21T21:00,2025-12-21,21,Sunday,12,1,10.3,90,9.5,0.0,3.2,0.0,0
2025-12-21T22:00,2025-12-21,22,Sunday,12,1,9.8,90,9.1,0.0,1.3,0.0,0
2025-12-21T23:00,2025-12-21,23,Sunday,12,1,10.9,85,10.5,0.0,0.7,0.0,0
2025-12-22T00:00,2025-12-22,0,Monday,12,0,10.3,85,9.6,0.1,0.9,0.0,0
2025-12-22T01:00,2025-12-22,1,Monday,12,0,10.3,86,9.7,0.0,0.9,0.0,0
2025-12-22T02:00,2025-12-22,2,Monday,12,0,9.8,89,9.0,0.0,2.2,0.0,0
2025-12-22T03:00,2025-12-22,3,Monday,12,0,9.4,91,8.8,0.0,0.4,0.0,0
2025-12-22T04:00,2025-12-22,4,Monday,12,0,10.1,89,9.4,0.7,1.5,0.0,0
2025-12-22T05:00,2025-12-22,5,Monday,12,0,9.8,90,9.1,6.1,1.7,0.0,0
2025-12-22T06:00,2025-12-22,6,Monday,12,0,9.4,93,8.6,0.1,2.2,0.0,0
2025-12-22T07:00,2025-12-22,7,Monday,12,0,9.4,94,8.3,0.7,4.5,0.0,0
2025-12-22T08:00,2025-12-22,8,Monday,12,0,9.9,93,8.4,0.1,8.5,19.0,1
2025-12-22T09:00,2025-12-22,9,Monday,12,0,12.1,84,10.8,0.0,8.4,103.0,1
2025-12-22T10:00,2025-12-22,10,Monday,12,0,15.1,70,14.8,0.0,1.9,244.0,1
2025-12-22T11:00,2025-12-22,11,Monday,12,0,17.3,61,17.1,0.0,1.4,353.0,1
2025-12-22T12:00,2025-12-22,12,Monday,12,0,18.5,56,17.8,0.1,4.2,398.0,1
2025-12-22T13:00,2025-12-22,13,Monday,12,0,19.5,53,19.0,0.0,2.9,455.0,1
2025-12-22T14:00,2025-12-22,14,Monday,12,0,19.9,49,18.7,0.0,6.7,381.0,1
2025-12-22T15:00,2025-12-22,15,Monday,12,0,18.7,54,16.7,0.0,12.5,286.0,1
2025-12-22T16:00,2025-12-22,16,Monday,12,0,17.5,61,16.0,0.0,10.3,123.0,1
2025-12-22T17:00,2025-12-22,17,Monday,12,0,13.8,87,14.0,0.0,2.2,41.0,1
2025-12-22T18:00,2025-12-22,18,Monday,12,0,13.8,85,13.0,0.0,7.8,0.0,0
2025-12-22T19:00,2025-12-22,19,Monday,12,0,12.4,83,11.4,0.0,6.2,0.0,0
2025-12-22T20:00,2025-12-22,20,Monday,12,0,10.8,89,9.9,0.0,4.3,0.0,0
2025-12-22T21:00,2025-12-22,21,Monday,12,0,10.3,87,9.5,0.0,2.2,0.0,0
2025-12-22T22:00,2025-12-22,22,Monday,12,0,9.2,87,7.9,0.0,4.3,0.0,0
2025-12-22T23:00,2025-12-22,23,Monday,12,0,9.4,89,8.5,0.0,1.7,0.0,0
2025-12-23T00:00,2025-12-23,0,Tuesday,12,0,9.2,89,8.1,0.0,3.8,0.0,0
2025-12-23T01:00,2025-12-23,1,Tuesday,12,0,9.5,85,8.6,0.3,0.9,0.0,0
2025-12-23T02:00,2025-12-23,2,Tuesday,12,0,8.8,93,8.1,0.0,0.9,0.0,0
2025-12-23T03:00,2025-12-23,3,Tuesday,12,0,8.2,98,7.6,0.0,0.3,0.0,0
2025-12-23T04:00,2025-12-23,4,Tuesday,12,0,7.8,100,7.2,0.0,0.6,0.0,0
2025-12-23T05:00,2025-12-23,5,Tuesday,12,0,9.2,97,8.7,0.0,1.5,0.0,0
2025-12-23T06:00,2025-12-23,6,Tuesday,12,0,8.9,97,8.2,0.0,1.6,0.0,0
2025-12-23T07:00,2025-12-23,7,Tuesday,12,0,8.1,97,7.3,0.0,1.7,0.0,0
2025-12-23T08:00,2025-12-23,8,Tuesday,12,0,8.4,96,7.5,0.0,1.9,27.0,1
2025-12-23T09:00,2025-12-23,9,Tuesday,12,0,11.1,87,10.8,0.0,0.8,151.0,1
2025-12-23T10:00,2025-12-23,10,Tuesday,12,0,14.1,77,13.8,0.0,2.2,295.0,1
2025-12-23T11:00,2025-12-23,11,Tuesday,12,0,16.6,65,16.1,0.0,4.1,414.0,1
2025-12-23T12:00,2025-12-23,12,Tuesday,12,0,18.8,54,17.8,0.0,5.4,478.0,1
2025-12-23T13:00,2025-12-23,13,Tuesday,12,0,20.0,46,18.6,0.0,6.0,480.0,1
2025-12-23T14:00,2025-12-23,14,Tuesday,12,0,20.4,42,18.6,0.0,6.9,429.0,1
2025-12-23T15:00,2025-12-23,15,Tuesday,12,0,20.0,43,18.0,0.0,8.6,323.0,1
2025-12-23T16:00,2025-12-23,16,Tuesday,12,0,18.1,53,16.5,0.0,8.5,183.0,1
2025-12-23T17:00,2025-12-23,17,Tuesday,12,0,15.0,66,13.7,0.0,6.9,46.0,1
2025-12-23T18:00,2025-12-23,18,Tuesday,12,0,13.4,74,12.4,0.0,5.4,0.0,0
2025-12-23T19:00,2025-12-23,19,Tuesday,12,0,12.6,77,11.9,0.0,2.5,0.0,0
2025-12-23T20:00,2025-12-23,20,Tuesday,12,0,12.1,78,11.4,0.0,1.5,0.0,0
2025-12-23T21:00,2025-12-23,21,Tuesday,12,0,11.2,80,10.5,0.0,1.0,0.0,0
2025-12-23T22:00,2025-12-23,22,Tuesday,12,0,10.4,83,9.5,0.0,1.2,0.0,0
2025-12-23T23:00,2025-12-23,23,Tuesday,12,0,9.8,86,8.9,0.0,2.1,0.0,0
2025-12-24T00:00,2025-12-24,0,Wednesday,12,0,9.6,85,8.7,0.0,1.7,0.0,0
2025-12-24T01:00,2025-12-24,1,Wednesday,12,0,9.1,85,8.2,0.0,1.0,0.0,0
2025-12-24T02:00,2025-12-24,2,Wednesday,12,0,8.5,86,7.4,0.0,0.8,0.0,0
2025-12-24T03:00,2025-12-24,3,Wednesday,12,0,8.0,86,6.8,0.0,0.8,0.0,0
2025-12-24T04:00,2025-12-24,4,Wednesday,12,0,7.4,86,6.1,0.0,1.0,0.0,0
2025-12-24T05:00,2025-12-24,5,Wednesday,12,0,7.6,88,6.4,0.0,0.4,0.0,0
2025-12-24T06:00,2025-12-24,6,Wednesday,12,0,7.2,84,5.7,0.0,1.3,0.0,0
2025-12-24T07:00,2025-12-24,7,Wednesday,12,0,6.9,82,5.5,0.0,0.6,0.0,0
2025-12-24T08:00,2025-12-24,8,Wednesday,12,0,7.7,80,6.3,0.0,0.7,28.0,1
2025-12-24T09:00,2025-12-24,9,Wednesday,12,0,10.9,72,9.4,0.0,3.2,156.0,1
2025-12-24T10:00,2025-12-24,10,Wednesday,12,0,14.2,63,12.9,0.0,4.4,305.0,1
2025-12-24T11:00,2025-12-24,11,Wednesday,12,0,17.0,59,16.3,0.0,2.6,424.0,1
2025-12-24T12:00,2025-12-24,12,Wednesday,12,0,19.6,51,18.8,0.0,3.5,492.0,1
2025-12-24T13:00,2025-12-24,13,Wednesday,12,0,21.2,41,20.0,0.0,4.3,500.0,1
2025-12-24T14:00,2025-12-24,14,Wednesday,12,0,21.5,37,19.4,0.0,8.4,447.0,1
2025-12-24T15:00,2025-12-24,15,Wednesday,12,0,20.3,43,18.1,0.0,10.5,338.0,1
2025-12-24T16:00,2025-12-24,16,Wednesday,12,0,18.1,50,16.4,0.0,7.9,190.0,1
2025-12-24T17:00,2025-12-24,17,Wednesday,12,0,14.0,62,12.3,0.0,6.0,49.0,1
2025-12-24T18:00,2025-12-24,18,Wednesday,12,0,12.4,69,11.3,0.0,2.0,0.0,0
2025-12-24T19:00,2025-12-24,19,Wednesday,12,0,10.6,77,9.6,0.0,0.8,0.0,0
2025-12-24T20:00,2025-12-24,20,Wednesday,12,0,8.9,85,7.9,0.0,0.9,0.0,0
2025-12-24T21:00,2025-12-24,21,Wednesday,12,0,7.8,91,6.6,0.0,1.2,0.0,0
2025-12-24T22:00,2025-12-24,22,Wednesday,12,0,7.1,92,5.8,0.0,1.9,0.0,0
2025-12-24T23:00,2025-12-24,23,Wednesday,12,0,7.3,92,6.3,0.0,0.4,0.0,0
2025-12-25T00:00,2025-12-25,0,Thursday,12,0,7.1,88,5.6,0.0,2.5,0.0,0
2025-12-25T01:00,2025-12-25,1,Thursday,12,0,6.8,84,5.0,0.0,3.1,0.0,0
2025-12-25T02:00,2025-12-25,2,Thursday,12,0,6.7,81,4.9,0.0,1.8,0.0,0
2025-12-25T03:00,2025-12-25,3,Thursday,12,0,6.6,79,4.8,0.0,1.0,0.0,0
2025-12-25T04:00,2025-12-25,4,Thursday,12,0,6.4,77,4.6,0.0,1.0,0.0,0
2025-12-25T05:00,2025-12-25,5,Thursday,12,0,7.6,80,6.2,0.0,0.6,0.0,0
2025-12-25T06:00,2025-12-25,6,Thursday,12,0,7.8,76,6.3,0.0,1.0,0.0,0
2025-12-25T07:00,2025-12-25,7,Thursday,12,0,7.4,73,5.6,0.0,1.8,0.0,0
2025-12-25T08:00,2025-12-25,8,Thursday,12,0,7.8,72,5.7,0.0,2.8,27.0,1
2025-12-25T09:00,2025-12-25,9,Thursday,12,0,10.6,63,8.7,0.0,2.7,156.0,1
2025-12-25T10:00,2025-12-25,10,Thursday,12,0,13.1,56,11.4,0.0,2.9,307.0,1
2025-12-25T11:00,2025-12-25,11,Thursday,12,0,14.7,55,13.1,0.0,3.5,427.0,1
2025-12-25T12:00,2025-12-25,12,Thursday,12,0,17.2,49,15.7,0.0,4.3,494.0,1
2025-12-25T13:00,2025-12-25,13,Thursday,12,0,18.6,47,17.2,0.0,4.9,501.0,1
2025-12-25T14:00,2025-12-25,14,Thursday,12,0,19.3,46,17.9,0.0,5.2,447.0,1
2025-12-25T15:00,2025-12-25,15,Thursday,12,0,19.1,46,17.6,0.0,5.6,337.0,1
2025-12-25T16:00,2025-12-25,16,Thursday,12,0,17.2,58,16.4,0.0,3.9,190.0,1
2025-12-25T17:00,2025-12-25,17,Thursday,12,0,14.8,59,13.8,0.0,1.8,49.0,1
2025-12-25T18:00,2025-12-25,18,Thursday,12,0,13.3,64,12.3,0.0,1.2,0.0,0
2025-12-25T19:00,2025-12-25,19,Thursday,12,0,11.6,71,10.6,0.0,0.8,0.0,0
2025-12-25T20:00,2025-12-25,20,Thursday,12,0,9.9,79,8.7,0.0,1.7,0.0,0
2025-12-25T21:00,2025-12-25,21,Thursday,12,0,8.5,84,7.1,0.0,2.7,0.0,0
2025-12-25T22:00,2025-12-25,22,Thursday,12,0,7.5,89,5.8,0.0,4.5,0.0,0
2025-12-25T23:00,2025-12-25,23,Thursday,12,0,8.5,82,7.2,0.0,1.5,0.0,0
2025-12-26T00:00,2025-12-26,0,Friday,12,1,8.2,79,6.7,0.0,1.9,0.0,0
2025-12-26T01:00,2025-12-26,1,Friday,12,1,8.4,75,6.8,0.0,1.3,0.0,0
2025-12-26T02:00,2025-12-26,2,Friday,12,1,8.2,73,6.4,0.0,2.1,0.0,0
2025-12-26T03:00,2025-12-26,3,Friday,12,1,7.9,71,5.9,0.0,3.1,0.0,0
2025-12-26T04:00,2025-12-26,4,Friday,12,1,7.8,70,5.7,0.0,3.2,0.0,0
2025-12-26T05:00,2025-12-26,5,Friday,12,1,9.8,60,8.0,0.0,0.2,0.0,0
2025-12-26T06:00,2025-12-26,6,Friday,12,1,9.2,59,7.2,0.0,0.9,0.0,0
2025-12-26T07:00,2025-12-26,7,Friday,12,1,9.0,59,7.1,0.0,0.4,0.0,0
2025-12-26T08:00,2025-12-26,8,Friday,12,1,8.9,62,7.1,0.0,0.6,24.0,1
2025-12-26T09:00,2025-12-26,9,Friday,12,1,10.8,61,8.9,0.0,3.0,155.0,1
2025-12-26T10:00,2025-12-26,10,Friday,12,1,13.8,52,12.0,0.0,3.0,304.0,1
2025-12-26T11:00,2025-12-26,11,Friday,12,1,15.5,46,13.6,0.0,2.9,425.0,1
2025-12-26T12:00,2025-12-26,12,Friday,12,1,17.1,44,15.3,0.0,4.2,493.0,1
2025-12-26T13:00,2025-12-26,13,Friday,12,1,18.2,43,16.4,0.0,4.5,501.0,1
2025-12-26T14:00,2025-12-26,14,Friday,12,1,18.8,42,17.1,0.0,3.9,448.0,1
2025-12-26T15:00,2025-12-26,15,Friday,12,1,18.8,41,17.1,0.0,4.0,341.0,1
2025-12-26T16:00,2025-12-26,16,Friday,12,1,17.0,59,16.2,0.0,3.4,196.0,1
2025-12-26T17:00,2025-12-26,17,Friday,12,1,14.8,56,13.5,0.0,2.3,53.0,1
2025-12-26T18:00,2025-12-26,18,Friday,12,1,13.2,63,12.1,0.0,1.1,0.0,0
2025-12-26T19:00,2025-12-26,19,Friday,12,1,10.9,73,9.9,0.0,0.9,0.0,0
2025-12-26T20:00,2025-12-26,20,Friday,12,1,9.0,81,7.8,0.0,1.3,0.0,0
2025-12-26T21:00,2025-12-26,21,Friday,12,1,7.7,86,6.3,0.0,1.3,0.0,0
2025-12-26T22:00,2025-12-26,22,Friday,12,1,6.7,89,5.1,0.0,2.1,0.0,0
2025-12-26T23:00,2025-12-26,23,Friday,12,1,7.1,88,5.7,0.0,1.2,0.0,0
2025-12-27T00:00,2025-12-27,0,Saturday,12,1,6.4,88,4.7,0.0,2.4,0.0,0
2025-12-27T01:00,2025-12-27,1,Saturday,12,1,6.0,87,4.4,0.0,1.4,0.0,0
2025-12-27T02:00,2025-12-27,2,Saturday,12,1,5.6,87,3.9,0.0,1.5,0.0,0
2025-12-27T03:00,2025-12-27,3,Saturday,12,1,5.2,86,3.4,0.0,1.8,0.0,0
2025-12-27T04:00,2025-12-27,4,Saturday,12,1,5.2,84,3.3,0.0,1.4,0.0,0
2025-12-27T05:00,2025-12-27,5,Saturday,12,1,6.4,81,4.7,0.0,0.7,0.0,0
2025-12-27T06:00,2025-12-27,6,Saturday,12,1,6.4,78,4.7,0.0,0.6,0.0,0
2025-12-27T07:00,2025-12-27,7,Saturday,12,1,6.1,77,4.2,0.0,1.4,0.0,0
2025-12-27T08:00,2025-12-27,8,Saturday,12,1,6.5,77,4.6,0.0,1.4,26.0,1
2025-12-27T09:00,2025-12-27,9,Saturday,12,1,9.2,70,7.6,0.0,1.7,141.0,1
2025-12-27T10:00,2025-12-27,10,Saturday,12,1,12.4,63,10.6,0.0,4.1,299.0,1
2025-12-27T11:00,2025-12-27,11,Saturday,12,1,14.1,59,12.5,0.0,4.2,408.0,1
2025-12-27T12:00,2025-12-27,12,Saturday,12,1,16.6,52,15.3,0.0,4.0,458.0,1
2025-12-27T13:00,2025-12-27,13,Saturday,12,1,18.2,49,16.9,0.0,4.4,464.0,1
2025-12-27T14:00,2025-12-27,14,Saturday,12,1,18.8,47,17.4,0.0,4.5,393.0,1
2025-12-27T15:00,2025-12-27,15,Saturday,12,1,18.6,47,17.2,0.0,4.7,297.0,1
2025-12-27T16:00,2025-12-27,16,Saturday,12,1,16.9,58,15.8,0.0,4.7,173.0,1
2025-12-27T17:00,2025-12-27,17,Saturday,12,1,14.3,64,13.5,0.0,1.1,49.0,1
2025-12-27T18:00,2025-12-27,18,Saturday,12,1,13.1,66,12.2,0.0,0.7,0.0,0
2025-12-27T19:00,2025-12-27,19,Saturday,12,1,11.9,69,10.9,0.0,1.1,0.0,0
2025-12-27T20:00,2025-12-27,20,Saturday,12,1,11.3,69,10.1,0.0,1.0,0.0,0
2025-12-27T21:00,2025-12-27,21,Saturday,12,1,10.6,70,9.5,0.0,0.4,0.0,0
2025-12-27T22:00,2025-12-27,22,Saturday,12,1,9.6,74,8.2,0.0,1.5,0.0,0
2025-12-27T23:00,2025-12-27,23,Saturday,12,1,9.8,74,8.4,0.0,1.5,0.0,0
2025-12-28T00:00,2025-12-28,0,Sunday,12,1,9.6,73,8.1,0.0,2.1,0.0,0
2025-12-28T01:00,2025-12-28,1,Sunday,12,1,9.6,69,7.9,0.0,1.5,0.0,0
2025-12-28T02:00,2025-12-28,2,Sunday,12,1,9.2,66,7.4,0.0,1.4,0.0,0
2025-12-28T03:00,2025-12-28,3,Sunday,12,1,8.4,66,6.5,0.0,1.4,0.0,0
2025-12-28T04:00,2025-12-28,4,Sunday,12,1,8.4,63,6.4,0.0,1.5,0.0,0
2025-12-28T05:00,2025-12-28,5,Sunday,12,1,8.7,71,7.2,0.0,0.5,0.0,0
2025-12-28T06:00,2025-12-28,6,Sunday,12,1,8.4,64,6.3,0.0,2.5,0.0,0
2025-12-28T07:00,2025-12-28,7,Sunday,12,1,8.2,60,5.9,0.0,2.1,0.0,0
2025-12-28T08:00,2025-12-28,8,Sunday,12,1,8.5,63,6.3,0.0,2.4,18.0,1
2025-12-28T09:00,2025-12-28,9,Sunday,12,1,10.8,56,8.8,0.0,1.8,113.0,1
2025-12-28T10:00,2025-12-28,10,Sunday,12,1,13.1,52,11.4,0.0,1.5,216.0,1
2025-12-28T11:00,2025-12-28,11,Sunday,12,1,15.0,45,13.0,0.0,2.6,350.0,1
2025-12-28T12:00,2025-12-28,12,Sunday,12,1,16.7,44,15.0,0.0,2.2,453.0,1
2025-12-28T13:00,2025-12-28,13,Sunday,12,1,17.5,44,16.1,0.0,2.0,469.0,1
2025-12-28T14:00,2025-12-28,14,Sunday,12,1,17.6,46,16.3,0.0,1.8,354.0,1
2025-12-28T15:00,2025-12-28,15,Sunday,12,1,17.4,47,16.2,0.0,0.7,212.0,1
2025-12-28T16:00,2025-12-28,16,Sunday,12,1,16.0,63,15.4,0.0,2.1,119.0,1
2025-12-28T17:00,2025-12-28,17,Sunday,12,1,14.9,62,14.2,0.0,0.8,46.0,1
2025-12-28T18:00,2025-12-28,18,Sunday,12,1,14.2,64,13.4,0.0,0.6,0.0,0
2025-12-28T19:00,2025-12-28,19,Sunday,12,1,13.4,67,12.6,0.0,1.3,0.0,0
2025-12-28T20:00,2025-12-28,20,Sunday,12,1,12.8,68,11.6,0.0,3.0,0.0,0
2025-12-28T21:00,2025-12-28,21,Sunday,12,1,11.4,73,10.3,0.0,2.2,0.0,0
2025-12-28T22:00,2025-12-28,22,Sunday,12,1,9.8,79,8.7,0.0,1.3,0.0,0
2025-12-28T23:00,2025-12-28,23,Sunday,12,1,9.0,82,7.8,0.0,1.6,0.0,0
2025-12-29T00:00,2025-12-29,0,Monday,12,0,7.9,85,6.4,0.0,2.5,0.0,0
2025-12-29T01:00,2025-12-29,1,Monday,12,0,7.2,87,5.6,0.0,2.7,0.0,0
2025-12-29T02:00,2025-12-29,2,Monday,12,0,6.9,86,5.4,0.0,2.0,0.0,0
2025-12-29T03:00,2025-12-29,3,Monday,12,0,6.4,86,4.8,0.0,1.8,0.0,0
2025-12-29T04:00,2025-12-29,4,Monday,12,0,5.8,87,4.2,0.0,0.9,0.0,0
2025-12-29T05:00,2025-12-29,5,Monday,12,0,6.4,88,5.1,0.0,0.2,0.0,0
2025-12-29T06:00,2025-12-29,6,Monday,12,0,5.8,89,4.1,0.0,2.0,0.0,0
2025-12-29T07:00,2025-12-29,7,Monday,12,0,5.8,88,4.0,0.0,2.2,0.0,0
2025-12-29T08:00,2025-12-29,8,Monday,12,0,6.8,85,5.3,0.0,1.0,20.0,1
2025-12-29T09:00,2025-12-29,9,Monday,12,0,9.4,78,8.3,0.0,0.5,125.0,1
2025-12-29T10:00,2025-12-29,10,Monday,12,0,12.2,68,10.9,0.0,3.1,237.0,1
2025-12-29T11:00,2025-12-29,11,Monday,12,0,13.9,63,12.7,0.0,3.8,359.0,1
2025-12-29T12:00,2025-12-29,12,Monday,12,0,16.2,57,14.8,0.0,5.4,429.0,1
2025-12-29T13:00,2025-12-29,13,Monday,12,0,17.5,54,16.2,0.0,5.4,427.0,1
2025-12-29T14:00,2025-12-29,14,Monday,12,0,18.1,53,17.1,0.0,4.2,383.0,1
2025-12-29T15:00,2025-12-29,15,Monday,12,0,18.0,53,16.9,0.0,4.6,279.0,1
2025-12-29T16:00,2025-12-29,16,Monday,12,0,16.3,68,16.0,0.0,3.1,149.0,1
2025-12-29T17:00,2025-12-29,17,Monday,12,0,14.5,67,13.8,0.0,1.8,44.0,1
2025-12-29T18:00,2025-12-29,18,Monday,12,0,12.9,70,12.3,0.0,0.6,0.0,0
2025-12-29T19:00,2025-12-29,19,Monday,12,0,11.9,75,10.8,0.0,3.3,0.0,0
2025-12-29T20:00,2025-12-29,20,Monday,12,0,11.4,78,10.1,0.0,4.5,0.0,0
2025-12-29T21:00,2025-12-29,21,Monday,12,0,11.2,77,10.4,0.0,1.2,0.0,0
2025-12-29T22:00,2025-12-29,22,Monday,12,0,10.8,80,9.9,0.0,1.0,0.0,0
2025-12-29T23:00,2025-12-29,23,Monday,12,0,10.4,80,9.2,0.0,3.7,0.0,0
2025-12-30T00:00,2025-12-30,0,Tuesday,12,0,9.6,79,8.4,0.0,1.7,0.0,0
2025-12-30T01:00,2025-12-30,1,Tuesday,12,0,10.2,78,9.0,0.0,2.4,0.0,0
2025-12-30T02:00,2025-12-30,2,Tuesday,12,0,10.5,76,9.4,0.0,1.0,0.0,0
2025-12-30T03:00,2025-12-30,3,Tuesday,12,0,10.2,75,9.1,0.0,0.9,0.0,0
2025-12-30T04:00,2025-12-30,4,Tuesday,12,0,10.4,72,9.3,0.0,0.5,0.0,0
2025-12-30T05:00,2025-12-30,5,Tuesday,12,0,10.4,76,9.3,0.0,1.5,0.0,0
2025-12-30T06:00,2025-12-30,6,Tuesday,12,0,10.3,74,9.1,0.0,1.0,0.0,0
2025-12-30T07:00,2025-12-30,7,Tuesday,12,0,10.6,68,9.1,0.0,1.1,0.0,0
2025-12-30T08:00,2025-12-30,8,Tuesday,12,0,10.8,69,9.4,0.0,1.1,10.0,1
2025-12-30T09:00,2025-12-30,9,Tuesday,12,0,12.1,63,10.8,0.0,1.0,78.0,1
2025-12-30T10:00,2025-12-30,10,Tuesday,12,0,13.4,62,12.1,0.0,2.0,159.0,1
2025-12-30T11:00,2025-12-30,11,Tuesday,12,0,13.8,65,12.7,0.0,2.8,181.0,1
2025-12-30T12:00,2025-12-30,12,Tuesday,12,0,13.9,67,13.1,0.0,1.5,100.0,1
2025-12-30T13:00,2025-12-30,13,Tuesday,12,0,14.7,65,13.9,0.0,2.3,144.0,1
2025-12-30T14:00,2025-12-30,14,Tuesday,12,0,15.3,64,14.4,0.0,3.5,176.0,1
2025-12-30T15:00,2025-12-30,15,Tuesday,12,0,14.9,67,13.4,0.0,8.0,140.0,1
2025-12-30T16:00,2025-12-30,16,Tuesday,12,0,14.4,67,13.2,0.0,4.7,116.0,1
2025-12-30T17:00,2025-12-30,17,Tuesday,12,0,13.2,71,12.5,0.0,1.3,19.0,1
2025-12-30T18:00,2025-12-30,18,Tuesday,12,0,12.1,74,11.3,0.0,1.5,0.0,0
2025-12-30T19:00,2025-12-30,19,Tuesday,12,0,11.4,76,10.4,0.0,2.2,0.0,0
2025-12-30T20:00,2025-12-30,20,Tuesday,12,0,11.4,77,10.8,0.0,0.2,0.0,0
2025-12-30T21:00,2025-12-30,21,Tuesday,12,0,11.1,77,10.3,0.0,0.5,0.0,0
2025-12-30T22:00,2025-12-30,22,Tuesday,12,0,10.4,80,9.5,0.1,1.4,0.0,0
2025-12-30T23:00,2025-12-30,23,Tuesday,12,0,10.2,88,9.0,2.0,5.8,0.0,0
2025-12-31T00:00,2025-12-31,0,Wednesday,12,0,10.3,90,9.4,0.0,4.0,0.0,0
2025-12-31T01:00,2025-12-31,1,Wednesday,12,0,9.8,90,8.9,0.3,2.7,0.0,0
2025-12-31T02:00,2025-12-31,2,Wednesday,12,0,9.1,93,8.3,0.0,2.3,0.0,0
2025-12-31T03:00,2025-12-31,3,Wednesday,12,0,8.4,96,7.7,0.0,0.3,0.0,0
2025-12-31T04:00,2025-12-31,4,Wednesday,12,0,7.6,99,6.7,0.0,1.4,0.0,0
2025-12-31T05:00,2025-12-31,5,Wednesday,12,0,8.4,96,7.4,0.0,2.8,0.0,0
2025-12-31T06:00,2025-12-31,6,Wednesday,12,0,8.9,93,8.2,0.0,0.4,0.0,0
2025-12-31T07:00,2025-12-31,7,Wednesday,12,0,8.8,92,7.8,0.0,2.5,0.0,0
2025-12-31T08:00,2025-12-31,8,Wednesday,12,0,8.9,91,7.9,0.0,2.5,19.0,1
2025-12-31T09:00,2025-12-31,9,Wednesday,12,0,10.6,87,9.8,0.0,2.5,94.0,1
2025-12-31T10:00,2025-12-31,10,Wednesday,12,0,12.5,82,11.6,0.0,5.6,175.0,1
2025-12-31T11:00,2025-12-31,11,Wednesday,12,0,13.2,77,12.7,0.9,2.6,220.0,1
2025-12-31T12:00,2025-12-31,12,Wednesday,12,0,13.2,81,12.9,0.2,2.3,116.0,1
2025-12-31T13:00,2025-12-31,13,Wednesday,12,0,12.9,84,12.4,0.0,4.2,96.0,1
2025-12-31T14:00,2025-12-31,14,Wednesday,12,0,13.4,82,13.3,0.1,1.8,141.0,1
2025-12-31T15:00,2025-12-31,15,Wednesday,12,0,13.1,86,13.1,0.2,2.0,93.0,1
2025-12-31T16:00,2025-12-31,16,Wednesday,12,0,12.9,89,12.8,0.1,3.3,84.0,1
2025-12-31T17:00,2025-12-31,17,Wednesday,12,0,12.0,92,11.6,0.2,3.9,24.0,1
2025-12-31T18:00,2025-12-31,18,Wednesday,12,0,10.8,95,10.4,0.0,2.4,0.0,0
2025-12-31T19:00,2025-12-31,19,Wednesday,12,0,11.1,92,10.8,0.4,1.3,0.0,0
2025-12-31T20:00,2025-12-31,20,Wednesday,12,0,10.4,94,9.7,0.1,3.8,0.0,0
2025-12-31T21:00,2025-12-31,21,Wednesday,12,0,10.6,93,10.3,0.1,0.7,0.0,0
2025-12-31T22:00,2025-12-31,22,Wednesday,12,0,10.4,94,10.1,0.7,1.0,0.0,0
2025-12-31T23:00,2025-12-31,23,Wednesday,12,0,10.4,94,10.0,0.7,2.6,0.0,0
2026-01-01T00:00,2026-01-01,0,Thursday,1,0,10.6,94,10.5,0.9,0.6,0.0,0
2026-01-01T01:00,2026-01-01,1,Thursday,1,0,10.1,90,9.3,1.9,2.5,0.0,0
2026-01-01T02:00,2026-01-01,2,Thursday,1,0,10.0,93,8.6,1.1,7.9,0.0,0
2026-01-01T03:00,2026-01-01,3,Thursday,1,0,10.2,92,9.6,0.8,2.8,0.0,0
2026-01-01T04:00,2026-01-01,4,Thursday,1,0,10.3,92,9.8,1.2,1.9,0.0,0
2026-01-01T05:00,2026-01-01,5,Thursday,1,0,10.2,92,9.3,0.9,4.1,0.0,0
2026-01-01T06:00,2026-01-01,6,Thursday,1,0,10.1,93,9.4,0.5,3.7,0.0,0
2026-01-01T07:00,2026-01-01,7,Thursday,1,0,10.2,91,9.6,0.1,1.9,0.0,0
2026-01-01T08:00,2026-01-01,8,Thursday,1,0,10.0,92,9.5,0.0,1.3,9.0,1
2026-01-01T09:00,2026-01-01,9,Thursday,1,0,10.8,91,10.4,0.0,1.5,56.0,1
2026-01-01T10:00,2026-01-01,10,Thursday,1,0,12.2,84,12.2,0.0,0.2,156.0,1
2026-01-01T11:00,2026-01-01,11,Thursday,1,0,13.4,72,12.7,0.0,2.3,382.0,1
2026-01-01T12:00,2026-01-01,12,Thursday,1,0,15.0,63,13.7,0.0,5.0,446.0,1
2026-01-01T13:00,2026-01-01,13,Thursday,1,0,15.6,58,13.9,0.0,6.6,403.0,1
2026-01-01T14:00,2026-01-01,14,Thursday,1,0,15.6,56,13.5,0.0,9.2,388.0,1
2026-01-01T15:00,2026-01-01,15,Thursday,1,0,15.2,57,13.5,0.0,6.3,259.0,1
2026-01-01T16:00,2026-01-01,16,Thursday,1,0,14.9,62,13.9,0.0,2.4,179.0,1
2026-01-01T17:00,2026-01-01,17,Thursday,1,0,12.0,83,11.2,0.0,3.9,48.0,1
2026-01-01T18:00,2026-01-01,18,Thursday,1,0,11.1,89,10.3,0.0,4.8,0.0,0
2026-01-01T19:00,2026-01-01,19,Thursday,1,0,10.3,90,9.3,0.0,4.7,0.0,0
2026-01-01T20:00,2026-01-01,20,Thursday,1,0,9.4,89,8.2,0.0,4.2,0.0,0
2026-01-01T21:00,2026-01-01,21,Thursday,1,0,8.8,89,7.5,0.0,3.1,0.0,0
2026-01-01T22:00,2026-01-01,22,Thursday,1,0,7.9,91,6.6,0.0,2.5,0.0,0
2026-01-01T23:00,2026-01-01,23,Thursday,1,0,7.7,95,6.6,0.0,1.9,0.0,0
2026-01-02T00:00,2026-01-02,0,Friday,1,1,6.8,96,5.4,0.0,3.1,0.0,0
2026-01-02T01:00,2026-01-02,1,Friday,1,1,6.2,97,4.7,0.0,3.1,0.0,0
2026-01-02T02:00,2026-01-02,2,Friday,1,1,6.0,97,4.6,0.0,2.2,0.0,0
2026-01-02T03:00,2026-01-02,3,Friday,1,1,5.9,95,4.5,0.0,1.6,0.0,0
2026-01-02T04:00,2026-01-02,4,Friday,1,1,5.4,96,3.9,0.0,1.4,0.0,0
2026-01-02T05:00,2026-01-02,5,Friday,1,1,5.6,98,4.3,0.0,0.7,0.0,0
2026-01-02T06:00,2026-01-02,6,Friday,1,1,5.2,96,3.7,0.0,0.9,0.0,0
2026-01-02T07:00,2026-01-02,7,Friday,1,1,4.9,94,3.3,0.0,0.9,0.0,0
2026-01-02T08:00,2026-01-02,8,Friday,1,1,5.7,92,4.3,0.0,0.2,24.0,1
2026-01-02T09:00,2026-01-02,9,Friday,1,1,8.9,83,7.6,0.0,1.7,148.0,1
2026-01-02T10:00,2026-01-02,10,Friday,1,1,12.0,71,10.7,0.0,3.9,299.0,1
2026-01-02T11:00,2026-01-02,11,Friday,1,1,14.0,66,13.1,0.0,2.1,419.0,1
2026-01-02T12:00,2026-01-02,12,Friday,1,1,16.2,58,15.3,0.0,3.0,489.0,1
2026-01-02T13:00,2026-01-02,13,Friday,1,1,17.6,50,16.3,0.0,4.5,501.0,1
2026-01-02T14:00,2026-01-02,14,Friday,1,1,18.2,47,16.6,0.0,5.6,449.0,1
2026-01-02T15:00,2026-01-02,15,Friday,1,1,18.0,49,16.2,0.0,6.9,342.0,1
2026-01-02T16:00,2026-01-02,16,Friday,1,1,16.5,58,15.0,0.0,6.7,206.0,1
2026-01-02T17:00,2026-01-02,17,Friday,1,1,12.9,70,11.5,0.0,4.9,62.0,1
2026-01-02T18:00,2026-01-02,18,Friday,1,1,11.1,77,10.0,0.0,2.9,0.0,0
2026-01-02T19:00,2026-01-02,19,Friday,1,1,10.1,81,9.3,0.0,0.4,0.0,0
2026-01-02T20:00,2026-01-02,20,Friday,1,1,8.6,88,7.6,0.0,0.8,0.0,0
2026-01-02T21:00,2026-01-02,21,Friday,1,1,7.2,94,6.1,0.0,1.2,0.0,0
2026-01-02T22:00,2026-01-02,22,Friday,1,1,6.2,96,4.8,0.0,2.3,0.0,0
2026-01-02T23:00,2026-01-02,23,Friday,1,1,6.4,96,5.2,0.0,1.2,0.0,0
2026-01-03T00:00,2026-01-03,0,Saturday,1,1,6.1,93,4.5,0.0,2.6,0.0,0
2026-01-03T01:00,2026-01-03,1,Saturday,1,1,6.6,90,5.2,0.0,0.9,0.0,0
2026-01-03T02:00,2026-01-03,2,Saturday,1,1,6.8,88,5.2,0.0,2.3,0.0,0
2026-01-03T03:00,2026-01-03,3,Saturday,1,1,6.6,87,4.9,0.0,2.6,0.0,0
2026-01-03T04:00,2026-01-03,4,Saturday,1,1,6.6,86,4.8,0.0,2.9,0.0,0
2026-01-03T05:00,2026-01-03,5,Saturday,1,1,7.3,87,5.9,0.0,1.4,0.0,0
2026-01-03T06:00,2026-01-03,6,Saturday,1,1,7.6,83,6.2,0.0,0.7,0.0,0
2026-01-03T07:00,2026-01-03,7,Saturday,1,1,7.9,81,6.6,0.0,0.6,0.0,0
2026-01-03T08:00,2026-01-03,8,Saturday,1,1,8.2,82,7.0,0.0,0.6,19.0,1
2026-01-03T09:00,2026-01-03,9,Saturday,1,1,9.8,77,8.5,0.0,1.4,139.0,1
2026-01-03T10:00,2026-01-03,10,Saturday,1,1,12.0,67,10.6,0.0,3.2,281.0,1
2026-01-03T11:00,2026-01-03,11,Saturday,1,1,13.4,66,12.0,0.0,4.0,411.0,1
2026-01-03T12:00,2026-01-03,12,Saturday,1,1,15.0,61,13.7,0.0,4.7,458.0,1
2026-01-03T13:00,2026-01-03,13,Saturday,1,1,16.1,55,14.7,0.0,4.5,468.0,1
2026-01-03T14:00,2026-01-03,14,Saturday,1,1,16.9,49,15.3,0.0,4.0,447.0,1
2026-01-03T15:00,2026-01-03,15,Saturday,1,1,17.0,47,15.2,0.0,4.7,347.0,1
2026-01-03T16:00,2026-01-03,16,Saturday,1,1,15.9,60,15.0,0.0,2.8,206.0,1
2026-01-03T17:00,2026-01-03,17,Saturday,1,1,13.3,65,12.1,0.0,2.8,62.0,1
2026-01-03T18:00,2026-01-03,18,Saturday,1,1,11.2,73,9.9,0.0,3.5,0.0,0
2026-01-03T19:00,2026-01-03,19,Saturday,1,1,9.4,82,7.8,0.0,4.5,0.0,0
2026-01-03T20:00,2026-01-03,20,Saturday,1,1,8.1,88,6.3,0.0,5.8,0.0,0
2026-01-03T21:00,2026-01-03,21,Saturday,1,1,7.8,88,6.0,0.0,5.3,0.0,0
2026-01-03T22:00,2026-01-03,22,Saturday,1,1,7.6,89,5.8,0.0,5.3,0.0,0
2026-01-03T23:00,2026-01-03,23,Saturday,1,1,7.6,89,5.8,0.0,5.2,0.0,0
2026-01-04T00:00,2026-01-04,0,Sunday,1,1,7.8,88,6.3,0.0,3.5,0.0,0
2026-01-04T01:00,2026-01-04,1,Sunday,1,1,7.6,90,6.1,0.0,3.4,0.0,0
2026-01-04T02:00,2026-01-04,2,Sunday,1,1,6.8,94,5.2,0.0,3.8,0.0,0
2026-01-04T03:00,2026-01-04,3,Sunday,1,1,5.9,96,4.3,0.0,3.6,0.0,0
2026-01-04T04:00,2026-01-04,4,Sunday,1,1,5.3,96,3.6,0.0,3.2,0.0,0
2026-01-04T05:00,2026-01-04,5,Sunday,1,1,5.3,98,4.0,0.0,0.5,0.0,0
2026-01-04T06:00,2026-01-04,6,Sunday,1,1,5.4,96,3.8,0.0,2.4,0.0,0
2026-01-04T07:00,2026-01-04,7,Sunday,1,1,5.4,94,3.8,0.0,2.4,0.0,0
2026-01-04T08:00,2026-01-04,8,Sunday,1,1,6.6,90,5.1,0.0,2.3,21.0,1
2026-01-04T09:00,2026-01-04,9,Sunday,1,1,9.8,78,8.6,0.0,1.3,135.0,1
2026-01-04T10:00,2026-01-04,10,Sunday,1,1,11.9,70,10.6,0.0,3.3,262.0,1
2026-01-04T11:00,2026-01-04,11,Sunday,1,1,13.0,69,11.8,0.0,3.9,373.0,1
2026-01-04T12:00,2026-01-04,12,Sunday,1,1,14.3,65,13.0,0.0,5.1,432.0,1
2026-01-04T13:00,2026-01-04,13,Sunday,1,1,15.1,66,13.9,0.0,6.1,438.0,1
2026-01-04T14:00,2026-01-04,14,Sunday,1,1,15.8,64,14.6,0.0,6.2,435.0,1
2026-01-04T15:00,2026-01-04,15,Sunday,1,1,15.9,62,14.8,0.0,4.7,328.0,1
2026-01-04T16:00,2026-01-04,16,Sunday,1,1,15.2,65,13.8,0.0,7.4,189.0,1
2026-01-04T17:00,2026-01-04,17,Sunday,1,1,12.8,78,12.1,0.0,2.8,58.0,1
2026-01-04T18:00,2026-01-04,18,Sunday,1,1,11.8,79,11.3,0.0,0.7,1.0,0
2026-01-04T19:00,2026-01-04,19,Sunday,1,1,10.6,86,9.3,0.0,5.9,0.0,0
2026-01-04T20:00,2026-01-04,20,Sunday,1,1,9.6,92,8.2,0.0,6.2,0.0,0
2026-01-04T21:00,2026-01-04,21,Sunday,1,1,8.9,92,7.5,0.0,4.9,0.0,0
2026-01-04T22:00,2026-01-04,22,Sunday,1,1,7.2,95,5.6,0.0,4.2,0.0,0
2026-01-04T23:00,2026-01-04,23,Sunday,1,1,7.1,98,6.0,0.0,1.1,0.0,0
2026-01-05T00:00,2026-01-05,0,Monday,1,0,6.7,98,5.3,0.0,2.7,0.0,0
2026-01-05T01:00,2026-01-05,1,Monday,1,0,6.7,96,5.1,0.0,4.0,0.0,0
2026-01-05T02:00,2026-01-05,2,Monday,1,0,6.2,95,4.5,0.0,3.7,0.0,0
2026-01-05T03:00,2026-01-05,3,Monday,1,0,5.9,93,4.5,0.0,1.3,0.0,0
2026-01-05T04:00,2026-01-05,4,Monday,1,0,5.9,94,4.5,0.0,1.0,0.0,0
2026-01-05T05:00,2026-01-05,5,Monday,1,0,6.8,96,5.6,0.0,2.1,0.0,0
2026-01-05T06:00,2026-01-05,6,Monday,1,0,6.4,95,5.0,0.0,2.1,0.0,0
2026-01-05T07:00,2026-01-05,7,Monday,1,0,6.5,92,5.2,0.0,1.0,0.0,0
2026-01-05T08:00,2026-01-05,8,Monday,1,0,6.3,94,4.8,0.0,3.2,22.0,1
2026-01-05T09:00,2026-01-05,9,Monday,1,0,8.9,88,8.0,0.0,1.5,143.0,1
2026-01-05T10:00,2026-01-05,10,Monday,1,0,11.6,76,10.4,0.0,3.3,291.0,1
2026-01-05T11:00,2026-01-05,11,Monday,1,0,13.2,68,11.8,0.0,5.4,414.0,1
2026-01-05T12:00,2026-01-05,12,Monday,1,0,15.2,56,13.6,0.0,5.4,487.0,1
2026-01-05T13:00,2026-01-05,13,Monday,1,0,16.1,50,14.3,0.0,5.2,499.0,1
2026-01-05T14:00,2026-01-05,14,Monday,1,0,16.5,47,14.5,0.0,6.4,453.0,1
2026-01-05T15:00,2026-01-05,15,Monday,1,0,15.9,48,14.3,0.0,3.1,348.0,1
2026-01-05T16:00,2026-01-05,16,Monday,1,0,15.1,55,13.8,0.0,2.9,206.0,1
2026-01-05T17:00,2026-01-05,17,Monday,1,0,12.3,69,10.6,0.0,5.9,65.0,1
2026-01-05T18:00,2026-01-05,18,Monday,1,0,10.4,78,8.8,0.0,5.9,1.0,0
2026-01-05T19:00,2026-01-05,19,Monday,1,0,9.2,81,8.0,0.0,2.1,0.0,0
2026-01-05T20:00,2026-01-05,20,Monday,1,0,7.6,87,6.3,0.0,1.4,0.0,0
2026-01-05T21:00,2026-01-05,21,Monday,1,0,6.2,91,4.7,0.0,1.4,0.0,0
2026-01-05T22:00,2026-01-05,22,Monday,1,0,4.9,93,3.1,0.0,2.5,0.0,0
2026-01-05T23:00,2026-01-05,23,Monday,1,0,5.2,96,3.7,0.0,0.7,0.0,0
2026-01-06T00:00,2026-01-06,0,Tuesday,1,0,4.7,92,2.8,0.0,1.9,0.0,0
2026-01-06T01:00,2026-01-06,1,Tuesday,1,0,4.3,89,2.5,0.0,1.3,0.0,0
2026-01-06T02:00,2026-01-06,2,Tuesday,1,0,3.9,88,1.9,0.0,1.8,0.0,0
2026-01-06T03:00,2026-01-06,3,Tuesday,1,0,3.5,87,1.5,0.0,1.5,0.0,0
2026-01-06T04:00,2026-01-06,4,Tuesday,1,0,3.2,87,1.2,0.0,1.0,0.0,0
2026-01-06T05:00,2026-01-06,5,Tuesday,1,0,4.0,90,2.2,0.0,0.9,0.0,0
2026-01-06T06:00,2026-01-06,6,Tuesday,1,0,3.6,87,1.4,0.0,2.2,0.0,0
2026-01-06T07:00,2026-01-06,7,Tuesday,1,0,3.4,84,1.2,0.0,1.8,0.0,0
2026-01-06T08:00,2026-01-06,8,Tuesday,1,0,4.2,82,2.0,0.0,2.0,23.0,1
2026-01-06T09:00,2026-01-06,9,Tuesday,1,0,7.3,74,5.4,0.0,2.5,149.0,1
2026-01-06T10:00,2026-01-06,10,Tuesday,1,0,10.8,59,8.5,0.0,4.3,301.0,1
2026-01-06T11:00,2026-01-06,11,Tuesday,1,0,11.9,59,9.7,0.0,5.6,425.0,1
2026-01-06T12:00,2026-01-06,12,Tuesday,1,0,14.0,53,11.9,0.0,5.9,496.0,1
2026-01-06T13:00,2026-01-06,13,Tuesday,1,0,15.4,51,13.6,0.0,5.2,503.0,1
2026-01-06T14:00,2026-01-06,14,Tuesday,1,0,16.3,50,14.6,0.0,4.8,460.0,1
2026-01-06T15:00,2026-01-06,15,Tuesday,1,0,16.3,50,14.7,0.0,4.3,348.0,1
2026-01-06T16:00,2026-01-06,16,Tuesday,1,0,15.3,58,14.0,0.0,3.7,210.0,1
2026-01-06T17:00,2026-01-06,17,Tuesday,1,0,12.3,67,10.8,0.0,3.9,68.0,1
2026-01-06T18:00,2026-01-06,18,Tuesday,1,0,10.5,74,9.2,0.0,2.2,1.0,0
2026-01-06T19:00,2026-01-06,19,Tuesday,1,0,9.4,77,8.3,0.0,0.5,0.0,0
2026-01-06T20:00,2026-01-06,20,Tuesday,1,0,7.9,82,6.6,0.0,1.0,0.0,0
2026-01-06T21:00,2026-01-06,21,Tuesday,1,0,6.4,87,4.8,0.0,2.1,0.0,0
2026-01-06T22:00,2026-01-06,22,Tuesday,1,0,5.2,90,3.4,0.0,2.2,0.0,0
2026-01-06T23:00,2026-01-06,23,Tuesday,1,0,5.3,93,3.8,0.0,1.0,0.0,0
2026-01-07T00:00,2026-01-07,0,Wednesday,1,0,4.9,91,3.2,0.0,1.9,0.0,0
2026-01-07T01:00,2026-01-07,1,Wednesday,1,0,4.7,87,2.6,0.0,2.4,0.0,0
2026-01-07T02:00,2026-01-07,2,Wednesday,1,0,4.1,85,1.8,0.0,3.6,0.0,0
2026-01-07T03:00,2026-01-07,3,Wednesday,1,0,3.5,86,1.2,0.0,3.1,0.0,0
2026-01-07T04:00,2026-01-07,4,Wednesday,1,0,3.2,86,0.8,0.0,3.0,0.0,0
2026-01-07T05:00,2026-01-07,5,Wednesday,1,0,5.5,76,3.6,0.0,0.2,0.0,0
2026-01-07T06:00,2026-01-07,6,Wednesday,1,0,4.8,78,2.8,0.0,0.6,0.0,0
2026-01-07T07:00,2026-01-07,7,Wednesday,1,0,3.9,79,1.6,0.0,2.0,0.0,0
2026-01-07T08:00,2026-01-07,8,Wednesday,1,0,4.6,80,2.4,0.0,1.9,23.0,1
2026-01-07T09:00,2026-01-07,9,Wednesday,1,0,7.8,72,6.1,0.0,0.9,148.0,1
2026-01-07T10:00,2026-01-07,10,Wednesday,1,0,11.2,60,9.2,0.0,3.1,300.0,1
2026-01-07T11:00,2026-01-07,11,Wednesday,1,0,12.9,52,10.6,0.0,5.0,426.0,1
2026-01-07T12:00,2026-01-07,12,Wednesday,1,0,15.0,47,12.5,0.0,7.4,502.0,1
2026-01-07T13:00,2026-01-07,13,Wednesday,1,0,16.4,42,13.9,0.0,6.6,505.0,1
2026-01-07T14:00,2026-01-07,14,Wednesday,1,0,17.0,40,14.8,0.0,4.3,453.0,1
2026-01-07T15:00,2026-01-07,15,Wednesday,1,0,17.1,39,15.0,0.0,3.7,356.0,1
2026-01-07T16:00,2026-01-07,16,Wednesday,1,0,15.9,49,14.0,0.0,4.8,217.0,1
2026-01-07T17:00,2026-01-07,17,Wednesday,1,0,11.9,60,9.9,0.0,4.7,71.0,1
2026-01-07T18:00,2026-01-07,18,Wednesday,1,0,10.3,65,8.7,0.0,1.5,1.0,0
2026-01-07T19:00,2026-01-07,19,Wednesday,1,0,8.6,72,7.0,0.0,1.1,0.0,0
2026-01-07T20:00,2026-01-07,20,Wednesday,1,0,6.9,79,5.2,0.0,1.5,0.0,0
2026-01-07T21:00,2026-01-07,21,Wednesday,1,0,5.4,86,3.6,0.0,1.8,0.0,0
2026-01-07T22:00,2026-01-07,22,Wednesday,1,0,4.2,91,2.0,0.0,3.5,0.0,0
2026-01-07T23:00,2026-01-07,23,Wednesday,1,0,5.3,85,3.6,0.0,0.6,0.0,0
2026-01-08T00:00,2026-01-08,0,Thursday,1,0,5.1,83,3.1,0.0,1.9,0.0,0
2026-01-08T01:00,2026-01-08,1,Thursday,1,0,4.4,82,2.3,0.0,1.7,0.0,0
2026-01-08T02:00,2026-01-08,2,Thursday,1,0,4.1,80,1.9,0.0,1.3,0.0,0
2026-01-08T03:00,2026-01-08,3,Thursday,1,0,4.1,77,1.8,0.0,1.0,0.0,0
2026-01-08T04:00,2026-01-08,4,Thursday,1,0,3.5,77,1.3,0.0,0.4,0.0,0
2026-01-08T05:00,2026-01-08,5,Thursday,1,0,3.5,87,1.5,0.0,1.0,0.0,0
2026-01-08T06:00,2026-01-08,6,Thursday,1,0,2.6,84,0.1,0.0,3.0,0.0,0
2026-01-08T07:00,2026-01-08,7,Thursday,1,0,1.8,83,-0.8,0.0,2.3,0.0,0
2026-01-08T08:00,2026-01-08,8,Thursday,1,0,2.4,82,-0.1,0.0,2.2,25.0,1
2026-01-08T09:00,2026-01-08,9,Thursday,1,0,5.8,67,3.2,0.0,3.8,157.0,1
2026-01-08T10:00,2026-01-08,10,Thursday,1,0,8.6,58,6.3,0.0,2.7,314.0,1
2026-01-08T11:00,2026-01-08,11,Thursday,1,0,10.4,52,7.8,0.0,3.7,440.0,1
2026-01-08T12:00,2026-01-08,12,Thursday,1,0,13.0,40,10.5,0.0,2.7,515.0,1
2026-01-08T13:00,2026-01-08,13,Thursday,1,0,14.4,42,12.3,0.0,2.4,528.0,1
2026-01-08T14:00,2026-01-08,14,Thursday,1,0,14.9,46,13.1,0.0,2.3,476.0,1
2026-01-08T15:00,2026-01-08,15,Thursday,1,0,14.8,48,13.1,0.0,1.3,370.0,1
2026-01-08T16:00,2026-01-08,16,Thursday,1,0,13.9,66,13.2,0.0,0.7,225.0,1
2026-01-08T17:00,2026-01-08,17,Thursday,1,0,12.1,60,10.7,0.0,0.6,74.0,1
2026-01-08T18:00,2026-01-08,18,Thursday,1,0,10.4,63,8.6,0.0,1.5,1.0,0
2026-01-08T19:00,2026-01-08,19,Thursday,1,0,8.2,73,6.4,0.0,2.3,0.0,0
2026-01-08T20:00,2026-01-08,20,Thursday,1,0,6.8,79,5.0,0.0,1.9,0.0,0
2026-01-08T21:00,2026-01-08,21,Thursday,1,0,6.0,81,4.2,0.0,1.2,0.0,0
2026-01-08T22:00,2026-01-08,22,Thursday,1,0,5.6,81,3.8,0.0,0.6,0.0,0
2026-01-08T23:00,2026-01-08,23,Thursday,1,0,5.7,87,4.1,0.0,0.4,0.0,0
2026-01-09T00:00,2026-01-09,0,Friday,1,1,5.6,82,3.6,0.0,2.4,0.0,0
2026-01-09T01:00,2026-01-09,1,Friday,1,1,5.1,78,2.9,0.0,2.3,0.0,0
2026-01-09T02:00,2026-01-09,2,Friday,1,1,4.1,80,1.8,0.0,2.4,0.0,0
2026-01-09T03:00,2026-01-09,3,Friday,1,1,3.5,80,1.0,0.0,2.7,0.0,0
2026-01-09T04:00,2026-01-09,4,Friday,1,1,3.2,78,0.6,0.0,3.2,0.0,0
2026-01-09T05:00,2026-01-09,5,Friday,1,1,4.2,73,1.6,0.0,2.8,0.0,0
2026-01-09T06:00,2026-01-09,6,Friday,1,1,4.1,71,1.6,0.0,1.9,0.0,0
2026-01-09T07:00,2026-01-09,7,Friday,1,1,4.0,71,1.5,0.0,1.3,0.0,0
2026-01-09T08:00,2026-01-09,8,Friday,1,1,4.4,73,2.1,0.0,1.8,24.0,1
2026-01-09T09:00,2026-01-09,9,Friday,1,1,7.0,64,4.7,0.0,1.9,154.0,1
2026-01-09T10:00,2026-01-09,10,Friday,1,1,9.3,58,7.3,0.0,0.5,311.0,1
2026-01-09T11:00,2026-01-09,11,Friday,1,1,10.6,57,8.7,0.0,1.5,437.0,1
2026-01-09T12:00,2026-01-09,12,Friday,1,1,12.6,54,10.6,0.0,3.5,508.0,1
2026-01-09T13:00,2026-01-09,13,Friday,1,1,13.9,51,11.9,0.0,3.8,524.0,1
2026-01-09T14:00,2026-01-09,14,Friday,1,1,14.6,49,12.6,0.0,4.4,477.0,1
2026-01-09T15:00,2026-01-09,15,Friday,1,1,14.8,50,12.7,0.0,4.8,372.0,1
2026-01-09T16:00,2026-01-09,16,Friday,1,1,13.9,57,11.9,0.0,6.1,227.0,1
2026-01-09T17:00,2026-01-09,17,Friday,1,1,11.2,66,9.4,0.0,4.4,76.0,1
2026-01-09T18:00,2026-01-09,18,Friday,1,1,10.1,69,8.7,0.0,1.3,1.0,0
2026-01-09T19:00,2026-01-09,19,Friday,1,1,9.0,74,7.6,0.0,0.9,0.0,0
2026-01-09T20:00,2026-01-09,20,Friday,1,1,7.7,79,6.2,0.0,1.2,0.0,0
2026-01-09T21:00,2026-01-09,21,Friday,1,1,6.2,85,4.5,0.0,1.5,0.0,0
2026-01-09T22:00,2026-01-09,22,Friday,1,1,4.8,90,2.9,0.0,1.7,0.0,0
2026-01-09T23:00,2026-01-09,23,Friday,1,1,4.4,94,2.8,0.0,0.3,0.0,0
2026-01-10T00:00,2026-01-10,0,Saturday,1,1,3.8,94,1.9,0.0,1.5,0.0,0
2026-01-10T01:00,2026-01-10,1,Saturday,1,1,3.3,92,1.1,0.0,2.9,0.0,0
2026-01-10T02:00,2026-01-10,2,Saturday,1,1,3.2,88,1.0,0.0,2.3,0.0,0
2026-01-10T03:00,2026-01-10,3,Saturday,1,1,3.0,86,0.9,0.0,1.4,0.0,0
2026-01-10T04:00,2026-01-10,4,Saturday,1,1,3.0,84,0.8,0.0,0.9,0.0,0
2026-01-10T05:00,2026-01-10,5,Saturday,1,1,3.9,88,2.1,0.0,0.2,0.0,0
2026-01-10T06:00,2026-01-10,6,Saturday,1,1,4.0,78,1.7,0.0,1.7,0.0,0
2026-01-10T07:00,2026-01-10,7,Saturday,1,1,3.9,74,1.6,0.0,0.6,0.0,0
2026-01-10T08:00,2026-01-10,8,Saturday,1,1,4.2,74,2.0,0.0,0.6,24.0,1
2026-01-10T09:00,2026-01-10,9,Saturday,1,1,6.8,65,4.6,0.0,1.2,151.0,1
2026-01-10T10:00,2026-01-10,10,Saturday,1,1,9.1,59,6.8,0.0,2.9,305.0,1
2026-01-10T11:00,2026-01-10,11,Saturday,1,1,10.9,53,8.8,0.0,1.9,431.0,1
2026-01-10T12:00,2026-01-10,12,Saturday,1,1,13.7,46,11.3,0.0,4.1,507.0,1
2026-01-10T13:00,2026-01-10,13,Saturday,1,1,15.1,45,12.8,0.0,5.5,523.0,1
2026-01-10T14:00,2026-01-10,14,Saturday,1,1,15.8,45,13.5,0.0,5.9,477.0,1
2026-01-10T15:00,2026-01-10,15,Saturday,1,1,15.9,46,13.6,0.0,6.1,375.0,1
2026-01-10T16:00,2026-01-10,16,Saturday,1,1,15.0,53,13.2,0.0,4.9,230.0,1
2026-01-10T17:00,2026-01-10,17,Saturday,1,1,12.4,60,10.8,0.0,1.7,78.0,1
2026-01-10T18:00,2026-01-10,18,Saturday,1,1,10.7,65,9.3,0.0,0.6,2.0,0
2026-01-10T19:00,2026-01-10,19,Saturday,1,1,9.2,70,7.7,0.0,1.0,0.0,0
2026-01-10T20:00,2026-01-10,20,Saturday,1,1,7.7,75,5.7,0.0,3.0,0.0,0
2026-01-10T21:00,2026-01-10,21,Saturday,1,1,6.2,79,4.2,0.0,2.6,0.0,0
2026-01-10T22:00,2026-01-10,22,Saturday,1,1,4.9,84,3.0,0.0,1.5,0.0,0
2026-01-10T23:00,2026-01-10,23,Saturday,1,1,5.9,81,4.2,0.0,0.2,0.0,0
2026-01-11T00:00,2026-01-11,0,Sunday,1,1,4.8,82,2.7,0.0,2.2,0.0,0
2026-01-11T01:00,2026-01-11,1,Sunday,1,1,4.4,80,2.1,0.0,2.4,0.0,0
2026-01-11T02:00,2026-01-11,2,Sunday,1,1,3.7,80,1.2,0.0,3.1,0.0,0
2026-01-11T03:00,2026-01-11,3,Sunday,1,1,3.2,81,0.7,0.0,2.4,0.0,0
2026-01-11T04:00,2026-01-11,4,Sunday,1,1,2.5,84,0.1,0.0,2.3,0.0,0
2026-01-11T05:00,2026-01-11,5,Sunday,1,1,3.7,78,1.5,0.0,0.7,0.0,0
2026-01-11T06:00,2026-01-11,6,Sunday,1,1,2.6,82,0.4,0.0,0.5,0.0,0
2026-01-11T07:00,2026-01-11,7,Sunday,1,1,1.8,82,-0.7,0.0,1.6,0.0,0
2026-01-11T08:00,2026-01-11,8,Sunday,1,1,2.5,79,-0.1,0.0,2.2,25.0,1
2026-01-11T09:00,2026-01-11,9,Sunday,1,1,5.3,74,3.1,0.0,2.0,158.0,1
2026-01-11T10:00,2026-01-11,10,Sunday,1,1,7.9,66,5.4,0.0,5.2,311.0,1
2026-01-11T11:00,2026-01-11,11,Sunday,1,1,9.4,64,7.3,0.0,2.4,425.0,1
2026-01-11T12:00,2026-01-11,12,Sunday,1,1,12.3,56,10.4,0.0,2.9,510.0,1
2026-01-11T13:00,2026-01-11,13,Sunday,1,1,13.9,51,11.8,0.0,5.2,538.0,1
2026-01-11T14:00,2026-01-11,14,Sunday,1,1,15.0,50,12.8,0.0,6.1,491.0,1
2026-01-11T15:00,2026-01-11,15,Sunday,1,1,15.6,49,13.5,0.0,6.2,386.0,1
2026-01-11T16:00,2026-01-11,16,Sunday,1,1,14.6,56,12.7,0.0,6.0,236.0,1
2026-01-11T17:00,2026-01-11,17,Sunday,1,1,11.7,63,10.0,0.0,2.7,72.0,1
2026-01-11T18:00,2026-01-11,18,Sunday,1,1,9.9,64,8.2,0.0,1.3,2.0,0
2026-01-11T19:00,2026-01-11,19,Sunday,1,1,9.1,64,7.3,0.0,1.4,0.0,0
2026-01-11T20:00,2026-01-11,20,Sunday,1,1,8.4,65,6.4,0.0,1.3,0.0,0
2026-01-11T21:00,2026-01-11,21,Sunday,1,1,7.8,67,5.9,0.0,1.2,0.0,0
2026-01-11T22:00,2026-01-11,22,Sunday,1,1,7.7,68,5.8,0.0,0.8,0.0,0
2026-01-11T23:00,2026-01-11,23,Sunday,1,1,7.9,69,6.2,0.0,0.6,0.0,0
2026-01-12T00:00,2026-01-12,0,Monday,1,0,7.6,69,5.8,0.0,0.6,0.0,0
2026-01-12T01:00,2026-01-12,1,Monday,1,0,7.2,70,5.2,0.0,1.0,0.0,0
2026-01-12T02:00,2026-01-12,2,Monday,1,0,6.0,73,4.0,0.0,1.2,0.0,0
2026-01-12T03:00,2026-01-12,3,Monday,1,0,5.6,72,3.1,0.0,3.1,0.0,0
2026-01-12T04:00,2026-01-12,4,Monday,1,0,6.3,67,4.2,0.0,0.7,0.0,0
2026-01-12T05:00,2026-01-12,5,Monday,1,0,5.8,70,3.7,0.0,0.9,0.0,0
2026-01-12T06:00,2026-01-12,6,Monday,1,0,5.8,69,3.4,0.0,1.8,0.0,0
2026-01-12T07:00,2026-01-12,7,Monday,1,0,4.8,66,2.1,0.0,3.1,0.0,0
2026-01-12T08:00,2026-01-12,8,Monday,1,0,5.4,63,2.9,0.0,1.5,24.0,1
2026-01-12T09:00,2026-01-12,9,Monday,1,0,7.6,57,5.0,0.0,2.5,131.0,1
2026-01-12T10:00,2026-01-12,10,Monday,1,0,10.2,49,7.7,0.0,2.6,259.0,1
2026-01-12T11:00,2026-01-12,11,Monday,1,0,11.5,47,9.3,0.0,1.0,349.0,1
2026-01-12T12:00,2026-01-12,12,Monday,1,0,13.8,45,11.6,0.0,3.1,492.0,1
2026-01-12T13:00,2026-01-12,13,Monday,1,0,14.9,46,12.8,0.0,3.7,469.0,1
2026-01-12T14:00,2026-01-12,14,Monday,1,0,15.4,45,13.5,0.0,3.0,424.0,1
2026-01-12T15:00,2026-01-12,15,Monday,1,0,15.5,46,13.9,0.0,0.9,288.0,1
2026-01-12T16:00,2026-01-12,16,Monday,1,0,14.8,62,14.0,0.0,1.1,164.0,1
2026-01-12T17:00,2026-01-12,17,Monday,1,0,12.6,60,10.8,0.0,3.2,53.0,1
2026-01-12T18:00,2026-01-12,18,Monday,1,0,11.5,60,10.0,0.0,0.4,2.0,0
2026-01-12T19:00,2026-01-12,19,Monday,1,0,9.6,66,7.9,0.0,1.6,0.0,0
2026-01-12T20:00,2026-01-12,20,Monday,1,0,7.9,73,6.2,0.0,1.5,0.0,0
2026-01-12T21:00,2026-01-12,21,Monday,1,0,6.9,77,5.2,0.0,0.9,0.0,0
2026-01-12T22:00,2026-01-12,22,Monday,1,0,6.2,79,4.5,0.0,0.9,0.0,0
2026-01-12T23:00,2026-01-12,23,Monday,1,0,6.2,81,4.7,0.0,0.2,0.0,0
2026-01-13T00:00,2026-01-13,0,Tuesday,1,0,5.7,83,4.0,0.0,0.6,0.0,0
2026-01-13T01:00,2026-01-13,1,Tuesday,1,0,5.3,84,3.6,0.0,0.6,0.0,0
2026-01-13T02:00,2026-01-13,2,Tuesday,1,0,5.4,82,3.7,0.0,0.6,0.0,0
2026-01-13T03:00,2026-01-13,3,Tuesday,1,0,5.3,81,3.6,0.0,0.0,0.0,0
2026-01-13T04:00,2026-01-13,4,Tuesday,1,0,4.7,83,2.8,0.0,0.4,0.0,0
2026-01-13T05:00,2026-01-13,5,Tuesday,1,0,4.1,91,2.2,0.0,1.6,0.0,0
2026-01-13T06:00,2026-01-13,6,Tuesday,1,0,3.0,97,1.1,0.0,1.3,0.0,0
2026-01-13T07:00,2026-01-13,7,Tuesday,1,0,2.4,99,0.4,0.0,1.6,0.0,0
2026-01-13T08:00,2026-01-13,8,Tuesday,1,0,3.0,99,1.1,0.0,1.5,25.0,1
2026-01-13T09:00,2026-01-13,9,Tuesday,1,0,5.7,90,3.8,0.0,3.6,155.0,1
2026-01-13T10:00,2026-01-13,10,Tuesday,1,0,8.4,80,6.6,0.0,3.8,313.0,1
2026-01-13T11:00,2026-01-13,11,Tuesday,1,0,10.4,71,8.8,0.0,2.5,440.0,1
2026-01-13T12:00,2026-01-13,12,Tuesday,1,0,13.4,59,11.5,0.0,5.4,520.0,1
2026-01-13T13:00,2026-01-13,13,Tuesday,1,0,15.3,52,13.3,0.0,6.2,534.0,1
2026-01-13T14:00,2026-01-13,14,Tuesday,1,0,16.2,49,14.3,0.0,5.8,483.0,1
2026-01-13T15:00,2026-01-13,15,Tuesday,1,0,16.2,48,14.2,0.0,5.9,378.0,1
2026-01-13T16:00,2026-01-13,16,Tuesday,1,0,15.1,55,13.5,0.0,4.7,235.0,1
2026-01-13T17:00,2026-01-13,17,Tuesday,1,0,12.9,63,11.7,0.0,1.5,85.0,1
2026-01-13T18:00,2026-01-13,18,Tuesday,1,0,10.4,71,8.8,0.0,3.5,3.0,0
2026-01-13T19:00,2026-01-13,19,Tuesday,1,0,8.6,78,6.8,0.0,4.1,0.0,0
2026-01-13T20:00,2026-01-13,20,Tuesday,1,0,7.5,81,5.8,0.0,2.7,0.0,0
2026-01-13T21:00,2026-01-13,21,Tuesday,1,0,6.9,82,5.2,0.0,1.8,0.0,0
2026-01-13T22:00,2026-01-13,22,Tuesday,1,0,6.2,84,4.4,0.0,2.1,0.0,0
2026-01-13T23:00,2026-01-13,23,Tuesday,1,0,6.3,84,4.8,0.0,0.7,0.0,0
2026-01-14T00:00,2026-01-14,0,Wednesday,1,0,6.2,83,4.6,0.0,0.9,0.0,0
2026-01-14T01:00,2026-01-14,1,Wednesday,1,0,5.9,83,4.1,0.0,1.5,0.0,0
2026-01-14T02:00,2026-01-14,2,Wednesday,1,0,5.4,81,3.4,0.0,1.7,0.0,0
2026-01-14T03:00,2026-01-14,3,Wednesday,1,0,4.6,81,2.5,0.0,1.5,0.0,0
2026-01-14T04:00,2026-01-14,4,Wednesday,1,0,3.8,82,1.6,0.0,1.5,0.0,0
2026-01-14T05:00,2026-01-14,5,Wednesday,1,0,5.4,81,3.6,0.0,0.4,0.0,0
2026-01-14T06:00,2026-01-14,6,Wednesday,1,0,4.8,81,2.9,0.0,0.7,0.0,0
2026-01-14T07:00,2026-01-14,7,Wednesday,1,0,4.2,79,2.0,0.0,1.2,0.0,0
2026-01-14T08:00,2026-01-14,8,Wednesday,1,0,4.4,78,2.1,0.0,2.2,26.0,1
2026-01-14T09:00,2026-01-14,9,Wednesday,1,0,7.1,70,4.8,0.0,3.6,159.0,1
2026-01-14T10:00,2026-01-14,10,Wednesday,1,0,9.8,62,7.6,0.0,3.9,319.0,1
2026-01-14T11:00,2026-01-14,11,Wednesday,1,0,11.2,63,9.5,0.0,2.9,450.0,1
2026-01-14T12:00,2026-01-14,12,Wednesday,1,0,14.1,58,12.3,0.0,4.6,529.0,1
2026-01-14T13:00,2026-01-14,13,Wednesday,1,0,15.9,53,14.1,0.0,5.9,545.0,1
2026-01-14T14:00,2026-01-14,14,Wednesday,1,0,17.0,49,15.2,0.0,5.3,499.0,1
2026-01-14T15:00,2026-01-14,15,Wednesday,1,0,17.1,47,15.4,0.0,5.0,395.0,1
2026-01-14T16:00,2026-01-14,16,Wednesday,1,0,16.0,55,14.6,0.0,4.7,243.0,1
2026-01-14T17:00,2026-01-14,17,Wednesday,1,0,13.7,58,12.3,0.0,2.1,74.0,1
2026-01-14T18:00,2026-01-14,18,Wednesday,1,0,11.4,63,10.0,0.0,0.7,3.0,0
2026-01-14T19:00,2026-01-14,19,Wednesday,1,0,9.1,71,7.3,0.0,3.5,0.0,0
2026-01-14T20:00,2026-01-14,20,Wednesday,1,0,7.9,78,6.0,0.0,3.7,0.0,0
2026-01-14T21:00,2026-01-14,21,Wednesday,1,0,7.3,80,5.5,0.0,2.4,0.0,0
2026-01-14T22:00,2026-01-14,22,Wednesday,1,0,6.2,84,4.3,0.0,3.3,0.0,0
2026-01-14T23:00,2026-01-14,23,Wednesday,1,0,6.8,82,5.0,0.0,1.8,0.0,0
2026-01-15T00:00,2026-01-15,0,Thursday,1,0,6.6,81,5.0,0.0,1.1,0.0,0
2026-01-15T01:00,2026-01-15,1,Thursday,1,0,6.1,82,4.2,0.0,2.1,0.0,0
2026-01-15T02:00,2026-01-15,2,Thursday,1,0,6.0,80,4.1,0.0,1.5,0.0,0
2026-01-15T03:00,2026-01-15,3,Thursday,1,0,5.8,79,4.0,0.0,0.8,0.0,0
2026-01-15T04:00,2026-01-15,4,Thursday,1,0,5.5,79,3.6,0.0,1.1,0.0,0
2026-01-15T05:00,2026-01-15,5,Thursday,1,0,4.8,85,3.0,0.0,1.1,0.0,0
2026-01-15T06:00,2026-01-15,6,Thursday,1,0,5.6,74,3.5,0.0,1.0,0.0,0
2026-01-15T07:00,2026-01-15,7,Thursday,1,0,4.8,72,2.7,0.0,0.5,0.0,0
2026-01-15T08:00,2026-01-15,8,Thursday,1,0,4.4,77,2.1,0.0,1.9,24.0,1
2026-01-15T09:00,2026-01-15,9,Thursday,1,0,7.2,71,5.2,0.0,1.5,152.0,1
2026-01-15T10:00,2026-01-15,10,Thursday,1,0,10.1,64,8.1,0.0,3.6,307.0,1
2026-01-15T11:00,2026-01-15,11,Thursday,1,0,11.6,63,10.0,0.0,2.2,441.0,1
2026-01-15T12:00,2026-01-15,12,Thursday,1,0,14.0,61,12.3,0.0,6.0,514.0,1
2026-01-15T13:00,2026-01-15,13,Thursday,1,0,15.9,56,14.7,0.0,3.5,531.0,1
2026-01-15T14:00,2026-01-15,14,Thursday,1,0,17.0,54,15.6,0.0,5.4,494.0,1
2026-01-15T15:00,2026-01-15,15,Thursday,1,0,17.2,53,15.7,0.0,5.9,356.0,1
2026-01-15T16:00,2026-01-15,16,Thursday,1,0,16.5,58,15.2,0.0,5.5,239.0,1
2026-01-15T17:00,2026-01-15,17,Thursday,1,0,14.2,62,13.2,0.0,2.2,88.0,1
2026-01-15T18:00,2026-01-15,18,Thursday,1,0,12.4,66,11.3,0.0,0.8,3.0,0
2026-01-15T19:00,2026-01-15,19,Thursday,1,0,10.5,72,9.1,0.0,2.2,0.0,0
2026-01-15T20:00,2026-01-15,20,Thursday,1,0,9.4,74,7.8,0.0,2.4,0.0,0
2026-01-15T21:00,2026-01-15,21,Thursday,1,0,9.1,74,7.6,0.0,1.5,0.0,0
2026-01-15T22:00,2026-01-15,22,Thursday,1,0,8.4,76,6.8,0.0,1.9,0.0,0
2026-01-15T23:00,2026-01-15,23,Thursday,1,0,9.2,73,7.8,0.0,0.4,0.0,0
2026-01-16T00:00,2026-01-16,0,Friday,1,1,9.1,71,7.6,0.0,1.2,0.0,0
2026-01-16T01:00,2026-01-16,1,Friday,1,1,9.2,67,7.6,0.0,0.7,0.0,0
2026-01-16T02:00,2026-01-16,2,Friday,1,1,8.8,66,7.0,0.0,0.8,0.0,0
2026-01-16T03:00,2026-01-16,3,Friday,1,1,8.1,64,6.2,0.0,0.7,0.0,0
2026-01-16T04:00,2026-01-16,4,Friday,1,1,7.8,61,5.7,0.0,1.1,0.0,0
2026-01-16T05:00,2026-01-16,5,Friday,1,1,8.4,63,6.3,0.0,1.7,0.0,0
2026-01-16T06:00,2026-01-16,6,Friday,1,1,8.1,62,6.2,0.0,0.6,0.0,0
2026-01-16T07:00,2026-01-16,7,Friday,1,1,7.2,63,4.9,0.0,2.3,0.0,0
2026-01-16T08:00,2026-01-16,8,Friday,1,1,7.5,66,5.4,0.0,1.4,16.0,1
2026-01-16T09:00,2026-01-16,9,Friday,1,1,9.5,58,7.2,0.0,2.9,96.0,1
2026-01-16T10:00,2026-01-16,10,Friday,1,1,10.8,58,8.4,0.0,4.7,144.0,1
2026-01-16T11:00,2026-01-16,11,Friday,1,1,11.8,53,9.8,0.0,2.1,178.0,1
2026-01-16T12:00,2026-01-16,12,Friday,1,1,13.1,50,10.9,0.0,3.8,206.0,1
2026-01-16T13:00,2026-01-16,13,Friday,1,1,14.9,48,13.0,0.0,2.6,344.0,1
2026-01-16T14:00,2026-01-16,14,Friday,1,1,16.1,49,14.7,0.0,1.7,473.0,1
2026-01-16T15:00,2026-01-16,15,Friday,1,1,16.0,55,14.8,0.3,3.1,364.0,1
2026-01-16T16:00,2026-01-16,16,Friday,1,1,15.2,60,13.8,0.1,5.3,181.0,1
2026-01-16T17:00,2026-01-16,17,Friday,1,1,14.2,65,13.3,0.0,2.2,84.0,1
2026-01-16T18:00,2026-01-16,18,Friday,1,1,11.9,72,10.8,0.0,2.1,4.0,0
2026-01-16T19:00,2026-01-16,19,Friday,1,1,10.6,76,9.5,0.0,1.5,0.0,0
2026-01-16T20:00,2026-01-16,20,Friday,1,1,9.4,78,8.0,0.0,1.8,0.0,0
2026-01-16T21:00,2026-01-16,21,Friday,1,1,8.3,80,6.8,0.0,2.1,0.0,0
2026-01-16T22:00,2026-01-16,22,Friday,1,1,8.1,77,6.6,0.0,1.3,0.0,0
2026-01-16T23:00,2026-01-16,23,Friday,1,1,8.5,74,7.0,0.0,1.1,0.0,0
2026-01-17T00:00,2026-01-17,0,Saturday,1,1,6.7,80,4.5,0.0,4.0,0.0,0
2026-01-17T01:00,2026-01-17,1,Saturday,1,1,6.2,79,4.1,0.0,3.7,0.0,0
2026-01-17T02:00,2026-01-17,2,Saturday,1,1,5.8,79,3.7,0.0,2.7,0.0,0
2026-01-17T03:00,2026-01-17,3,Saturday,1,1,5.3,80,3.2,0.0,2.5,0.0,0
2026-01-17T04:00,2026-01-17,4,Saturday,1,1,4.7,82,2.5,0.0,2.6,0.0,0
2026-01-17T05:00,2026-01-17,5,Saturday,1,1,4.7,83,2.6,0.0,1.8,0.0,0
2026-01-17T06:00,2026-01-17,6,Saturday,1,1,4.1,85,1.8,0.0,2.7,0.0,0
2026-01-17T07:00,2026-01-17,7,Saturday,1,1,3.7,86,1.3,0.0,3.4,0.0,0
2026-01-17T08:00,2026-01-17,8,Saturday,1,1,4.7,84,2.5,0.0,3.0,25.0,1
2026-01-17T09:00,2026-01-17,9,Saturday,1,1,8.1,76,6.2,0.1,3.6,149.0,1
2026-01-17T10:00,2026-01-17,10,Saturday,1,1,12.0,59,10.5,0.0,0.8,300.0,1
2026-01-17T11:00,2026-01-17,11,Saturday,1,1,14.0,50,12.2,0.0,1.9,424.0,1
2026-01-17T12:00,2026-01-17,12,Saturday,1,1,16.0,45,14.1,0.0,4.0,498.0,1
2026-01-17T13:00,2026-01-17,13,Saturday,1,1,17.1,43,15.4,0.0,3.0,514.0,1
2026-01-17T14:00,2026-01-17,14,Saturday,1,1,17.8,42,16.0,0.0,3.1,462.0,1
2026-01-17T15:00,2026-01-17,15,Saturday,1,1,17.9,43,16.3,0.0,2.4,364.0,1
2026-01-17T16:00,2026-01-17,16,Saturday,1,1,17.0,59,16.6,0.0,1.7,225.0,1
2026-01-17T17:00,2026-01-17,17,Saturday,1,1,15.6,60,14.9,0.0,0.2,86.0,1
2026-01-17T18:00,2026-01-17,18,Saturday,1,1,13.2,63,12.2,0.0,0.7,4.0,0
2026-01-17T19:00,2026-01-17,19,Saturday,1,1,10.8,73,9.5,0.0,1.8,0.0,0
2026-01-17T20:00,2026-01-17,20,Saturday,1,1,8.6,83,7.3,0.0,1.8,0.0,0
2026-01-17T21:00,2026-01-17,21,Saturday,1,1,7.3,89,6.0,0.0,1.7,0.0,0
2026-01-17T22:00,2026-01-17,22,Saturday,1,1,6.2,93,4.8,0.0,2.2,0.0,0
2026-01-17T23:00,2026-01-17,23,Saturday,1,1,5.8,97,4.5,0.0,1.4,0.0,0
2026-01-18T00:00,2026-01-18,0,Sunday,1,1,5.8,95,4.3,0.0,2.2,0.0,0
2026-01-18T01:00,2026-01-18,1,Sunday,1,1,5.7,93,4.2,0.0,1.0,0.0,0
2026-01-18T02:00,2026-01-18,2,Sunday,1,1,5.2,92,3.6,0.0,0.9,0.0,0
2026-01-18T03:00,2026-01-18,3,Sunday,1,1,4.6,92,2.8,0.0,1.7,0.0,0
2026-01-18T04:00,2026-01-18,4,Sunday,1,1,4.2,91,2.4,0.0,1.2,0.0,0
2026-01-18T05:00,2026-01-18,5,Sunday,1,1,4.5,89,2.8,0.0,0.4,0.0,0
2026-01-18T06:00,2026-01-18,6,Sunday,1,1,4.1,87,2.1,0.0,1.3,0.0,0
2026-01-18T07:00,2026-01-18,7,Sunday,1,1,3.8,85,1.7,0.0,1.3,0.0,0
2026-01-18T08:00,2026-01-18,8,Sunday,1,1,4.7,83,2.6,0.0,1.7,26.0,1
2026-01-18T09:00,2026-01-18,9,Sunday,1,1,8.8,71,6.9,0.0,2.3,160.0,1
2026-01-18T10:00,2026-01-18,10,Sunday,1,1,12.6,59,10.8,0.0,3.8,311.0,1
2026-01-18T11:00,2026-01-18,11,Sunday,1,1,15.4,53,13.8,0.0,4.1,450.0,1
2026-01-18T12:00,2026-01-18,12,Sunday,1,1,18.1,49,16.7,0.0,5.1,530.0,1
2026-01-18T13:00,2026-01-18,13,Sunday,1,1,19.9,44,18.5,0.0,5.3,548.0,1
2026-01-18T14:00,2026-01-18,14,Sunday,1,1,20.7,40,18.9,0.0,6.3,503.0,1
2026-01-18T15:00,2026-01-18,15,Sunday,1,1,20.5,38,18.4,0.0,7.2,401.0,1
2026-01-18T16:00,2026-01-18,16,Sunday,1,1,19.0,46,17.4,0.0,5.9,256.0,1
2026-01-18T17:00,2026-01-18,17,Sunday,1,1,14.9,58,13.2,0.0,6.1,94.0,1
2026-01-18T18:00,2026-01-18,18,Sunday,1,1,12.9,63,11.5,0.0,3.1,4.0,0
2026-01-18T19:00,2026-01-18,19,Sunday,1,1,11.4,70,10.3,0.0,0.8,0.0,0
2026-01-18T20:00,2026-01-18,20,Sunday,1,1,9.3,80,8.1,0.0,1.5,0.0,0
2026-01-18T21:00,2026-01-18,21,Sunday,1,1,7.6,87,6.1,0.0,2.6,0.0,0
2026-01-18T22:00,2026-01-18,22,Sunday,1,1,6.4,91,4.6,0.0,4.7,0.0,0
2026-01-18T23:00,2026-01-18,23,Sunday,1,1,7.4,83,5.4,0.0,4.7,0.0,0
2026-01-19T00:00,2026-01-19,0,Monday,1,0,8.1,71,6.1,0.0,3.2,0.0,0
2026-01-19T01:00,2026-01-19,1,Monday,1,0,8.4,65,6.5,0.0,1.8,0.0,0
2026-01-19T02:00,2026-01-19,2,Monday,1,0,8.6,62,6.7,0.0,1.1,0.0,0
2026-01-19T03:00,2026-01-19,3,Monday,1,0,8.4,59,6.2,0.0,1.9,0.0,0
2026-01-19T04:00,2026-01-19,4,Monday,1,0,7.6,58,5.0,0.0,3.1,0.0,0
2026-01-19T05:00,2026-01-19,5,Monday,1,0,8.5,59,6.3,0.0,1.3,0.0,0
2026-01-19T06:00,2026-01-19,6,Monday,1,0,8.0,62,5.8,0.0,1.5,0.0,0
2026-01-19T07:00,2026-01-19,7,Monday,1,0,7.0,66,4.7,0.0,2.3,0.0,0
2026-01-19T08:00,2026-01-19,8,Monday,1,0,7.2,70,5.1,0.0,2.7,23.0,1
2026-01-19T09:00,2026-01-19,9,Monday,1,0,10.0,67,7.9,0.0,4.6,137.0,1
2026-01-19T10:00,2026-01-19,10,Monday,1,0,13.6,54,11.8,0.0,3.1,301.0,1
2026-01-19T11:00,2026-01-19,11,Monday,1,0,16.3,42,14.5,0.0,1.8,439.0,1
2026-01-19T12:00,2026-01-19,12,Monday,1,0,18.1,45,16.8,0.0,2.2,521.0,1
2026-01-19T13:00,2026-01-19,13,Monday,1,0,18.9,46,17.9,0.0,1.9,538.0,1
2026-01-19T14:00,2026-01-19,14,Monday,1,0,19.5,43,18.4,0.0,2.5,496.0,1
2026-01-19T15:00,2026-01-19,15,Monday,1,0,18.2,47,16.3,0.0,7.6,381.0,1
2026-01-19T16:00,2026-01-19,16,Monday,1,0,17.8,51,16.5,0.0,3.9,232.0,1
2026-01-19T17:00,2026-01-19,17,Monday,1,0,15.8,61,15.1,0.0,1.6,93.0,1
2026-01-19T18:00,2026-01-19,18,Monday,1,0,13.1,71,11.7,0.0,5.5,5.0,0
2026-01-19T19:00,2026-01-19,19,Monday,1,0,11.2,80,9.8,0.0,5.7,0.0,0
2026-01-19T20:00,2026-01-19,20,Monday,1,0,9.6,86,8.1,0.0,5.2,0.0,0
2026-01-19T21:00,2026-01-19,21,Monday,1,0,8.7,87,7.1,0.0,5.1,0.0,0
2026-01-19T22:00,2026-01-19,22,Monday,1,0,8.1,85,6.4,0.0,4.4,0.0,0
2026-01-19T23:00,2026-01-19,23,Monday,1,0,9.1,81,7.9,0.0,1.6,0.0,0
2026-01-20T00:00,2026-01-20,0,Tuesday,1,0,8.6,82,7.1,0.0,2.3,0.0,0
2026-01-20T01:00,2026-01-20,1,Tuesday,1,0,7.8,84,6.0,0.0,4.0,0.0,0
2026-01-20T02:00,2026-01-20,2,Tuesday,1,0,7.7,82,5.4,0.0,6.5,0.0,0
2026-01-20T03:00,2026-01-20,3,Tuesday,1,0,7.1,83,4.9,0.0,6.0,0.0,0
2026-01-20T04:00,2026-01-20,4,Tuesday,1,0,6.8,86,4.7,0.0,5.7,0.0,0
2026-01-20T05:00,2026-01-20,5,Tuesday,1,0,5.9,92,4.6,0.0,0.4,0.0,0
2026-01-20T06:00,2026-01-20,6,Tuesday,1,0,5.6,90,3.6,0.0,3.9,0.0,0
2026-01-20T07:00,2026-01-20,7,Tuesday,1,0,5.4,88,3.4,0.0,3.5,0.0,0
2026-01-20T08:00,2026-01-20,8,Tuesday,1,0,6.7,83,4.8,0.0,3.4,27.0,1
2026-01-20T09:00,2026-01-20,9,Tuesday,1,0,10.5,73,9.0,0.0,3.2,157.0,1
2026-01-20T10:00,2026-01-20,10,Tuesday,1,0,14.1,57,12.7,0.0,2.6,285.0,1
2026-01-20T11:00,2026-01-20,11,Tuesday,1,0,15.9,51,14.2,0.0,4.8,347.0,1
2026-01-20T12:00,2026-01-20,12,Tuesday,1,0,17.7,45,15.6,0.0,6.9,407.0,1
2026-01-20T13:00,2026-01-20,13,Tuesday,1,0,18.9,43,17.1,0.0,5.6,447.0,1
2026-01-20T14:00,2026-01-20,14,Tuesday,1,0,19.8,38,18.2,0.0,3.1,471.0,1
2026-01-20T15:00,2026-01-20,15,Tuesday,1,0,19.5,37,17.6,0.0,4.0,312.0,1
2026-01-20T16:00,2026-01-20,16,Tuesday,1,0,18.6,42,16.7,0.0,5.7,183.0,1
2026-01-20T17:00,2026-01-20,17,Tuesday,1,0,15.9,49,13.7,0.0,6.7,92.0,1
2026-01-20T18:00,2026-01-20,18,Tuesday,1,0,13.4,59,11.5,0.0,5.4,6.0,0
2026-01-20T19:00,2026-01-20,19,Tuesday,1,0,11.6,67,10.1,0.0,2.8,0.0,0
2026-01-20T20:00,2026-01-20,20,Tuesday,1,0,10.1,74,8.9,0.0,1.5,0.0,0
2026-01-20T21:00,2026-01-20,21,Tuesday,1,0,8.6,81,7.1,0.0,2.0,0.0,0
2026-01-20T22:00,2026-01-20,22,Tuesday,1,0,7.3,84,5.7,0.0,2.4,0.0,0
2026-01-20T23:00,2026-01-20,23,Tuesday,1,0,7.1,90,5.8,0.0,1.5,0.0,0
2026-01-21T00:00,2026-01-21,0,Wednesday,1,0,6.5,89,5.0,0.0,1.8,0.0,0
2026-01-21T01:00,2026-01-21,1,Wednesday,1,0,6.0,89,4.4,0.0,1.9,0.0,0
2026-01-21T02:00,2026-01-21,2,Wednesday,1,0,6.0,88,4.3,0.0,2.1,0.0,0
2026-01-21T03:00,2026-01-21,3,Wednesday,1,0,5.7,86,4.0,0.0,1.4,0.0,0
2026-01-21T04:00,2026-01-21,4,Wednesday,1,0,5.2,87,3.4,0.0,1.3,0.0,0
2026-01-21T05:00,2026-01-21,5,Wednesday,1,0,5.9,83,4.3,0.0,0.4,0.0,0
2026-01-21T06:00,2026-01-21,6,Wednesday,1,0,5.3,83,3.5,0.0,0.6,0.0,0
2026-01-21T07:00,2026-01-21,7,Wednesday,1,0,4.8,83,2.8,0.0,0.9,0.0,0
2026-01-21T08:00,2026-01-21,8,Wednesday,1,0,5.6,82,3.8,0.0,1.2,26.0,1
2026-01-21T09:00,2026-01-21,9,Wednesday,1,0,9.0,71,7.4,0.0,1.3,139.0,1
2026-01-21T10:00,2026-01-21,10,Wednesday,1,0,12.8,57,11.0,0.0,2.5,289.0,1
2026-01-21T11:00,2026-01-21,11,Wednesday,1,0,15.2,46,13.2,0.0,3.6,400.0,1
2026-01-21T12:00,2026-01-21,12,Wednesday,1,0,17.5,37,15.0,0.0,5.8,469.0,1
2026-01-21T13:00,2026-01-21,13,Wednesday,1,0,19.3,32,16.6,0.0,6.5,530.0,1
2026-01-21T14:00,2026-01-21,14,Wednesday,1,0,20.0,30,17.1,0.0,7.1,514.0,1
2026-01-21T15:00,2026-01-21,15,Wednesday,1,0,19.7,30,16.7,0.0,8.0,416.0,1
2026-01-21T16:00,2026-01-21,16,Wednesday,1,0,18.6,36,15.9,0.0,7.6,268.0,1
2026-01-21T17:00,2026-01-21,17,Wednesday,1,0,15.3,50,13.5,0.0,3.9,106.0,1
2026-01-21T18:00,2026-01-21,18,Wednesday,1,0,13.2,53,11.4,0.0,2.6,6.0,0
2026-01-21T19:00,2026-01-21,19,Wednesday,1,0,11.8,59,10.3,0.0,1.0,0.0,0
2026-01-21T20:00,2026-01-21,20,Wednesday,1,0,9.2,71,7.3,0.0,3.4,0.0,0
2026-01-21T21:00,2026-01-21,21,Wednesday,1,0,7.3,78,5.0,0.0,5.5,0.0,0
2026-01-21T22:00,2026-01-21,22,Wednesday,1,0,6.5,78,4.0,0.0,5.7,0.0,0
2026-01-21T23:00,2026-01-21,23,Wednesday,1,0,6.9,70,4.5,0.0,4.4,0.0,0
2026-01-22T00:00,2026-01-22,0,Thursday,1,0,6.2,72,3.5,0.0,5.6,0.0,0
2026-01-22T01:00,2026-01-22,1,Thursday,1,0,5.5,74,2.9,0.0,5.0,0.0,0
2026-01-22T02:00,2026-01-22,2,Thursday,1,0,4.8,79,2.2,0.0,4.5,0.0,0
2026-01-22T03:00,2026-01-22,3,Thursday,1,0,4.2,84,1.6,0.0,4.7,0.0,0
2026-01-22T04:00,2026-01-22,4,Thursday,1,0,4.2,82,1.6,0.0,5.4,0.0,0
2026-01-22T05:00,2026-01-22,5,Thursday,1,0,6.3,67,3.7,0.0,4.5,0.0,0
2026-01-22T06:00,2026-01-22,6,Thursday,1,0,6.4,66,3.8,0.0,3.6,0.0,0
2026-01-22T07:00,2026-01-22,7,Thursday,1,0,6.2,68,3.5,0.0,4.5,0.0,0
2026-01-22T08:00,2026-01-22,8,Thursday,1,0,7.3,65,4.7,0.0,4.8,22.0,1
2026-01-22T09:00,2026-01-22,9,Thursday,1,0,9.9,58,7.1,0.0,6.8,104.0,1
2026-01-22T10:00,2026-01-22,10,Thursday,1,0,12.6,48,9.9,0.0,6.1,150.0,1
2026-01-22T11:00,2026-01-22,11,Thursday,1,0,14.6,53,12.8,0.0,3.6,191.0,1
2026-01-22T12:00,2026-01-22,12,Thursday,1,0,16.5,37,13.2,0.0,9.5,222.0,1
2026-01-22T13:00,2026-01-22,13,Thursday,1,0,16.9,36,13.4,0.0,11.1,259.0,1
2026-01-22T14:00,2026-01-22,14,Thursday,1,0,16.7,35,13.0,0.0,12.3,222.0,1
2026-01-22T15:00,2026-01-22,15,Thursday,1,0,15.7,37,12.0,0.0,11.8,86.0,1
2026-01-22T16:00,2026-01-22,16,Thursday,1,0,15.7,36,11.4,0.0,15.8,41.0,1
2026-01-22T17:00,2026-01-22,17,Thursday,1,0,12.8,52,10.3,0.8,5.9,15.0,1
2026-01-22T18:00,2026-01-22,18,Thursday,1,0,11.4,78,9.8,2.7,7.3,2.0,0
2026-01-22T19:00,2026-01-22,19,Thursday,1,0,10.6,81,8.6,0.0,9.6,0.0,0
2026-01-22T20:00,2026-01-22,20,Thursday,1,0,10.6,77,8.5,0.0,8.8,0.0,0
2026-01-22T21:00,2026-01-22,21,Thursday,1,0,9.6,86,7.1,1.6,12.8,0.0,0
2026-01-22T22:00,2026-01-22,22,Thursday,1,0,9.9,87,6.7,3.3,18.7,0.0,0
2026-01-22T23:00,2026-01-22,23,Thursday,1,0,10.2,91,8.5,4.4,9.8,0.0,0
2026-01-23T00:00,2026-01-23,0,Friday,1,1,10.3,92,9.1,5.5,6.4,0.0,0
2026-01-23T01:00,2026-01-23,1,Friday,1,1,10.4,91,8.8,4.1,10.0,0.0,0
2026-01-23T02:00,2026-01-23,2,Friday,1,1,10.6,90,7.3,1.9,20.2,0.0,0
2026-01-23T03:00,2026-01-23,3,Friday,1,1,11.0,91,7.3,1.0,25.1,0.0,0
2026-01-23T04:00,2026-01-23,4,Friday,1,1,10.9,92,7.2,0.6,25.0,0.0,0
2026-01-23T05:00,2026-01-23,5,Friday,1,1,10.4,91,7.1,0.4,20.6,0.0,0
2026-01-23T06:00,2026-01-23,6,Friday,1,1,10.2,88,6.2,0.2,24.6,0.0,0
2026-01-23T07:00,2026-01-23,7,Friday,1,1,9.6,87,5.4,1.1,24.7,0.0,0
2026-01-23T08:00,2026-01-23,8,Friday,1,1,9.6,88,4.6,0.4,30.0,8.0,1
2026-01-23T09:00,2026-01-23,9,Friday,1,1,9.5,84,5.1,0.2,24.8,35.0,1
2026-01-23T10:00,2026-01-23,10,Friday,1,1,9.8,82,5.7,0.2,22.2,133.0,1
2026-01-23T11:00,2026-01-23,11,Friday,1,1,10.4,80,7.1,0.0,17.1,219.0,1
2026-01-23T12:00,2026-01-23,12,Friday,1,1,9.2,78,5.9,0.9,14.9,305.0,1
2026-01-23T13:00,2026-01-23,13,Friday,1,1,9.1,81,7.2,2.3,6.6,179.0,1
2026-01-23T14:00,2026-01-23,14,Friday,1,1,9.8,80,6.7,3.8,15.2,266.0,1
2026-01-23T15:00,2026-01-23,15,Friday,1,1,8.6,82,5.0,2.6,17.2,194.0,1
2026-01-23T16:00,2026-01-23,16,Friday,1,1,8.4,84,5.2,0.1,14.3,127.0,1
2026-01-23T17:00,2026-01-23,17,Friday,1,1,8.1,83,5.1,0.0,13.1,78.0,1
2026-01-23T18:00,2026-01-23,18,Friday,1,1,7.1,82,3.6,0.0,14.9,5.0,0
2026-01-23T19:00,2026-01-23,19,Friday,1,1,6.1,84,3.4,0.0,8.2,0.0,0
2026-01-23T20:00,2026-01-23,20,Friday,1,1,4.3,91,2.1,0.0,4.2,0.0,0
2026-01-23T21:00,2026-01-23,21,Friday,1,1,3.8,93,2.0,0.0,0.7,0.0,0
2026-01-23T22:00,2026-01-23,22,Friday,1,1,3.3,94,1.2,0.0,3.0,0.0,0
2026-01-23T23:00,2026-01-23,23,Friday,1,1,4.4,95,2.8,0.0,1.5,0.0,0
2026-01-24T00:00,2026-01-24,0,Saturday,1,1,3.8,97,1.9,0.0,2.7,0.0,0
2026-01-24T01:00,2026-01-24,1,Saturday,1,1,3.0,98,1.0,0.0,2.6,0.0,0
2026-01-24T02:00,2026-01-24,2,Saturday,1,1,2.5,100,0.6,0.0,1.0,0.0,0
2026-01-24T03:00,2026-01-24,3,Saturday,1,1,2.2,100,0.3,0.0,0.6,0.0,0
2026-01-24T04:00,2026-01-24,4,Saturday,1,1,1.7,100,-0.3,0.0,1.0,0.0,0
2026-01-24T05:00,2026-01-24,5,Saturday,1,1,2.3,99,-0.3,0.0,5.9,0.0,0
2026-01-24T06:00,2026-01-24,6,Saturday,1,1,2.2,93,-0.1,0.0,3.1,0.0,0
2026-01-24T07:00,2026-01-24,7,Saturday,1,1,1.5,95,-0.5,0.0,0.6,0.0,0
2026-01-24T08:00,2026-01-24,8,Saturday,1,1,2.4,95,0.1,0.0,3.5,30.0,1
2026-01-24T09:00,2026-01-24,9,Saturday,1,1,5.2,83,3.5,0.0,0.2,169.0,1
2026-01-24T10:00,2026-01-24,10,Saturday,1,1,7.4,74,5.3,0.0,4.0,335.0,1
2026-01-24T11:00,2026-01-24,11,Saturday,1,1,9.4,69,7.4,0.0,3.6,459.0,1
2026-01-24T12:00,2026-01-24,12,Saturday,1,1,11.4,61,9.0,0.0,7.1,559.0,1
2026-01-24T13:00,2026-01-24,13,Saturday,1,1,12.5,56,9.8,0.0,9.4,573.0,1
2026-01-24T14:00,2026-01-24,14,Saturday,1,1,13.4,51,10.9,0.0,6.9,516.0,1
2026-01-24T15:00,2026-01-24,15,Saturday,1,1,13.8,47,11.0,0.0,7.3,418.0,1
2026-01-24T16:00,2026-01-24,16,Saturday,1,1,13.2,49,10.2,0.0,9.0,273.0,1
2026-01-24T17:00,2026-01-24,17,Saturday,1,1,11.1,61,7.7,0.0,13.1,111.0,1
2026-01-24T18:00,2026-01-24,18,Saturday,1,1,9.4,64,6.7,0.0,7.9,8.0,0
2026-01-24T19:00,2026-01-24,19,Saturday,1,1,7.8,70,5.9,0.0,1.2,0.0,0
2026-01-24T20:00,2026-01-24,20,Saturday,1,1,7.1,74,5.2,0.0,1.4,0.0,0
2026-01-24T21:00,2026-01-24,21,Saturday,1,1,6.8,76,5.0,0.0,0.9,0.0,0
2026-01-24T22:00,2026-01-24,22,Saturday,1,1,6.9,76,5.1,0.0,1.2,0.0,0
2026-01-24T23:00,2026-01-24,23,Saturday,1,1,7.7,77,6.1,0.0,0.5,0.0,0
2026-01-25T00:00,2026-01-25,0,Sunday,1,1,7.9,73,6.4,0.0,0.3,0.0,0
2026-01-25T01:00,2026-01-25,1,Sunday,1,1,8.0,71,6.3,0.0,1.0,0.0,0
2026-01-25T02:00,2026-01-25,2,Sunday,1,1,6.9,71,4.9,0.0,1.5,0.0,0
2026-01-25T03:00,2026-01-25,3,Sunday,1,1,6.2,74,4.3,0.0,0.7,0.0,0
2026-01-25T04:00,2026-01-25,4,Sunday,1,1,5.3,76,3.3,0.0,0.5,0.0,0
2026-01-25T05:00,2026-01-25,5,Sunday,1,1,4.9,82,3.1,0.0,0.4,0.0,0
2026-01-25T06:00,2026-01-25,6,Sunday,1,1,4.2,83,2.1,0.0,0.9,0.0,0
2026-01-25T07:00,2026-01-25,7,Sunday,1,1,3.2,84,1.1,0.0,1.0,0.0,0
2026-01-25T08:00,2026-01-25,8,Sunday,1,1,3.9,84,1.8,0.0,1.2,30.0,1
2026-01-25T09:00,2026-01-25,9,Sunday,1,1,7.7,74,6.1,0.0,0.3,169.0,1
2026-01-25T10:00,2026-01-25,10,Sunday,1,1,11.3,61,9.4,0.0,3.1,332.0,1
2026-01-25T11:00,2026-01-25,11,Sunday,1,1,14.3,53,12.5,0.0,3.9,467.0,1
2026-01-25T12:00,2026-01-25,12,Sunday,1,1,17.0,43,14.6,0.0,6.7,549.0,1
2026-01-25T13:00,2026-01-25,13,Sunday,1,1,18.5,35,15.6,0.0,8.8,569.0,1
2026-01-25T14:00,2026-01-25,14,Sunday,1,1,18.9,31,15.5,0.0,10.8,525.0,1
2026-01-25T15:00,2026-01-25,15,Sunday,1,1,18.2,35,14.6,0.0,13.0,426.0,1
2026-01-25T16:00,2026-01-25,16,Sunday,1,1,17.0,41,13.7,0.0,12.1,279.0,1
2026-01-25T17:00,2026-01-25,17,Sunday,1,1,14.0,50,11.6,0.0,6.8,115.0,1
2026-01-25T18:00,2026-01-25,18,Sunday,1,1,10.9,63,8.9,0.0,4.8,9.0,0
2026-01-25T19:00,2026-01-25,19,Sunday,1,1,9.9,67,8.1,0.0,2.3,0.0,0
2026-01-25T20:00,2026-01-25,20,Sunday,1,1,8.6,72,7.0,0.0,1.3,0.0,0
2026-01-25T21:00,2026-01-25,21,Sunday,1,1,7.2,77,5.5,0.0,1.9,0.0,0
2026-01-25T22:00,2026-01-25,22,Sunday,1,1,5.8,83,3.8,0.0,2.5,0.0,0
2026-01-25T23:00,2026-01-25,23,Sunday,1,1,6.4,83,4.8,0.0,1.0,0.0,0
2026-01-26T00:00,2026-01-26,0,Monday,1,0,6.3,81,4.6,0.0,1.2,0.0,0
2026-01-26T01:00,2026-01-26,1,Monday,1,0,6.3,77,4.4,0.0,1.5,0.0,0
2026-01-26T02:00,2026-01-26,2,Monday,1,0,5.8,77,3.9,0.0,1.0,0.0,0
2026-01-26T03:00,2026-01-26,3,Monday,1,0,5.6,77,3.6,0.0,1.0,0.0,0
2026-01-26T04:00,2026-01-26,4,Monday,1,0,5.8,77,4.0,0.0,0.5,0.0,0
2026-01-26T05:00,2026-01-26,5,Monday,1,0,6.7,78,5.0,0.0,0.4,0.0,0
2026-01-26T06:00,2026-01-26,6,Monday,1,0,6.8,74,5.0,0.0,0.9,0.0,0
2026-01-26T07:00,2026-01-26,7,Monday,1,0,7.2,70,5.2,0.0,0.7,0.0,0
2026-01-26T08:00,2026-01-26,8,Monday,1,0,7.8,70,6.0,0.0,0.6,17.0,1
2026-01-26T09:00,2026-01-26,9,Monday,1,0,9.7,64,8.1,0.0,0.3,88.0,1
2026-01-26T10:00,2026-01-26,10,Monday,1,0,12.1,57,10.3,0.0,2.4,228.0,1
2026-01-26T11:00,2026-01-26,11,Monday,1,0,13.0,54,11.3,0.0,2.0,276.0,1
2026-01-26T12:00,2026-01-26,12,Monday,1,0,13.6,52,11.7,0.0,3.4,214.0,1
2026-01-26T13:00,2026-01-26,13,Monday,1,0,13.8,54,12.1,0.0,2.6,161.0,1
2026-01-26T14:00,2026-01-26,14,Monday,1,0,14.5,49,12.7,0.0,2.7,163.0,1
2026-01-26T15:00,2026-01-26,15,Monday,1,0,14.8,48,13.0,0.0,2.7,141.0,1
2026-01-26T16:00,2026-01-26,16,Monday,1,0,14.1,61,13.0,0.0,1.5,83.0,1
2026-01-26T17:00,2026-01-26,17,Monday,1,0,12.7,67,11.4,0.0,3.1,32.0,1
2026-01-26T18:00,2026-01-26,18,Monday,1,0,12.1,66,10.1,0.0,7.2,3.0,0
2026-01-26T19:00,2026-01-26,19,Monday,1,0,13.4,51,10.3,0.1,10.4,0.0,0
2026-01-26T20:00,2026-01-26,20,Monday,1,0,12.4,54,9.8,0.0,7.5,0.0,0
2026-01-26T21:00,2026-01-26,21,Monday,1,0,11.6,61,9.3,0.0,5.9,0.0,0
2026-01-26T22:00,2026-01-26,22,Monday,1,0,10.5,66,9.1,0.0,0.4,0.0,0
2026-01-26T23:00,2026-01-26,23,Monday,1,0,10.6,72,9.3,0.0,1.7,0.0,0
2026-01-27T00:00,2026-01-27,0,Tuesday,1,0,10.6,75,9.6,0.2,0.6,0.0,0
2026-01-27T01:00,2026-01-27,1,Tuesday,1,0,10.1,84,8.9,0.8,4.0,0.0,0
2026-01-27T02:00,2026-01-27,2,Tuesday,1,0,9.9,86,8.2,1.1,8.1,0.0,0
2026-01-27T03:00,2026-01-27,3,Tuesday,1,0,9.7,89,8.2,0.3,6.6,0.0,0
2026-01-27T04:00,2026-01-27,4,Tuesday,1,0,9.6,89,8.0,0.0,6.7,0.0,0
2026-01-27T05:00,2026-01-27,5,Tuesday,1,0,9.1,88,7.9,0.0,3.1,0.0,0
2026-01-27T06:00,2026-01-27,6,Tuesday,1,0,9.2,93,8.0,0.5,5.1,0.0,0
2026-01-27T07:00,2026-01-27,7,Tuesday,1,0,9.2,95,7.8,0.5,6.6,0.0,0
2026-01-27T08:00,2026-01-27,8,Tuesday,1,0,9.1,93,7.8,1.0,6.0,5.0,1
2026-01-27T09:00,2026-01-27,9,Tuesday,1,0,9.4,91,8.0,1.1,6.1,33.0,1
2026-01-27T10:00,2026-01-27,10,Tuesday,1,0,10.2,90,9.5,0.1,2.6,58.0,1
2026-01-27T11:00,2026-01-27,11,Tuesday,1,0,10.6,90,10.1,0.3,1.2,71.0,1
2026-01-27T12:00,2026-01-27,12,Tuesday,1,0,11.8,82,10.9,0.2,4.2,150.0,1
2026-01-27T13:00,2026-01-27,13,Tuesday,1,0,12.7,62,10.7,0.6,6.2,242.0,1
2026-01-27T14:00,2026-01-27,14,Tuesday,1,0,11.7,66,9.6,0.0,6.6,98.0,1
2026-01-27T15:00,2026-01-27,15,Tuesday,1,0,12.2,62,10.1,0.0,6.4,133.0,1
2026-01-27T16:00,2026-01-27,16,Tuesday,1,0,12.1,64,10.3,0.0,4.9,93.0,1
2026-01-27T17:00,2026-01-27,17,Tuesday,1,0,10.9,73,9.4,0.0,3.5,46.0,1
2026-01-27T18:00,2026-01-27,18,Tuesday,1,0,10.1,75,8.8,0.0,1.1,6.0,0
2026-01-27T19:00,2026-01-27,19,Tuesday,1,0,8.2,81,6.9,0.0,0.4,0.0,0
2026-01-27T20:00,2026-01-27,20,Tuesday,1,0,6.8,87,5.4,0.0,1.2,0.0,0
2026-01-27T21:00,2026-01-27,21,Tuesday,1,0,6.0,89,4.3,0.0,2.2,0.0,0
2026-01-27T22:00,2026-01-27,22,Tuesday,1,0,6.1,88,4.3,0.0,2.4,0.0,0
2026-01-27T23:00,2026-01-27,23,Tuesday,1,0,6.5,89,5.1,0.0,1.0,0.0,0
2026-01-28T00:00,2026-01-28,0,Wednesday,1,0,5.8,90,4.3,0.0,1.3,0.0,0
2026-01-28T01:00,2026-01-28,1,Wednesday,1,0,4.8,94,3.0,0.0,1.8,0.0,0
2026-01-28T02:00,2026-01-28,2,Wednesday,1,0,3.8,97,2.1,0.0,1.2,0.0,0
2026-01-28T03:00,2026-01-28,3,Wednesday,1,0,3.0,99,1.2,0.0,1.3,0.0,0
2026-01-28T04:00,2026-01-28,4,Wednesday,1,0,2.5,100,0.7,0.0,0.8,0.0,0
2026-01-28T05:00,2026-01-28,5,Wednesday,1,0,4.1,98,2.6,0.0,0.0,0.0,0
2026-01-28T06:00,2026-01-28,6,Wednesday,1,0,3.7,98,2.0,0.0,0.8,0.0,0
2026-01-28T07:00,2026-01-28,7,Wednesday,1,0,3.3,98,1.7,0.0,0.2,0.0,0
2026-01-28T08:00,2026-01-28,8,Wednesday,1,0,4.2,97,2.7,0.0,0.7,33.0,1
2026-01-28T09:00,2026-01-28,9,Wednesday,1,0,7.8,83,6.1,0.0,3.0,174.0,1
2026-01-28T10:00,2026-01-28,10,Wednesday,1,0,10.5,72,8.8,0.0,4.5,339.0,1
2026-01-28T11:00,2026-01-28,11,Wednesday,1,0,12.9,66,11.6,0.0,2.5,470.0,1
2026-01-28T12:00,2026-01-28,12,Wednesday,1,0,14.9,57,13.4,0.0,4.5,548.0,1
2026-01-28T13:00,2026-01-28,13,Wednesday,1,0,16.0,52,14.3,0.0,6.1,573.0,1
2026-01-28T14:00,2026-01-28,14,Wednesday,1,0,16.5,48,14.3,0.0,7.0,528.0,1
2026-01-28T15:00,2026-01-28,15,Wednesday,1,0,16.2,46,14.2,0.0,4.6,395.0,1
2026-01-28T16:00,2026-01-28,16,Wednesday,1,0,15.8,47,14.2,0.0,2.0,276.0,1
2026-01-28T17:00,2026-01-28,17,Wednesday,1,0,13.6,62,12.6,0.0,1.3,120.0,1
2026-01-28T18:00,2026-01-28,18,Wednesday,1,0,11.6,67,10.1,0.0,2.2,11.0,0
2026-01-28T19:00,2026-01-28,19,Wednesday,1,0,10.3,73,8.9,0.0,2.3,0.0,0
2026-01-28T20:00,2026-01-28,20,Wednesday,1,0,8.9,79,7.6,0.0,1.3,0.0,0
2026-01-28T21:00,2026-01-28,21,Wednesday,1,0,6.8,89,5.3,0.0,2.3,0.0,0
2026-01-28T22:00,2026-01-28,22,Wednesday,1,0,5.2,96,3.3,0.0,3.9,0.0,0
2026-01-28T23:00,2026-01-28,23,Wednesday,1,0,4.8,100,3.2,0.0,2.1,0.0,0
2026-01-29T00:00,2026-01-29,0,Thursday,1,0,4.4,100,2.8,0.0,2.2,0.0,0
2026-01-29T01:00,2026-01-29,1,Thursday,1,0,4.2,99,2.4,0.0,2.6,0.0,0
2026-01-29T02:00,2026-01-29,2,Thursday,1,0,4.2,98,2.5,0.0,1.3,0.0,0
2026-01-29T03:00,2026-01-29,3,Thursday,1,0,3.9,98,2.3,0.0,0.9,0.0,0
2026-01-29T04:00,2026-01-29,4,Thursday,1,0,3.5,98,1.8,0.0,0.9,0.0,0
2026-01-29T05:00,2026-01-29,5,Thursday,1,0,4.1,100,2.7,0.0,0.3,0.0,0
2026-01-29T06:00,2026-01-29,6,Thursday,1,0,3.8,99,2.2,0.0,0.8,0.0,0
2026-01-29T07:00,2026-01-29,7,Thursday,1,0,3.5,98,1.7,0.0,0.8,0.0,0
2026-01-29T08:00,2026-01-29,8,Thursday,1,0,4.6,94,2.8,0.0,2.1,33.0,1
2026-01-29T09:00,2026-01-29,9,Thursday,1,0,8.4,78,6.9,0.0,1.9,174.0,1
2026-01-29T10:00,2026-01-29,10,Thursday,1,0,11.8,66,10.1,0.0,4.4,342.0,1
2026-01-29T11:00,2026-01-29,11,Thursday,1,0,13.9,61,12.3,0.0,4.5,480.0,1
2026-01-29T12:00,2026-01-29,12,Thursday,1,0,16.4,52,14.8,0.0,5.2,565.0,1
2026-01-29T13:00,2026-01-29,13,Thursday,1,0,17.9,45,16.0,0.0,6.9,587.0,1
2026-01-29T14:00,2026-01-29,14,Thursday,1,0,18.3,43,16.1,0.0,7.5,539.0,1
2026-01-29T15:00,2026-01-29,15,Thursday,1,0,18.2,44,16.2,0.0,6.4,442.0,1
2026-01-29T16:00,2026-01-29,16,Thursday,1,0,17.6,48,16.0,0.0,5.0,295.0,1
2026-01-29T17:00,2026-01-29,17,Thursday,1,0,14.8,63,13.6,0.0,4.3,128.0,1
2026-01-29T18:00,2026-01-29,18,Thursday,1,0,11.6,72,10.2,0.0,3.6,12.0,0
2026-01-29T19:00,2026-01-29,19,Thursday,1,0,10.4,76,9.4,0.0,1.0,0.0,0
2026-01-29T20:00,2026-01-29,20,Thursday,1,0,8.8,82,7.6,0.0,1.2,0.0,0
2026-01-29T21:00,2026-01-29,21,Thursday,1,0,7.6,87,6.3,0.0,1.2,0.0,0
2026-01-29T22:00,2026-01-29,22,Thursday,1,0,6.4,91,4.8,0.0,3.1,0.0,0
2026-01-29T23:00,2026-01-29,23,Thursday,1,0,6.1,91,4.3,0.0,3.4,0.0,0
2026-01-30T00:00,2026-01-30,0,Friday,1,1,6.3,89,4.4,0.0,3.9,0.0,0
2026-01-30T01:00,2026-01-30,1,Friday,1,1,6.0,89,4.2,0.0,2.8,0.0,0
2026-01-30T02:00,2026-01-30,2,Friday,1,1,6.9,83,5.2,0.0,2.2,0.0,0
2026-01-30T03:00,2026-01-30,3,Friday,1,1,7.2,79,5.5,0.0,1.3,0.0,0
2026-01-30T04:00,2026-01-30,4,Friday,1,1,7.3,77,5.6,0.0,1.0,0.0,0
2026-01-30T05:00,2026-01-30,5,Friday,1,1,8.6,79,7.3,0.0,1.0,0.0,0
2026-01-30T06:00,2026-01-30,6,Friday,1,1,7.9,79,6.5,0.0,1.0,0.0,0
2026-01-30T07:00,2026-01-30,7,Friday,1,1,6.8,75,4.8,0.0,2.6,0.0,0
2026-01-30T08:00,2026-01-30,8,Friday,1,1,7.8,74,5.8,0.0,2.9,26.0,1
2026-01-30T09:00,2026-01-30,9,Friday,1,1,10.7,67,9.4,0.0,0.6,138.0,1
2026-01-30T10:00,2026-01-30,10,Friday,1,1,13.1,58,11.5,0.0,2.3,268.0,1
2026-01-30T11:00,2026-01-30,11,Friday,1,1,15.1,50,13.4,0.0,2.9,458.0,1
2026-01-30T12:00,2026-01-30,12,Friday,1,1,17.6,42,15.8,0.0,3.8,548.0,1
2026-01-30T13:00,2026-01-30,13,Friday,1,1,18.9,37,16.9,0.0,3.7,554.0,1
2026-01-30T14:00,2026-01-30,14,Friday,1,1,19.5,37,17.7,0.0,3.4,504.0,1
2026-01-30T15:00,2026-01-30,15,Friday,1,1,19.5,38,17.6,0.0,3.8,377.0,1
2026-01-30T16:00,2026-01-30,16,Friday,1,1,18.7,47,17.2,0.0,5.3,238.0,1
2026-01-30T17:00,2026-01-30,17,Friday,1,1,16.0,59,14.9,0.0,4.6,92.0,1
2026-01-30T18:00,2026-01-30,18,Friday,1,1,14.0,61,12.6,0.0,3.3,9.0,0
2026-01-30T19:00,2026-01-30,19,Friday,1,1,12.6,67,11.6,0.0,1.7,0.0,0
2026-01-30T20:00,2026-01-30,20,Friday,1,1,10.7,75,9.6,0.0,1.1,0.0,0
2026-01-30T21:00,2026-01-30,21,Friday,1,1,9.2,79,8.0,0.0,1.7,0.0,0
2026-01-30T22:00,2026-01-30,22,Friday,1,1,8.1,83,6.4,0.0,3.1,0.0,0
2026-01-30T23:00,2026-01-30,23,Friday,1,1,8.0,85,6.6,0.0,1.8,0.0,0
2026-01-31T00:00,2026-01-31,0,Saturday,1,1,7.4,87,5.7,0.0,4.0,0.0,0
2026-01-31T01:00,2026-01-31,1,Saturday,1,1,6.8,89,4.9,0.0,4.4,0.0,0
2026-01-31T02:00,2026-01-31,2,Saturday,1,1,6.8,86,4.9,0.0,4.7,0.0,0
2026-01-31T03:00,2026-01-31,3,Saturday,1,1,6.5,85,4.4,0.0,4.7,0.0,0
2026-01-31T04:00,2026-01-31,4,Saturday,1,1,6.0,84,3.8,0.0,4.6,0.0,0
2026-01-31T05:00,2026-01-31,5,Saturday,1,1,7.2,76,5.0,0.0,3.7,0.0,0
2026-01-31T06:00,2026-01-31,6,Saturday,1,1,5.8,80,3.7,0.0,3.6,0.0,0
2026-01-31T07:00,2026-01-31,7,Saturday,1,1,4.9,85,2.7,0.0,3.7,0.0,0
2026-01-31T08:00,2026-01-31,8,Saturday,1,1,6.3,80,3.9,0.0,5.7,37.0,1
2026-01-31T09:00,2026-01-31,9,Saturday,1,1,9.9,69,7.8,0.0,4.9,180.0,1
2026-01-31T10:00,2026-01-31,10,Saturday,1,1,13.9,53,12.2,0.0,3.2,349.0,1
2026-01-31T11:00,2026-01-31,11,Saturday,1,1,15.8,46,14.3,0.0,1.2,484.0,1
2026-01-31T12:00,2026-01-31,12,Saturday,1,1,17.6,45,16.4,0.0,1.7,569.0,1
2026-01-31T13:00,2026-01-31,13,Saturday,1,1,18.4,44,17.2,0.0,3.5,591.0,1
2026-01-31T14:00,2026-01-31,14,Saturday,1,1,18.6,43,16.8,0.0,5.6,507.0,1
2026-01-31T15:00,2026-01-31,15,Saturday,1,1,18.5,41,16.5,0.0,5.7,417.0,1
2026-01-31T16:00,2026-01-31,16,Saturday,1,1,18.0,44,16.2,0.0,4.8,270.0,1
2026-01-31T17:00,2026-01-31,17,Saturday,1,1,16.0,56,15.2,0.0,0.9,90.0,1
2026-01-31T18:00,2026-01-31,18,Saturday,1,1,14.4,57,13.0,0.0,2.3,9.0,0
2026-01-31T19:00,2026-01-31,19,Saturday,1,1,12.8,65,11.2,0.0,4.3,0.0,0
2026-01-31T20:00,2026-01-31,20,Saturday,1,1,11.3,72,9.9,0.0,3.1,0.0,0
2026-01-31T21:00,2026-01-31,21,Saturday,1,1,10.6,75,9.2,0.0,3.4,0.0,0
2026-01-31T22:00,2026-01-31,22,Saturday,1,1,9.9,78,8.2,0.0,4.6,0.0,0
2026-01-31T23:00,2026-01-31,23,Saturday,1,1,10.2,75,8.5,0.0,5.0,0.0,0
2026-02-01T00:00,2026-02-01,0,Sunday,2,1,10.6,73,8.9,0.0,4.8,0.0,0
2026-02-01T01:00,2026-02-01,1,Sunday,2,1,10.7,72,8.9,0.0,5.4,0.0,0
2026-02-01T02:00,2026-02-01,2,Sunday,2,1,10.6,72,8.9,0.0,4.4,0.0,0
2026-02-01T03:00,2026-02-01,3,Sunday,2,1,9.6,74,8.0,0.0,3.4,0.0,0
2026-02-01T04:00,2026-02-01,4,Sunday,2,1,8.6,80,6.9,0.0,4.0,0.0,0
2026-02-01T05:00,2026-02-01,5,Sunday,2,1,9.9,74,8.5,0.0,2.4,0.0,0
2026-02-01T06:00,2026-02-01,6,Sunday,2,1,8.4,81,6.4,0.0,5.4,0.0,0
2026-02-01T07:00,2026-02-01,7,Sunday,2,1,7.9,83,6.2,0.0,4.4,0.0,0
2026-02-01T08:00,2026-02-01,8,Sunday,2,1,9.3,78,7.4,0.0,5.2,33.0,1
2026-02-01T09:00,2026-02-01,9,Sunday,2,1,11.9,70,10.4,0.0,5.0,169.0,1
2026-02-01T10:00,2026-02-01,10,Sunday,2,1,15.1,57,14.0,0.0,1.8,325.0,1
2026-02-01T11:00,2026-02-01,11,Sunday,2,1,16.4,51,15.2,0.0,1.7,367.0,1
2026-02-01T12:00,2026-02-01,12,Sunday,2,1,17.3,47,15.5,0.0,5.6,398.0,1
2026-02-01T13:00,2026-02-01,13,Sunday,2,1,17.3,48,15.6,0.0,4.9,369.0,1
2026-02-01T14:00,2026-02-01,14,Sunday,2,1,17.6,47,16.0,0.0,4.7,347.0,1
2026-02-01T15:00,2026-02-01,15,Sunday,2,1,17.5,47,16.0,0.0,3.7,278.0,1
2026-02-01T16:00,2026-02-01,16,Sunday,2,1,17.4,49,15.8,0.0,4.5,229.0,1
2026-02-01T17:00,2026-02-01,17,Sunday,2,1,15.2,65,14.2,0.0,4.3,98.0,1
2026-02-01T18:00,2026-02-01,18,Sunday,2,1,12.9,70,11.3,0.0,6.4,13.0,0
2026-02-01T19:00,2026-02-01,19,Sunday,2,1,11.1,76,9.6,0.0,4.9,0.0,0
2026-02-01T20:00,2026-02-01,20,Sunday,2,1,10.0,80,8.9,0.0,2.0,0.0,0
2026-02-01T21:00,2026-02-01,21,Sunday,2,1,8.7,85,7.3,0.0,3.1,0.0,0
2026-02-01T22:00,2026-02-01,22,Sunday,2,1,7.8,87,6.3,0.0,3.2,0.0,0
2026-02-01T23:00,2026-02-01,23,Sunday,2,1,8.7,83,7.4,0.0,1.8,0.0,0
2026-02-02T00:00,2026-02-02,0,Monday,2,0,7.6,89,6.1,0.0,3.5,0.0,0
2026-02-02T01:00,2026-02-02,1,Monday,2,0,7.3,92,5.7,0.0,4.9,0.0,0
2026-02-02T02:00,2026-02-02,2,Monday,2,0,7.7,89,5.8,0.0,5.5,0.0,0
2026-02-02T03:00,2026-02-02,3,Monday,2,0,6.8,91,5.1,0.0,4.1,0.0,0
2026-02-02T04:00,2026-02-02,4,Monday,2,0,5.9,93,4.1,0.0,3.6,0.0,0
2026-02-02T05:00,2026-02-02,5,Monday,2,0,6.3,88,4.7,0.0,2.3,0.0,0
2026-02-02T06:00,2026-02-02,6,Monday,2,0,6.1,89,4.2,0.0,3.5,0.0,0
2026-02-02T07:00,2026-02-02,7,Monday,2,0,6.0,89,4.3,0.0,2.2,0.0,0
2026-02-02T08:00,2026-02-02,8,Monday,2,0,7.4,86,5.9,0.0,2.3,37.0,1
2026-02-02T09:00,2026-02-02,9,Monday,2,0,11.0,76,10.1,0.0,1.0,173.0,1
2026-02-02T10:00,2026-02-02,10,Monday,2,0,14.4,62,13.2,0.0,3.2,338.0,1
2026-02-02T11:00,2026-02-02,11,Monday,2,0,16.0,58,14.9,0.0,3.4,454.0,1
2026-02-02T12:00,2026-02-02,12,Monday,2,0,18.1,49,16.9,0.0,4.1,502.0,1
2026-02-02T13:00,2026-02-02,13,Monday,2,0,19.6,39,17.8,0.0,4.6,551.0,1
2026-02-02T14:00,2026-02-02,14,Monday,2,0,20.1,35,18.3,0.0,3.3,520.0,1
2026-02-02T15:00,2026-02-02,15,Monday,2,0,19.9,35,17.7,0.0,5.4,406.0,1
2026-02-02T16:00,2026-02-02,16,Monday,2,0,18.5,48,16.6,0.0,7.8,209.0,1
2026-02-02T17:00,2026-02-02,17,Monday,2,0,16.5,54,14.7,0.0,7.4,80.0,1
2026-02-02T18:00,2026-02-02,18,Monday,2,0,14.4,62,12.8,0.0,6.2,10.0,0
2026-02-02T19:00,2026-02-02,19,Monday,2,0,12.4,73,11.2,0.0,4.4,0.0,0
2026-02-02T20:00,2026-02-02,20,Monday,2,0,11.6,76,10.7,0.0,1.4,0.0,0
2026-02-02T21:00,2026-02-02,21,Monday,2,0,10.2,82,9.3,0.0,1.7,0.0,0
2026-02-02T22:00,2026-02-02,22,Monday,2,0,9.0,86,7.9,0.0,2.1,0.0,0
2026-02-02T23:00,2026-02-02,23,Monday,2,0,9.1,90,8.3,0.0,1.1,0.0,0
2026-02-03T00:00,2026-02-03,0,Tuesday,2,0,8.9,88,7.9,0.0,1.9,0.0,0
2026-02-03T01:00,2026-02-03,1,Tuesday,2,0,8.6,88,7.4,0.0,1.9,0.0,0
2026-02-03T02:00,2026-02-03,2,Tuesday,2,0,8.1,87,6.9,0.0,1.5,0.0,0
2026-02-03T03:00,2026-02-03,3,Tuesday,2,0,7.9,87,6.8,0.0,1.1,0.0,0
2026-02-03T04:00,2026-02-03,4,Tuesday,2,0,8.0,85,6.7,0.0,1.1,0.0,0
2026-02-03T05:00,2026-02-03,5,Tuesday,2,0,8.1,86,7.1,0.0,0.2,0.0,0
2026-02-03T06:00,2026-02-03,6,Tuesday,2,0,7.3,87,6.1,0.0,0.6,0.0,0
2026-02-03T07:00,2026-02-03,7,Tuesday,2,0,6.7,83,4.7,0.0,3.9,0.0,0
2026-02-03T08:00,2026-02-03,8,Tuesday,2,0,8.2,77,6.4,0.0,3.4,40.0,1
2026-02-03T09:00,2026-02-03,9,Tuesday,2,0,11.6,62,10.0,0.0,2.2,187.0,1
2026-02-03T10:00,2026-02-03,10,Tuesday,2,0,14.3,53,12.6,0.0,3.1,351.0,1
2026-02-03T11:00,2026-02-03,11,Tuesday,2,0,16.3,50,14.7,0.0,3.6,487.0,1
2026-02-03T12:00,2026-02-03,12,Tuesday,2,0,18.4,44,16.2,0.0,8.3,558.0,1
2026-02-03T13:00,2026-02-03,13,Tuesday,2,0,18.9,45,16.6,0.0,11.2,577.0,1
2026-02-03T14:00,2026-02-03,14,Tuesday,2,0,18.4,48,16.6,0.2,7.7,535.0,1
2026-02-03T15:00,2026-02-03,15,Tuesday,2,0,16.9,52,14.4,0.6,11.6,430.0,1
2026-02-03T16:00,2026-02-03,16,Tuesday,2,0,15.9,56,13.8,0.2,9.9,241.0,1
2026-02-03T17:00,2026-02-03,17,Tuesday,2,0,16.3,57,15.1,0.0,4.6,128.0,1
2026-02-03T18:00,2026-02-03,18,Tuesday,2,0,13.6,59,11.6,0.0,6.6,15.0,0
2026-02-03T19:00,2026-02-03,19,Tuesday,2,0,12.6,62,10.4,0.0,7.6,0.0,0
2026-02-03T20:00,2026-02-03,20,Tuesday,2,0,10.8,70,8.7,0.0,6.5,0.0,0
2026-02-03T21:00,2026-02-03,21,Tuesday,2,0,9.1,77,7.1,0.0,5.5,0.0,0
2026-02-03T22:00,2026-02-03,22,Tuesday,2,0,8.3,78,6.2,0.0,5.4,0.0,0
2026-02-03T23:00,2026-02-03,23,Tuesday,2,0,8.6,79,6.8,0.0,4.0,0.0,0
2026-02-04T00:00,2026-02-04,0,Wednesday,2,0,8.6,77,6.4,0.0,5.9,0.0,0
2026-02-04T01:00,2026-02-04,1,Wednesday,2,0,7.9,78,5.7,0.0,5.6,0.0,0
2026-02-04T02:00,2026-02-04,2,Wednesday,2,0,7.8,77,5.7,0.0,4.3,0.0,0
2026-02-04T03:00,2026-02-04,3,Wednesday,2,0,7.2,77,5.0,0.0,4.9,0.0,0
2026-02-04T04:00,2026-02-04,4,Wednesday,2,0,7.1,77,4.9,0.0,4.2,0.0,0
2026-02-04T05:00,2026-02-04,5,Wednesday,2,0,7.9,74,6.2,0.0,1.4,0.0,0
2026-02-04T06:00,2026-02-04,6,Wednesday,2,0,7.2,78,5.6,0.0,1.2,0.0,0
2026-02-04T07:00,2026-02-04,7,Wednesday,2,0,6.4,82,4.7,0.0,1.4,0.0,0
2026-02-04T08:00,2026-02-04,8,Wednesday,2,0,7.5,81,5.9,0.0,1.8,42.0,1
2026-02-04T09:00,2026-02-04,9,Wednesday,2,0,11.4,73,10.4,0.0,1.6,192.0,1
2026-02-04T10:00,2026-02-04,10,Wednesday,2,0,15.6,58,14.6,0.0,2.4,363.0,1
2026-02-04T11:00,2026-02-04,11,Wednesday,2,0,18.4,44,16.3,0.0,7.3,503.0,1
2026-02-04T12:00,2026-02-04,12,Wednesday,2,0,20.0,30,16.7,0.0,11.8,592.0,1
2026-02-04T13:00,2026-02-04,13,Wednesday,2,0,20.5,27,17.0,0.0,13.4,617.0,1
2026-02-04T14:00,2026-02-04,14,Wednesday,2,0,20.9,25,17.1,0.0,12.3,576.0,1
2026-02-04T15:00,2026-02-04,15,Wednesday,2,0,20.8,25,17.1,0.0,10.9,474.0,1
2026-02-04T16:00,2026-02-04,16,Wednesday,2,0,19.9,32,16.6,0.0,10.4,322.0,1
2026-02-04T17:00,2026-02-04,17,Wednesday,2,0,17.2,43,14.3,0.0,10.9,148.0,1
2026-02-04T18:00,2026-02-04,18,Wednesday,2,0,14.4,56,12.3,0.0,7.7,18.0,0
2026-02-04T19:00,2026-02-04,19,Wednesday,2,0,11.4,70,9.7,0.0,5.1,0.0,0
2026-02-04T20:00,2026-02-04,20,Wednesday,2,0,10.4,74,9.0,0.0,2.4,0.0,0
2026-02-04T21:00,2026-02-04,21,Wednesday,2,0,9.1,78,7.6,0.0,2.1,0.0,0
2026-02-04T22:00,2026-02-04,22,Wednesday,2,0,8.1,79,6.5,0.0,2.3,0.0,0
2026-02-04T23:00,2026-02-04,23,Wednesday,2,0,8.3,83,7.0,0.0,1.3,0.0,0
2026-02-05T00:00,2026-02-05,0,Thursday,2,0,7.9,80,6.3,0.0,2.4,0.0,0
2026-02-05T01:00,2026-02-05,1,Thursday,2,0,7.4,77,5.6,0.0,2.6,0.0,0
2026-02-05T02:00,2026-02-05,2,Thursday,2,0,7.1,76,5.2,0.0,1.8,0.0,0
2026-02-05T03:00,2026-02-05,3,Thursday,2,0,6.4,76,4.5,0.0,1.9,0.0,0
2026-02-05T04:00,2026-02-05,4,Thursday,2,0,5.8,76,3.8,0.0,1.6,0.0,0
2026-02-05T05:00,2026-02-05,5,Thursday,2,0,6.1,76,4.2,0.0,0.5,0.0,0
2026-02-05T06:00,2026-02-05,6,Thursday,2,0,5.9,72,3.8,0.0,1.3,0.0,0
2026-02-05T07:00,2026-02-05,7,Thursday,2,0,5.5,69,3.2,0.0,1.5,0.0,0
2026-02-05T08:00,2026-02-05,8,Thursday,2,0,6.7,71,4.7,0.0,1.1,42.0,1
2026-02-05T09:00,2026-02-05,9,Thursday,2,0,10.8,60,8.9,0.0,2.7,194.0,1
2026-02-05T10:00,2026-02-05,10,Thursday,2,0,14.1,47,12.0,0.0,3.9,374.0,1
2026-02-05T11:00,2026-02-05,11,Thursday,2,0,16.5,42,14.5,0.0,3.1,515.0,1
2026-02-05T12:00,2026-02-05,12,Thursday,2,0,19.1,37,17.5,0.0,3.6,597.0,1
2026-02-05T13:00,2026-02-05,13,Thursday,2,0,20.6,33,18.9,0.0,3.8,610.0,1
2026-02-05T14:00,2026-02-05,14,Thursday,2,0,21.2,31,19.3,0.0,3.7,569.0,1
2026-02-05T15:00,2026-02-05,15,Thursday,2,0,21.1,32,18.9,0.0,4.8,446.0,1
2026-02-05T16:00,2026-02-05,16,Thursday,2,0,20.4,37,18.4,0.0,5.3,320.0,1
2026-02-05T17:00,2026-02-05,17,Thursday,2,0,17.4,52,16.2,0.0,3.4,149.0,1
2026-02-05T18:00,2026-02-05,18,Thursday,2,0,14.2,55,12.4,0.0,4.1,19.0,0
2026-02-05T19:00,2026-02-05,19,Thursday,2,0,12.1,64,10.8,0.0,1.9,0.0,0
2026-02-05T20:00,2026-02-05,20,Thursday,2,0,9.9,75,8.6,0.0,1.9,0.0,0
2026-02-05T21:00,2026-02-05,21,Thursday,2,0,8.1,83,6.7,0.0,2.1,0.0,0
2026-02-05T22:00,2026-02-05,22,Thursday,2,0,6.8,89,5.2,0.0,2.7,0.0,0
2026-02-05T23:00,2026-02-05,23,Thursday,2,0,7.1,88,5.5,0.0,2.6,0.0,0
2026-02-06T00:00,2026-02-06,0,Friday,2,1,6.8,88,5.0,0.0,3.9,0.0,0
2026-02-06T01:00,2026-02-06,1,Friday,2,1,6.2,88,4.4,0.0,3.7,0.0,0
2026-02-06T02:00,2026-02-06,2,Friday,2,1,6.1,86,4.3,0.0,2.2,0.0,0
2026-02-06T03:00,2026-02-06,3,Friday,2,1,5.4,87,3.4,0.0,3.0,0.0,0
2026-02-06T04:00,2026-02-06,4,Friday,2,1,5.0,87,2.8,0.0,4.0,0.0,0
2026-02-06T05:00,2026-02-06,5,Friday,2,1,7.2,68,5.1,0.0,1.4,0.0,0
2026-02-06T06:00,2026-02-06,6,Friday,2,1,7.1,66,5.0,0.0,0.5,0.0,0
2026-02-06T07:00,2026-02-06,7,Friday,2,1,6.1,70,3.8,0.0,2.1,0.0,0
2026-02-06T08:00,2026-02-06,8,Friday,2,1,7.5,69,5.1,0.0,4.4,45.0,1
2026-02-06T09:00,2026-02-06,9,Friday,2,1,11.3,64,9.6,0.0,2.8,190.0,1
2026-02-06T10:00,2026-02-06,10,Friday,2,1,14.8,51,13.2,0.0,1.7,361.0,1
2026-02-06T11:00,2026-02-06,11,Friday,2,1,17.4,39,14.9,0.0,6.1,505.0,1
2026-02-06T12:00,2026-02-06,12,Friday,2,1,19.1,33,16.6,0.0,5.4,529.0,1
2026-02-06T13:00,2026-02-06,13,Friday,2,1,20.0,30,17.6,0.0,4.5,542.0,1
2026-02-06T14:00,2026-02-06,14,Friday,2,1,19.9,31,17.2,0.0,6.2,429.0,1
2026-02-06T15:00,2026-02-06,15,Friday,2,1,17.3,50,14.1,0.7,16.2,276.0,1
2026-02-06T16:00,2026-02-06,16,Friday,2,1,14.4,63,10.9,0.0,19.1,227.0,1
2026-02-06T17:00,2026-02-06,17,Friday,2,1,14.1,71,12.2,3.0,11.4,118.0,1
2026-02-06T18:00,2026-02-06,18,Friday,2,1,12.1,77,10.6,0.0,7.2,17.0,0
2026-02-06T19:00,2026-02-06,19,Friday,2,1,10.4,83,9.1,0.0,5.5,0.0,0
2026-02-06T20:00,2026-02-06,20,Friday,2,1,9.9,95,8.4,3.0,8.5,0.0,0
2026-02-06T21:00,2026-02-06,21,Friday,2,1,9.9,84,8.1,0.3,7.6,0.0,0
2026-02-06T22:00,2026-02-06,22,Friday,2,1,8.4,89,7.0,0.0,4.4,0.0,0
2026-02-06T23:00,2026-02-06,23,Friday,2,1,8.4,93,7.2,0.0,3.2,0.0,0
2026-02-07T00:00,2026-02-07,0,Saturday,2,1,7.4,98,6.3,0.0,2.2,0.0,0
2026-02-07T01:00,2026-02-07,1,Saturday,2,1,6.8,100,5.8,0.0,0.9,0.0,0
2026-02-07T02:00,2026-02-07,2,Saturday,2,1,5.9,100,4.7,0.0,1.3,0.0,0
2026-02-07T03:00,2026-02-07,3,Saturday,2,1,5.2,100,3.8,0.0,2.2,0.0,0
2026-02-07T04:00,2026-02-07,4,Saturday,2,1,4.9,99,3.3,0.0,2.1,0.0,0
2026-02-07T05:00,2026-02-07,5,Saturday,2,1,5.4,100,4.2,0.0,0.8,0.0,0
2026-02-07T06:00,2026-02-07,6,Saturday,2,1,5.6,94,4.1,0.0,1.4,0.0,0
2026-02-07T07:00,2026-02-07,7,Saturday,2,1,5.8,89,4.3,0.0,1.0,0.0,1
2026-02-07T08:00,2026-02-07,8,Saturday,2,1,7.6,82,6.0,0.0,1.6,45.0,1
2026-02-07T09:00,2026-02-07,9,Saturday,2,1,11.2,74,10.1,0.0,1.8,195.0,1
2026-02-07T10:00,2026-02-07,10,Saturday,2,1,14.2,65,13.1,0.0,3.6,363.0,1
2026-02-07T11:00,2026-02-07,11,Saturday,2,1,16.6,55,15.1,0.0,5.9,509.0,1
2026-02-07T12:00,2026-02-07,12,Saturday,2,1,19.0,43,17.1,0.0,8.0,606.0,1
2026-02-07T13:00,2026-02-07,13,Saturday,2,1,20.3,35,18.2,0.0,8.4,634.0,1
2026-02-07T14:00,2026-02-07,14,Saturday,2,1,20.6,34,17.8,0.0,11.3,592.0,1
2026-02-07T15:00,2026-02-07,15,Saturday,2,1,20.0,36,16.9,0.0,12.6,488.0,1
2026-02-07T16:00,2026-02-07,16,Saturday,2,1,19.2,40,16.5,0.0,10.5,335.0,1
2026-02-07T17:00,2026-02-07,17,Saturday,2,1,16.5,50,14.4,0.0,7.5,158.0,1
2026-02-07T18:00,2026-02-07,18,Saturday,2,1,13.0,61,11.0,0.0,6.2,22.0,0
2026-02-07T19:00,2026-02-07,19,Saturday,2,1,11.4,67,10.0,0.0,2.2,0.0,0
2026-02-07T20:00,2026-02-07,20,Saturday,2,1,9.6,75,8.2,0.0,1.9,0.0,0
2026-02-07T21:00,2026-02-07,21,Saturday,2,1,8.0,81,6.6,0.0,1.5,0.0,0
2026-02-07T22:00,2026-02-07,22,Saturday,2,1,6.9,86,5.4,0.0,1.2,0.0,0
2026-02-07T23:00,2026-02-07,23,Saturday,2,1,6.6,90,5.3,0.0,0.6,0.0,0
2026-02-08T00:00,2026-02-08,0,Sunday,2,1,6.6,89,5.0,0.0,2.2,0.0,0
2026-02-08T01:00,2026-02-08,1,Sunday,2,1,6.3,87,4.8,0.0,1.7,0.0,0
2026-02-08T02:00,2026-02-08,2,Sunday,2,1,5.8,87,4.3,0.0,1.0,0.0,0
2026-02-08T03:00,2026-02-08,3,Sunday,2,1,5.4,88,3.8,0.0,0.6,0.0,0
2026-02-08T04:00,2026-02-08,4,Sunday,2,1,4.9,88,3.2,0.0,0.8,0.0,0
2026-02-08T05:00,2026-02-08,5,Sunday,2,1,4.8,91,3.2,0.0,0.6,0.0,0
2026-02-08T06:00,2026-02-08,6,Sunday,2,1,4.7,88,2.9,0.0,0.7,0.0,0
2026-02-08T07:00,2026-02-08,7,Sunday,2,1,4.3,86,2.3,0.0,1.9,0.0,1
2026-02-08T08:00,2026-02-08,8,Sunday,2,1,6.3,77,4.4,0.0,1.6,49.0,1
2026-02-08T09:00,2026-02-08,9,Sunday,2,1,10.9,67,9.3,0.0,2.7,211.0,1
2026-02-08T10:00,2026-02-08,10,Sunday,2,1,14.3,54,12.4,0.0,4.9,388.0,1
2026-02-08T11:00,2026-02-08,11,Sunday,2,1,16.9,47,15.2,0.0,3.2,532.0,1
2026-02-08T12:00,2026-02-08,12,Sunday,2,1,19.8,40,18.7,0.0,3.0,610.0,1
2026-02-08T13:00,2026-02-08,13,Sunday,2,1,21.2,37,19.9,0.0,4.7,605.0,1
2026-02-08T14:00,2026-02-08,14,Sunday,2,1,22.0,34,20.0,0.0,5.4,548.0,1
2026-02-08T15:00,2026-02-08,15,Sunday,2,1,21.8,34,19.6,0.0,6.5,426.0,1
2026-02-08T16:00,2026-02-08,16,Sunday,2,1,20.4,42,18.7,0.0,6.5,272.0,1
2026-02-08T17:00,2026-02-08,17,Sunday,2,1,17.2,57,16.2,0.0,4.6,139.0,1
2026-02-08T18:00,2026-02-08,18,Sunday,2,1,14.2,61,12.8,0.0,3.9,20.0,0
2026-02-08T19:00,2026-02-08,19,Sunday,2,1,13.4,64,12.6,0.0,0.3,0.0,0
2026-02-08T20:00,2026-02-08,20,Sunday,2,1,12.0,68,10.8,0.0,1.4,0.0,0
2026-02-08T21:00,2026-02-08,21,Sunday,2,1,10.3,74,9.2,0.0,0.6,0.0,0
2026-02-08T22:00,2026-02-08,22,Sunday,2,1,9.1,78,7.7,0.0,2.2,0.0,0
2026-02-08T23:00,2026-02-08,23,Sunday,2,1,10.9,67,9.5,0.0,1.5,0.0,0
2026-02-09T00:00,2026-02-09,0,Monday,2,0,11.2,64,9.8,0.0,0.9,0.0,0
2026-02-09T01:00,2026-02-09,1,Monday,2,0,11.6,60,10.1,0.0,1.0,0.0,0
2026-02-09T02:00,2026-02-09,2,Monday,2,0,11.4,59,9.6,0.0,1.7,0.0,0
2026-02-09T03:00,2026-02-09,3,Monday,2,0,10.4,61,8.6,0.0,1.9,0.0,0
2026-02-09T04:00,2026-02-09,4,Monday,2,0,9.3,65,7.1,0.0,4.0,0.0,0
2026-02-09T05:00,2026-02-09,5,Monday,2,0,10.0,64,8.2,0.0,1.7,0.0,0
2026-02-09T06:00,2026-02-09,6,Monday,2,0,9.7,61,7.8,0.0,1.3,0.0,0
2026-02-09T07:00,2026-02-09,7,Monday,2,0,8.6,64,6.2,0.0,3.9,0.0,1
2026-02-09T08:00,2026-02-09,8,Monday,2,0,9.4,65,7.1,0.0,4.5,39.0,1
2026-02-09T09:00,2026-02-09,9,Monday,2,0,12.3,59,10.2,0.0,5.1,142.0,1
2026-02-09T10:00,2026-02-09,10,Monday,2,0,14.8,57,13.2,0.0,3.8,220.0,1
2026-02-09T11:00,2026-02-09,11,Monday,2,0,17.5,42,16.0,0.0,1.9,316.0,1
2026-02-09T12:00,2026-02-09,12,Monday,2,0,19.6,37,18.1,0.0,1.5,442.0,1
2026-02-09T13:00,2026-02-09,13,Monday,2,0,19.9,37,18.2,0.0,2.9,324.0,1
2026-02-09T14:00,2026-02-09,14,Monday,2,0,20.0,37,18.5,0.0,2.2,279.0,1
2026-02-09T15:00,2026-02-09,15,Monday,2,0,20.2,36,18.6,0.0,2.3,269.0,1
2026-02-09T16:00,2026-02-09,16,Monday,2,0,20.1,44,19.2,0.0,1.8,234.0,1
2026-02-09T17:00,2026-02-09,17,Monday,2,0,19.3,47,18.6,0.0,0.4,104.0,1
2026-02-09T18:00,2026-02-09,18,Monday,2,0,15.6,50,13.7,0.0,5.3,20.0,0
2026-02-09T19:00,2026-02-09,19,Monday,2,0,14.8,52,12.5,0.0,7.3,0.0,0
2026-02-09T20:00,2026-02-09,20,Monday,2,0,13.4,53,11.5,0.0,3.3,0.0,0
2026-02-09T21:00,2026-02-09,21,Monday,2,0,13.6,56,12.4,0.0,0.4,0.0,0
2026-02-09T22:00,2026-02-09,22,Monday,2,0,13.2,55,11.8,0.0,0.2,0.0,0
2026-02-09T23:00,2026-02-09,23,Monday,2,0,12.9,62,11.4,0.0,2.8,0.0,0
2026-02-10T00:00,2026-02-10,0,Tuesday,2,0,11.8,85,10.0,0.9,10.9,0.0,0
2026-02-10T01:00,2026-02-10,1,Tuesday,2,0,11.2,90,10.5,1.8,4.1,0.0,0
2026-02-10T02:00,2026-02-10,2,Tuesday,2,0,10.9,90,9.8,6.1,6.5,0.0,0
2026-02-10T03:00,2026-02-10,3,Tuesday,2,0,10.8,89,9.3,4.4,8.3,0.0,0
2026-02-10T04:00,2026-02-10,4,Tuesday,2,0,11.0,87,9.4,2.4,9.3,0.0,0
2026-02-10T05:00,2026-02-10,5,Tuesday,2,0,11.4,90,10.6,5.7,5.0,0.0,0
2026-02-10T06:00,2026-02-10,6,Tuesday,2,0,10.4,94,9.7,1.0,3.2,0.0,0
2026-02-10T07:00,2026-02-10,7,Tuesday,2,0,10.3,89,9.2,1.7,5.2,0.0,1
2026-02-10T08:00,2026-02-10,8,Tuesday,2,0,10.6,78,7.8,0.4,13.6,18.0,1
2026-02-10T09:00,2026-02-10,9,Tuesday,2,0,11.1,81,8.9,0.4,11.7,47.0,1
2026-02-10T10:00,2026-02-10,10,Tuesday,2,0,11.9,81,10.2,0.7,9.7,77.0,1
2026-02-10T11:00,2026-02-10,11,Tuesday,2,0,13.8,77,13.0,0.2,5.1,290.0,1
2026-02-10T12:00,2026-02-10,12,Tuesday,2,0,14.6,68,13.0,0.0,9.0,283.0,1
2026-02-10T13:00,2026-02-10,13,Tuesday,2,0,15.2,58,12.4,0.0,14.1,390.0,1
2026-02-10T14:00,2026-02-10,14,Tuesday,2,0,15.4,55,13.1,0.0,9.6,297.0,1
2026-02-10T15:00,2026-02-10,15,Tuesday,2,0,16.6,51,14.4,0.0,9.1,432.0,1
2026-02-10T16:00,2026-02-10,16,Tuesday,2,0,16.5,50,14.5,0.0,7.8,279.0,1
2026-02-10T17:00,2026-02-10,17,Tuesday,2,0,15.5,71,15.2,0.0,2.7,151.0,1
2026-02-10T18:00,2026-02-10,18,Tuesday,2,0,13.9,72,13.6,0.0,0.4,19.0,0
2026-02-10T19:00,2026-02-10,19,Tuesday,2,0,11.9,80,11.4,0.0,1.2,0.0,0
2026-02-10T20:00,2026-02-10,20,Tuesday,2,0,10.5,88,10.0,0.0,1.0,0.0,0
2026-02-10T21:00,2026-02-10,21,Tuesday,2,0,8.9,95,8.0,0.0,2.7,0.0,0
2026-02-10T22:00,2026-02-10,22,Tuesday,2,0,7.9,97,6.9,0.0,3.0,0.0,0
2026-02-10T23:00,2026-02-10,23,Tuesday,2,0,8.4,97,7.5,0.0,2.7,0.0,0
2026-02-11T00:00,2026-02-11,0,Wednesday,2,0,8.1,96,6.9,0.0,3.6,0.0,0
2026-02-11T01:00,2026-02-11,1,Wednesday,2,0,7.6,96,6.3,0.0,3.3,0.0,0
2026-02-11T02:00,2026-02-11,2,Wednesday,2,0,6.9,97,5.6,0.0,2.6,0.0,0
2026-02-11T03:00,2026-02-11,3,Wednesday,2,0,6.3,98,5.1,0.0,2.0,0.0,0
2026-02-11T04:00,2026-02-11,4,Wednesday,2,0,5.8,99,4.3,0.0,2.9,0.0,0
2026-02-11T05:00,2026-02-11,5,Wednesday,2,0,6.3,100,5.3,0.0,0.6,0.0,0
2026-02-11T06:00,2026-02-11,6,Wednesday,2,0,6.2,95,4.8,0.0,2.5,0.0,0
2026-02-11T07:00,2026-02-11,7,Wednesday,2,0,6.2,91,4.7,0.0,2.1,0.0,1
2026-02-11T08:00,2026-02-11,8,Wednesday,2,0,8.2,83,6.7,0.0,2.9,52.0,1
2026-02-11T09:00,2026-02-11,9,Wednesday,2,0,12.1,75,11.3,0.0,1.5,208.0,1
2026-02-11T10:00,2026-02-11,10,Wednesday,2,0,15.4,63,14.3,0.0,4.5,379.0,1
2026-02-11T11:00,2026-02-11,11,Wednesday,2,0,17.8,55,16.7,0.0,4.6,520.0,1
2026-02-11T12:00,2026-02-11,12,Wednesday,2,0,19.8,46,18.7,0.0,5.6,590.0,1
2026-02-11T13:00,2026-02-11,13,Wednesday,2,0,21.2,39,19.7,0.0,6.3,603.0,1
2026-02-11T14:00,2026-02-11,14,Wednesday,2,0,21.2,37,18.9,0.0,9.1,481.0,1
2026-02-11T15:00,2026-02-11,15,Wednesday,2,0,20.7,42,18.5,0.0,10.4,378.0,1
2026-02-11T16:00,2026-02-11,16,Wednesday,2,0,20.4,45,18.6,0.0,8.6,345.0,1
2026-02-11T17:00,2026-02-11,17,Wednesday,2,0,17.5,58,16.4,0.0,6.0,167.0,1
2026-02-11T18:00,2026-02-11,18,Wednesday,2,0,14.4,66,13.2,0.0,4.1,27.0,0
2026-02-11T19:00,2026-02-11,19,Wednesday,2,0,12.7,73,12.0,0.0,1.5,0.0,0
2026-02-11T20:00,2026-02-11,20,Wednesday,2,0,10.9,80,9.9,0.0,1.9,0.0,0
2026-02-11T21:00,2026-02-11,21,Wednesday,2,0,9.4,84,8.4,0.0,1.8,0.0,0
2026-02-11T22:00,2026-02-11,22,Wednesday,2,0,8.6,85,7.3,0.0,2.3,0.0,0
2026-02-11T23:00,2026-02-11,23,Wednesday,2,0,8.4,90,7.3,0.0,1.5,0.0,0
2026-02-12T00:00,2026-02-12,0,Thursday,2,0,7.7,89,6.1,0.0,3.7,0.0,0
2026-02-12T01:00,2026-02-12,1,Thursday,2,0,7.8,83,6.2,0.0,2.1,0.0,0
2026-02-12T02:00,2026-02-12,2,Thursday,2,0,6.9,83,5.3,0.0,1.7,0.0,0
2026-02-12T03:00,2026-02-12,3,Thursday,2,0,6.2,84,4.6,0.0,1.0,0.0,0
2026-02-12T04:00,2026-02-12,4,Thursday,2,0,5.6,85,3.9,0.0,0.6,0.0,0
2026-02-12T05:00,2026-02-12,5,Thursday,2,0,5.8,87,4.4,0.0,0.2,0.0,0
2026-02-12T06:00,2026-02-12,6,Thursday,2,0,5.5,84,3.7,0.0,1.3,0.0,0
2026-02-12T07:00,2026-02-12,7,Thursday,2,0,5.2,82,3.4,0.0,1.1,0.0,1
2026-02-12T08:00,2026-02-12,8,Thursday,2,0,7.3,73,5.2,0.0,3.8,59.0,1
2026-02-12T09:00,2026-02-12,9,Thursday,2,0,11.9,67,10.3,0.0,3.6,224.0,1
2026-02-12T10:00,2026-02-12,10,Thursday,2,0,15.2,56,13.6,0.0,5.4,404.0,1
2026-02-12T11:00,2026-02-12,11,Thursday,2,0,17.3,51,15.9,0.0,4.0,548.0,1
2026-02-12T12:00,2026-02-12,12,Thursday,2,0,20.3,44,19.7,0.0,4.1,634.0,1
2026-02-12T13:00,2026-02-12,13,Thursday,2,0,22.2,40,21.5,0.0,5.6,655.0,1
2026-02-12T14:00,2026-02-12,14,Thursday,2,0,23.0,37,21.6,0.0,7.1,612.0,1
2026-02-12T15:00,2026-02-12,15,Thursday,2,0,22.9,35,21.0,0.0,6.6,506.0,1
2026-02-12T16:00,2026-02-12,16,Thursday,2,0,22.1,41,21.0,0.0,4.7,353.0,1
2026-02-12T17:00,2026-02-12,17,Thursday,2,0,19.3,56,18.9,0.0,3.2,173.0,1
2026-02-12T18:00,2026-02-12,18,Thursday,2,0,15.7,60,14.7,0.0,3.3,28.0,0
2026-02-12T19:00,2026-02-12,19,Thursday,2,0,14.2,67,13.7,0.0,0.5,0.0,0
2026-02-12T20:00,2026-02-12,20,Thursday,2,0,12.2,75,11.3,0.0,2.8,0.0,0
2026-02-12T21:00,2026-02-12,21,Thursday,2,0,10.4,81,9.0,0.0,5.3,0.0,0
2026-02-12T22:00,2026-02-12,22,Thursday,2,0,9.0,85,7.4,0.0,5.1,0.0,0
2026-02-12T23:00,2026-02-12,23,Thursday,2,0,9.4,83,8.2,0.0,2.9,0.0,0
2026-02-13T00:00,2026-02-13,0,Friday,2,1,8.9,84,7.3,0.0,4.5,0.0,0
2026-02-13T01:00,2026-02-13,1,Friday,2,1,8.4,84,6.8,0.0,4.3,0.0,0
2026-02-13T02:00,2026-02-13,2,Friday,2,1,8.4,83,6.6,0.0,4.3,0.0,0
2026-02-13T03:00,2026-02-13,3,Friday,2,1,7.2,84,5.4,0.0,3.8,0.0,0
2026-02-13T04:00,2026-02-13,4,Friday,2,1,6.8,84,4.9,0.0,3.9,0.0,0
2026-02-13T05:00,2026-02-13,5,Friday,2,1,10.1,63,8.5,0.0,0.4,0.0,0
2026-02-13T06:00,2026-02-13,6,Friday,2,1,9.6,63,7.9,0.0,0.8,0.0,0
2026-02-13T07:00,2026-02-13,7,Friday,2,1,8.1,68,6.1,0.0,2.2,0.0,1
2026-02-13T08:00,2026-02-13,8,Friday,2,1,9.1,70,7.2,0.0,3.3,59.0,1
2026-02-13T09:00,2026-02-13,9,Friday,2,1,13.1,70,12.1,0.0,2.5,225.0,1
2026-02-13T10:00,2026-02-13,10,Friday,2,1,16.6,52,15.3,0.0,3.1,403.0,1
2026-02-13T11:00,2026-02-13,11,Friday,2,1,18.4,47,17.2,0.0,2.7,546.0,1
2026-02-13T12:00,2026-02-13,12,Friday,2,1,20.5,45,19.9,0.0,4.8,632.0,1
2026-02-13T13:00,2026-02-13,13,Friday,2,1,22.2,41,21.5,0.0,6.5,657.0,1
2026-02-13T14:00,2026-02-13,14,Friday,2,1,23.0,36,21.7,0.0,6.8,616.0,1
2026-02-13T15:00,2026-02-13,15,Friday,2,1,23.2,33,21.3,0.0,6.5,511.0,1
2026-02-13T16:00,2026-02-13,16,Friday,2,1,22.6,39,21.4,0.0,4.6,356.0,1
2026-02-13T17:00,2026-02-13,17,Friday,2,1,20.4,51,19.9,0.0,3.0,176.0,1
2026-02-13T18:00,2026-02-13,18,Friday,2,1,17.4,53,16.4,0.0,1.9,30.0,0
2026-02-13T19:00,2026-02-13,19,Friday,2,1,15.1,61,14.2,0.0,2.0,0.0,0
2026-02-13T20:00,2026-02-13,20,Friday,2,1,12.2,73,11.1,0.0,3.3,0.0,0
2026-02-13T21:00,2026-02-13,21,Friday,2,1,10.1,82,8.7,0.0,4.7,0.0,0
2026-02-13T22:00,2026-02-13,22,Friday,2,1,9.6,82,7.8,0.0,6.4,0.0,0
2026-02-13T23:00,2026-02-13,23,Friday,2,1,8.8,85,7.3,0.0,3.2,0.0,0
2026-02-14T00:00,2026-02-14,0,Saturday,2,1,8.6,84,7.0,0.0,4.3,0.0,0
2026-02-14T01:00,2026-02-14,1,Saturday,2,1,8.3,83,6.6,0.0,4.2,0.0,0
2026-02-14T02:00,2026-02-14,2,Saturday,2,1,8.1,82,6.2,0.0,4.9,0.0,0
2026-02-14T03:00,2026-02-14,3,Saturday,2,1,7.7,81,5.6,0.0,5.6,0.0,0
2026-02-14T04:00,2026-02-14,4,Saturday,2,1,7.2,81,5.2,0.0,5.0,0.0,0
2026-02-14T05:00,2026-02-14,5,Saturday,2,1,9.5,71,8.1,0.0,0.5,0.0,0
2026-02-14T06:00,2026-02-14,6,Saturday,2,1,9.4,69,7.7,0.0,2.0,0.0,0
2026-02-14T07:00,2026-02-14,7,Saturday,2,1,9.2,68,7.6,0.0,1.3,0.0,1
2026-02-14T08:00,2026-02-14,8,Saturday,2,1,10.8,66,9.3,0.0,1.8,61.0,1
2026-02-14T09:00,2026-02-14,9,Saturday,2,1,14.5,64,13.6,0.0,2.4,226.0,1
2026-02-14T10:00,2026-02-14,10,Saturday,2,1,17.9,51,16.7,0.0,3.3,402.0,1
2026-02-14T11:00,2026-02-14,11,Saturday,2,1,20.4,47,19.4,0.0,4.2,543.0,1
2026-02-14T12:00,2026-02-14,12,Saturday,2,1,22.8,40,21.8,0.0,6.7,611.0,1
2026-02-14T13:00,2026-02-14,13,Saturday,2,1,24.0,30,21.9,0.0,9.7,625.0,1
2026-02-14T14:00,2026-02-14,14,Saturday,2,1,24.1,28,21.3,0.0,10.5,555.0,1
2026-02-14T15:00,2026-02-14,15,Saturday,2,1,23.8,30,21.1,0.0,10.2,449.0,1
2026-02-14T16:00,2026-02-14,16,Saturday,2,1,22.6,38,20.8,0.0,8.1,309.0,1
2026-02-14T17:00,2026-02-14,17,Saturday,2,1,19.5,49,18.1,0.0,7.0,159.0,1
2026-02-14T18:00,2026-02-14,18,Saturday,2,1,16.1,58,14.7,0.0,6.6,28.0,0
2026-02-14T19:00,2026-02-14,19,Saturday,2,1,13.8,70,12.7,0.0,4.9,0.0,0
2026-02-14T20:00,2026-02-14,20,Saturday,2,1,11.8,79,10.9,0.0,3.2,0.0,0
2026-02-14T21:00,2026-02-14,21,Saturday,2,1,10.2,84,9.2,0.0,2.3,0.0,0
2026-02-14T22:00,2026-02-14,22,Saturday,2,1,9.1,87,7.8,0.0,3.1,0.0,0
2026-02-14T23:00,2026-02-14,23,Saturday,2,1,9.4,87,8.5,0.0,0.7,0.0,0
2026-02-15T00:00,2026-02-15,0,Sunday,2,1,8.9,86,7.7,0.0,2.7,0.0,0
2026-02-15T01:00,2026-02-15,1,Sunday,2,1,8.8,84,7.5,0.0,2.3,0.0,0
2026-02-15T02:00,2026-02-15,2,Sunday,2,1,8.5,83,7.1,0.0,2.1,0.0,0
2026-02-15T03:00,2026-02-15,3,Sunday,2,1,7.8,84,6.1,0.0,3.6,0.0,0
2026-02-15T04:00,2026-02-15,4,Sunday,2,1,7.2,85,5.4,0.0,3.8,0.0,0
2026-02-15T05:00,2026-02-15,5,Sunday,2,1,8.0,82,6.7,0.0,0.6,0.0,0
2026-02-15T06:00,2026-02-15,6,Sunday,2,1,7.2,84,5.5,0.0,2.9,0.0,0
2026-02-15T07:00,2026-02-15,7,Sunday,2,1,7.2,82,5.7,0.0,1.3,0.0,1
2026-02-15T08:00,2026-02-15,8,Sunday,2,1,9.4,74,8.0,0.0,1.8,65.0,1
2026-02-15T09:00,2026-02-15,9,Sunday,2,1,13.6,67,12.2,0.0,4.9,234.0,1
2026-02-15T10:00,2026-02-15,10,Sunday,2,1,16.5,52,14.7,0.0,6.3,413.0,1
2026-02-15T11:00,2026-02-15,11,Sunday,2,1,18.9,48,17.5,0.0,5.5,558.0,1
2026-02-15T12:00,2026-02-15,12,Sunday,2,1,21.5,43,20.9,0.0,5.2,646.0,1
2026-02-15T13:00,2026-02-15,13,Sunday,2,1,23.1,40,22.6,0.0,5.8,669.0,1
2026-02-15T14:00,2026-02-15,14,Sunday,2,1,24.0,36,23.0,0.0,5.7,626.0,1
2026-02-15T15:00,2026-02-15,15,Sunday,2,1,24.1,34,22.5,0.0,5.5,521.0,1
2026-02-15T16:00,2026-02-15,16,Sunday,2,1,23.3,37,21.9,0.0,5.9,362.0,1
2026-02-15T17:00,2026-02-15,17,Sunday,2,1,20.0,53,19.2,0.0,5.7,167.0,1
2026-02-15T18:00,2026-02-15,18,Sunday,2,1,16.9,58,15.8,0.0,4.4,29.0,0
2026-02-15T19:00,2026-02-15,19,Sunday,2,1,14.9,66,14.3,0.0,1.2,0.0,0
2026-02-15T20:00,2026-02-15,20,Sunday,2,1,12.4,77,11.6,0.0,3.0,0.0,0
2026-02-15T21:00,2026-02-15,21,Sunday,2,1,10.4,87,9.3,0.0,3.7,0.0,0
2026-02-15T22:00,2026-02-15,22,Sunday,2,1,9.4,89,8.2,0.0,4.0,0.0,0
2026-02-15T23:00,2026-02-15,23,Sunday,2,1,9.1,88,8.0,0.0,2.9,0.0,0
2026-02-16T00:00,2026-02-16,0,Monday,2,0,9.6,80,7.9,0.0,4.8,0.0,0
2026-02-16T01:00,2026-02-16,1,Monday,2,0,9.3,75,7.5,0.0,4.5,0.0,0
2026-02-16T02:00,2026-02-16,2,Monday,2,0,8.9,72,6.9,0.0,4.8,0.0,0
2026-02-16T03:00,2026-02-16,3,Monday,2,0,8.9,70,6.7,0.0,4.7,0.0,0
2026-02-16T04:00,2026-02-16,4,Monday,2,0,8.9,68,7.0,0.0,2.6,0.0,0
2026-02-16T05:00,2026-02-16,5,Monday,2,0,10.4,65,9.0,0.0,0.4,0.0,0
2026-02-16T06:00,2026-02-16,6,Monday,2,0,9.8,63,8.0,0.0,1.4,0.0,0
2026-02-16T07:00,2026-02-16,7,Monday,2,0,9.2,65,7.5,0.0,0.8,0.0,1
2026-02-16T08:00,2026-02-16,8,Monday,2,0,10.8,64,9.0,0.0,2.7,66.0,1
2026-02-16T09:00,2026-02-16,9,Monday,2,0,14.7,60,13.4,0.0,3.9,231.0,1
2026-02-16T10:00,2026-02-16,10,Monday,2,0,17.8,48,16.3,0.0,4.4,403.0,1
2026-02-16T11:00,2026-02-16,11,Monday,2,0,19.7,43,18.3,0.0,3.9,523.0,1
2026-02-16T12:00,2026-02-16,12,Monday,2,0,22.2,39,21.4,0.0,4.6,622.0,1
2026-02-16T13:00,2026-02-16,13,Monday,2,0,23.8,33,22.7,0.0,6.1,657.0,1
2026-02-16T14:00,2026-02-16,14,Monday,2,0,24.5,28,22.7,0.0,6.8,624.0,1
2026-02-16T15:00,2026-02-16,15,Monday,2,0,24.4,27,21.8,0.0,7.9,522.0,1
2026-02-16T16:00,2026-02-16,16,Monday,2,0,23.5,34,21.7,0.0,6.5,368.0,1
2026-02-16T17:00,2026-02-16,17,Monday,2,0,21.4,49,20.7,0.0,4.4,186.0,1
2026-02-16T18:00,2026-02-16,18,Monday,2,0,18.1,50,16.9,0.0,4.2,34.0,0
2026-02-16T19:00,2026-02-16,19,Monday,2,0,15.6,63,14.7,0.0,2.9,0.0,0
2026-02-16T20:00,2026-02-16,20,Monday,2,0,12.4,78,11.3,0.0,5.1,0.0,0
2026-02-16T21:00,2026-02-16,21,Monday,2,0,11.4,80,10.1,0.0,5.7,0.0,0
2026-02-16T22:00,2026-02-16,22,Monday,2,0,10.2,82,9.0,0.0,4.1,0.0,0
2026-02-16T23:00,2026-02-16,23,Monday,2,0,10.1,83,9.0,0.0,2.4,0.0,0
2026-02-17T00:00,2026-02-17,0,Tuesday,2,0,9.7,82,8.2,0.0,4.6,0.0,0
2026-02-17T01:00,2026-02-17,1,Tuesday,2,0,8.9,85,7.5,0.0,4.2,0.0,0
2026-02-17T02:00,2026-02-17,2,Tuesday,2,0,8.9,81,7.1,0.0,5.6,0.0,0
2026-02-17T03:00,2026-02-17,3,Tuesday,2,0,8.9,77,7.0,0.0,5.3,0.0,0
2026-02-17T04:00,2026-02-17,4,Tuesday,2,0,8.7,77,6.7,0.0,5.4,0.0,0
2026-02-17T05:00,2026-02-17,5,Tuesday,2,0,10.5,65,8.8,0.0,2.1,0.0,0
2026-02-17T06:00,2026-02-17,6,Tuesday,2,0,9.9,69,8.0,0.0,4.0,0.0,0
2026-02-17T07:00,2026-02-17,7,Tuesday,2,0,10.1,68,8.5,0.0,1.7,0.0,1
2026-02-17T08:00,2026-02-17,8,Tuesday,2,0,12.1,65,10.5,0.0,3.0,59.0,1
2026-02-17T09:00,2026-02-17,9,Tuesday,2,0,15.4,59,13.9,0.0,6.0,228.0,1
2026-02-17T10:00,2026-02-17,10,Tuesday,2,0,18.5,50,17.5,0.0,3.0,407.0,1
2026-02-17T11:00,2026-02-17,11,Tuesday,2,0,20.8,41,19.7,0.0,2.1,542.0,1
2026-02-17T12:00,2026-02-17,12,Tuesday,2,0,22.5,37,21.4,0.0,2.5,523.0,1
2026-02-17T13:00,2026-02-17,13,Tuesday,2,0,22.7,39,21.2,0.0,7.3,464.0,1
2026-02-17T14:00,2026-02-17,14,Tuesday,2,0,22.9,42,21.6,0.0,7.7,504.0,1
2026-02-17T15:00,2026-02-17,15,Tuesday,2,0,22.5,45,21.3,0.0,7.8,381.0,1
2026-02-17T16:00,2026-02-17,16,Tuesday,2,0,22.1,47,21.5,0.0,5.1,270.0,1
2026-02-17T17:00,2026-02-17,17,Tuesday,2,0,21.5,52,21.6,0.0,2.2,163.0,1
2026-02-17T18:00,2026-02-17,18,Tuesday,2,0,18.8,51,17.9,0.0,3.4,29.0,0
2026-02-17T19:00,2026-02-17,19,Tuesday,2,0,15.9,63,15.0,0.0,3.2,0.0,0
2026-02-17T20:00,2026-02-17,20,Tuesday,2,0,13.1,75,12.5,0.0,2.4,0.0,0
2026-02-17T21:00,2026-02-17,21,Tuesday,2,0,11.1,85,10.4,0.0,2.5,0.0,0
2026-02-17T22:00,2026-02-17,22,Tuesday,2,0,9.7,89,8.7,0.0,3.2,0.0,0
2026-02-17T23:00,2026-02-17,23,Tuesday,2,0,9.9,87,9.0,0.0,2.0,0.0,0
2026-02-18T00:00,2026-02-18,0,Wednesday,2,0,9.8,86,8.8,0.0,2.3,0.0,0
2026-02-18T01:00,2026-02-18,1,Wednesday,2,0,9.2,86,8.1,0.0,2.3,0.0,0
2026-02-18T02:00,2026-02-18,2,Wednesday,2,0,8.8,85,7.6,0.0,2.4,0.0,0
2026-02-18T03:00,2026-02-18,3,Wednesday,2,0,8.2,87,6.9,0.0,2.7,0.0,0
2026-02-18T04:00,2026-02-18,4,Wednesday,2,0,7.7,88,6.2,0.0,2.7,0.0,0
2026-02-18T05:00,2026-02-18,5,Wednesday,2,0,9.1,84,8.0,0.0,1.0,0.0,0
2026-02-18T06:00,2026-02-18,6,Wednesday,2,0,7.8,86,6.4,0.0,2.4,0.0,0
2026-02-18T07:00,2026-02-18,7,Wednesday,2,0,7.7,84,6.2,0.0,2.4,0.0,1
2026-02-18T08:00,2026-02-18,8,Wednesday,2,0,10.6,73,9.0,0.0,3.6,71.0,1
2026-02-18T09:00,2026-02-18,9,Wednesday,2,0,14.4,66,13.8,0.0,0.6,242.0,1
2026-02-18T10:00,2026-02-18,10,Wednesday,2,0,17.7,52,16.8,0.0,2.2,420.0,1
2026-02-18T11:00,2026-02-18,11,Wednesday,2,0,20.1,42,19.3,0.0,1.0,564.0,1
2026-02-18T12:00,2026-02-18,12,Wednesday,2,0,22.1,36,21.3,0.0,3.7,645.0,1
2026-02-18T13:00,2026-02-18,13,Wednesday,2,0,22.8,37,21.7,0.0,5.9,616.0,1
2026-02-18T14:00,2026-02-18,14,Wednesday,2,0,23.0,39,21.5,0.0,7.4,542.0,1
2026-02-18T15:00,2026-02-18,15,Wednesday,2,0,22.1,44,20.5,0.0,9.2,275.0,1
2026-02-18T16:00,2026-02-18,16,Wednesday,2,0,22.4,43,21.1,0.0,6.8,344.0,1
2026-02-18T17:00,2026-02-18,17,Wednesday,2,0,20.6,57,20.4,0.0,5.1,169.0,1
2026-02-18T18:00,2026-02-18,18,Wednesday,2,0,17.6,59,16.9,0.0,4.5,36.0,0
2026-02-18T19:00,2026-02-18,19,Wednesday,2,0,15.2,67,14.3,0.0,5.1,0.0,0
2026-02-18T20:00,2026-02-18,20,Wednesday,2,0,12.9,77,11.9,0.0,5.5,0.0,0
2026-02-18T21:00,2026-02-18,21,Wednesday,2,0,11.6,83,10.4,0.0,5.5,0.0,0
2026-02-18T22:00,2026-02-18,22,Wednesday,2,0,10.6,86,9.3,0.0,5.2,0.0,0
2026-02-18T23:00,2026-02-18,23,Wednesday,2,0,10.9,85,10.1,0.0,2.6,0.0,0
2026-02-19T00:00,2026-02-19,0,Thursday,2,0,10.3,86,9.3,0.0,3.6,0.0,0
2026-02-19T01:00,2026-02-19,1,Thursday,2,0,10.0,86,9.1,0.0,1.9,0.0,0
2026-02-19T02:00,2026-02-19,2,Thursday,2,0,9.3,89,8.3,0.0,2.3,0.0,0
2026-02-19T03:00,2026-02-19,3,Thursday,2,0,8.9,89,7.7,0.0,2.7,0.0,0
2026-02-19T04:00,2026-02-19,4,Thursday,2,0,8.5,90,7.4,0.0,1.9,0.0,0
2026-02-19T05:00,2026-02-19,5,Thursday,2,0,9.1,93,8.5,0.0,1.0,0.0,0
2026-02-19T06:00,2026-02-19,6,Thursday,2,0,8.4,92,7.2,0.0,3.5,0.0,0
2026-02-19T07:00,2026-02-19,7,Thursday,2,0,8.3,90,7.2,0.0,1.8,1.0,1
2026-02-19T08:00,2026-02-19,8,Thursday,2,0,11.1,80,10.0,0.0,3.5,74.0,1
2026-02-19T09:00,2026-02-19,9,Thursday,2,0,15.1,70,14.8,0.0,1.5,245.0,1
2026-02-19T10:00,2026-02-19,10,Thursday,2,0,18.4,56,17.8,0.0,2.7,424.0,1
2026-02-19T11:00,2026-02-19,11,Thursday,2,0,20.6,48,19.9,0.0,4.7,569.0,1
2026-02-19T12:00,2026-02-19,12,Thursday,2,0,22.8,41,22.3,0.0,5.4,658.0,1
2026-02-19T13:00,2026-02-19,13,Thursday,2,0,24.1,38,23.9,0.0,5.3,682.0,1
2026-02-19T14:00,2026-02-19,14,Thursday,2,0,24.9,34,24.2,0.0,5.0,641.0,1
2026-02-19T15:00,2026-02-19,15,Thursday,2,0,25.2,31,23.7,0.0,4.4,537.0,1
2026-02-19T16:00,2026-02-19,16,Thursday,2,0,24.7,34,23.4,0.0,4.5,380.0,1
2026-02-19T17:00,2026-02-19,17,Thursday,2,0,23.1,47,23.2,0.0,2.3,196.0,1
2026-02-19T18:00,2026-02-19,18,Thursday,2,0,20.1,45,19.2,0.0,2.2,39.0,0
2026-02-19T19:00,2026-02-19,19,Thursday,2,0,17.8,54,17.0,0.0,1.9,0.0,0
2026-02-19T20:00,2026-02-19,20,Thursday,2,0,14.5,70,13.7,0.0,3.5,0.0,0
2026-02-19T21:00,2026-02-19,21,Thursday,2,0,12.1,84,11.2,0.0,5.2,0.0,0
2026-02-19T22:00,2026-02-19,22,Thursday,2,0,10.9,89,10.0,0.0,4.8,0.0,0
2026-02-19T23:00,2026-02-19,23,Thursday,2,0,11.4,86,10.7,0.0,3.0,0.0,0
2026-02-20T00:00,2026-02-20,0,Friday,2,1,11.1,85,10.7,0.0,1.0,0.0,0
2026-02-20T01:00,2026-02-20,1,Friday,2,1,10.1,89,9.2,0.0,3.4,0.0,0
2026-02-20T02:00,2026-02-20,2,Friday,2,1,10.0,87,8.7,0.0,5.0,0.0,0
2026-02-20T03:00,2026-02-20,3,Friday,2,1,9.4,87,8.1,0.0,4.7,0.0,0
2026-02-20T04:00,2026-02-20,4,Friday,2,1,9.1,88,7.7,0.0,4.5,0.0,0
2026-02-20T05:00,2026-02-20,5,Friday,2,1,10.5,80,9.6,0.0,0.9,0.0,0
2026-02-20T06:00,2026-02-20,6,Friday,2,1,9.8,82,8.6,0.0,2.6,0.0,0
2026-02-20T07:00,2026-02-20,7,Friday,2,1,8.8,86,7.3,0.0,4.0,1.0,1
2026-02-20T08:00,2026-02-20,8,Friday,2,1,11.8,75,10.4,0.0,5.4,76.0,1
2026-02-20T09:00,2026-02-20,9,Friday,2,1,15.9,66,15.6,0.0,2.3,249.0,1
2026-02-20T10:00,2026-02-20,10,Friday,2,1,19.4,52,19.0,0.0,1.4,428.0,1
2026-02-20T11:00,2026-02-20,11,Friday,2,1,21.3,43,20.5,0.0,3.3,572.0,1
2026-02-20T12:00,2026-02-20,12,Friday,2,1,23.4,39,23.1,0.0,4.5,660.0,1
2026-02-20T13:00,2026-02-20,13,Friday,2,1,24.8,36,24.3,0.0,6.9,683.0,1
2026-02-20T14:00,2026-02-20,14,Friday,2,1,25.4,33,24.0,0.0,9.1,641.0,1
2026-02-20T15:00,2026-02-20,15,Friday,2,1,25.2,32,23.1,0.0,9.9,535.0,1
2026-02-20T16:00,2026-02-20,16,Friday,2,1,24.6,34,22.8,0.0,8.6,379.0,1
2026-02-20T17:00,2026-02-20,17,Friday,2,1,22.0,51,21.8,0.0,5.0,197.0,1
2026-02-20T18:00,2026-02-20,18,Friday,2,1,19.4,49,18.4,0.0,3.7,40.0,0
2026-02-20T19:00,2026-02-20,19,Friday,2,1,16.5,62,15.8,0.0,3.2,0.0,0
2026-02-20T20:00,2026-02-20,20,Friday,2,1,13.4,79,12.7,0.0,4.2,0.0,0
2026-02-20T21:00,2026-02-20,21,Friday,2,1,11.4,88,10.8,0.0,4.1,0.0,0
2026-02-20T22:00,2026-02-20,22,Friday,2,1,10.4,91,9.6,0.0,3.9,0.0,0
2026-02-20T23:00,2026-02-20,23,Friday,2,1,10.6,93,10.2,0.0,1.7,0.0,0
2026-02-21T00:00,2026-02-21,0,Saturday,2,1,10.4,89,9.4,0.0,3.7,0.0,0
2026-02-21T01:00,2026-02-21,1,Saturday,2,1,10.2,84,9.2,0.0,3.2,0.0,0
2026-02-21T02:00,2026-02-21,2,Saturday,2,1,10.4,79,9.5,0.0,1.3,0.0,0
2026-02-21T03:00,2026-02-21,3,Saturday,2,1,10.1,79,9.0,0.0,1.5,0.0,0
2026-02-21T04:00,2026-02-21,4,Saturday,2,1,9.7,79,8.5,0.0,1.7,0.0,0
2026-02-21T05:00,2026-02-21,5,Saturday,2,1,9.6,82,8.7,0.0,0.7,0.0,0
2026-02-21T06:00,2026-02-21,6,Saturday,2,1,8.8,83,7.6,0.0,1.9,0.0,0
2026-02-21T07:00,2026-02-21,7,Saturday,2,1,8.6,83,7.4,0.0,1.0,1.0,1
2026-02-21T08:00,2026-02-21,8,Saturday,2,1,10.9,76,9.6,0.0,4.1,81.0,1
2026-02-21T09:00,2026-02-21,9,Saturday,2,1,14.9,63,13.8,0.0,4.2,257.0,1
2026-02-21T10:00,2026-02-21,10,Saturday,2,1,17.7,54,16.5,0.0,4.7,439.0,1
2026-02-21T11:00,2026-02-21,11,Saturday,2,1,19.7,49,19.1,0.0,3.3,584.0,1
2026-02-21T12:00,2026-02-21,12,Saturday,2,1,22.5,41,22.6,0.0,2.7,671.0,1
2026-02-21T13:00,2026-02-21,13,Saturday,2,1,24.3,37,24.6,0.0,2.5,694.0,1
2026-02-21T14:00,2026-02-21,14,Saturday,2,1,25.1,33,24.8,0.0,2.8,650.0,1
2026-02-21T15:00,2026-02-21,15,Saturday,2,1,25.4,29,24.1,0.0,1.9,545.0,1
2026-02-21T16:00,2026-02-21,16,Saturday,2,1,25.0,29,23.5,0.0,2.8,391.0,1
2026-02-21T17:00,2026-02-21,17,Saturday,2,1,23.0,45,22.6,0.0,3.6,205.0,1
2026-02-21T18:00,2026-02-21,18,Saturday,2,1,20.1,38,18.6,0.0,2.7,43.0,0
2026-02-21T19:00,2026-02-21,19,Saturday,2,1,18.0,46,16.8,0.0,1.6,0.0,0
2026-02-21T20:00,2026-02-21,20,Saturday,2,1,14.4,65,13.1,0.0,4.6,0.0,0
2026-02-21T21:00,2026-02-21,21,Saturday,2,1,12.1,76,10.9,0.0,4.6,0.0,0
2026-02-21T22:00,2026-02-21,22,Saturday,2,1,10.9,80,9.6,0.0,4.4,0.0,0
2026-02-21T23:00,2026-02-21,23,Saturday,2,1,11.2,80,10.4,0.0,2.5,0.0,0
2026-02-22T00:00,2026-02-22,0,Sunday,2,1,10.9,80,9.7,0.0,3.9,0.0,0
2026-02-22T01:00,2026-02-22,1,Sunday,2,1,10.4,81,9.2,0.0,3.7,0.0,0
2026-02-22T02:00,2026-02-22,2,Sunday,2,1,10.1,84,8.8,0.0,3.8,0.0,0
2026-02-22T03:00,2026-02-22,3,Sunday,2,1,9.8,85,8.5,0.0,3.9,0.0,0
2026-02-22T04:00,2026-02-22,4,Sunday,2,1,9.6,86,8.4,0.0,4.1,0.0,0
2026-02-22T05:00,2026-02-22,5,Sunday,2,1,10.5,82,9.6,0.0,1.5,0.0,0
2026-02-22T06:00,2026-02-22,6,Sunday,2,1,10.4,81,9.4,0.0,2.6,0.0,0
2026-02-22T07:00,2026-02-22,7,Sunday,2,1,10.1,83,9.0,0.0,2.7,1.0,1
2026-02-22T08:00,2026-02-22,8,Sunday,2,1,12.6,77,11.7,0.0,3.7,82.0,1
2026-02-22T09:00,2026-02-22,9,Sunday,2,1,16.7,65,16.4,0.0,2.0,258.0,1
2026-02-22T10:00,2026-02-22,10,Sunday,2,1,19.7,51,19.1,0.0,3.2,438.0,1
2026-02-22T11:00,2026-02-22,11,Sunday,2,1,21.6,50,21.5,0.0,4.0,584.0,1
2026-02-22T12:00,2026-02-22,12,Sunday,2,1,23.5,43,23.6,0.0,5.4,673.0,1
2026-02-22T13:00,2026-02-22,13,Sunday,2,1,24.8,38,24.7,0.0,5.9,696.0,1
2026-02-22T14:00,2026-02-22,14,Sunday,2,1,25.6,34,25.1,0.0,5.2,653.0,1
2026-02-22T15:00,2026-02-22,15,Sunday,2,1,25.9,31,24.5,0.0,4.9,549.0,1
2026-02-22T16:00,2026-02-22,16,Sunday,2,1,25.5,32,24.2,0.0,4.7,391.0,1
2026-02-22T17:00,2026-02-22,17,Sunday,2,1,23.8,48,24.1,0.0,2.3,206.0,1
2026-02-22T18:00,2026-02-22,18,Sunday,2,1,19.9,49,19.1,0.0,3.8,44.0,0
2026-02-22T19:00,2026-02-22,19,Sunday,2,1,18.1,56,17.7,0.0,1.5,0.0,0
2026-02-22T20:00,2026-02-22,20,Sunday,2,1,15.6,63,14.8,0.0,3.5,0.0,0
2026-02-22T21:00,2026-02-22,21,Sunday,2,1,13.4,71,12.0,0.0,6.2,0.0,0
2026-02-22T22:00,2026-02-22,22,Sunday,2,1,11.9,78,10.5,0.0,5.9,0.0,0
2026-02-22T23:00,2026-02-22,23,Sunday,2,1,12.0,78,11.0,0.0,3.5,0.0,0
2026-02-23T00:00,2026-02-23,0,Monday,2,0,11.1,84,10.0,0.0,4.6,0.0,0
2026-02-23T01:00,2026-02-23,1,Monday,2,0,10.5,87,9.4,0.0,4.7,0.0,0
2026-02-23T02:00,2026-02-23,2,Monday,2,0,10.1,88,9.0,0.0,4.1,0.0,0
2026-02-23T03:00,2026-02-23,3,Monday,2,0,9.8,87,8.6,0.0,4.3,0.0,0
2026-02-23T04:00,2026-02-23,4,Monday,2,0,9.6,85,8.3,0.0,4.0,0.0,0
2026-02-23T05:00,2026-02-23,5,Monday,2,0,10.8,78,10.1,0.0,0.2,0.0,0
2026-02-23T06:00,2026-02-23,6,Monday,2,0,9.9,80,8.9,0.0,1.5,0.0,0
2026-02-23T07:00,2026-02-23,7,Monday,2,0,9.5,80,8.3,0.0,1.5,2.0,1
2026-02-23T08:00,2026-02-23,8,Monday,2,0,12.2,71,11.1,0.0,2.9,87.0,1
2026-02-23T09:00,2026-02-23,9,Monday,2,0,16.8,60,15.9,0.0,3.7,267.0,1
2026-02-23T10:00,2026-02-23,10,Monday,2,0,20.0,47,18.9,0.0,5.0,449.0,1
2026-02-23T11:00,2026-02-23,11,Monday,2,0,22.2,42,21.4,0.0,5.4,595.0,1
2026-02-23T12:00,2026-02-23,12,Monday,2,0,24.6,35,24.0,0.0,6.8,684.0,1
2026-02-23T13:00,2026-02-23,13,Monday,2,0,25.7,31,24.7,0.0,8.0,708.0,1
2026-02-23T14:00,2026-02-23,14,Monday,2,0,26.0,29,24.8,0.0,7.0,665.0,1
2026-02-23T15:00,2026-02-23,15,Monday,2,0,26.1,28,24.4,0.0,5.5,556.0,1
2026-02-23T16:00,2026-02-23,16,Monday,2,0,25.7,30,24.3,0.0,3.9,396.0,1
2026-02-23T17:00,2026-02-23,17,Monday,2,0,24.4,42,24.5,0.0,0.6,210.0,1
2026-02-23T18:00,2026-02-23,18,Monday,2,0,21.6,41,21.0,0.0,0.0,47.0,0
2026-02-23T19:00,2026-02-23,19,Monday,2,0,19.5,43,18.5,0.0,0.9,0.0,0
2026-02-23T20:00,2026-02-23,20,Monday,2,0,16.2,58,15.1,0.0,4.1,0.0,0
2026-02-23T21:00,2026-02-23,21,Monday,2,0,13.4,75,12.3,0.0,5.8,0.0,0
2026-02-23T22:00,2026-02-23,22,Monday,2,0,11.9,82,10.7,0.0,5.8,0.0,0
2026-02-23T23:00,2026-02-23,23,Monday,2,0,11.3,88,10.7,0.0,2.7,0.0,0
2026-02-24T00:00,2026-02-24,0,Tuesday,2,0,10.9,89,10.1,0.0,4.0,0.0,0
2026-02-24T01:00,2026-02-24,1,Tuesday,2,0,10.6,87,9.7,0.0,3.3,0.0,0
2026-02-24T02:00,2026-02-24,2,Tuesday,2,0,10.1,88,9.1,0.0,3.1,0.0,0
2026-02-24T03:00,2026-02-24,3,Tuesday,2,0,9.4,89,8.3,0.0,3.9,0.0,0
2026-02-24T04:00,2026-02-24,4,Tuesday,2,0,9.1,88,7.7,0.0,4.2,0.0,0
2026-02-24T05:00,2026-02-24,5,Tuesday,2,0,9.9,86,9.2,0.0,0.6,0.0,0
2026-02-24T06:00,2026-02-24,6,Tuesday,2,0,9.1,86,7.9,0.0,2.9,0.0,0
2026-02-24T07:00,2026-02-24,7,Tuesday,2,0,8.9,85,7.5,0.0,3.1,2.0,1
2026-02-24T08:00,2026-02-24,8,Tuesday,2,0,12.0,74,10.8,0.0,4.0,91.0,1
2026-02-24T09:00,2026-02-24,9,Tuesday,2,0,16.5,63,16.1,0.0,1.3,272.0,1
2026-02-24T10:00,2026-02-24,10,Tuesday,2,0,19.9,44,19.0,0.0,1.8,455.0,1
2026-02-24T11:00,2026-02-24,11,Tuesday,2,0,22.0,42,21.6,0.0,2.8,599.0,1
2026-02-24T12:00,2026-02-24,12,Tuesday,2,0,24.5,37,24.5,0.0,3.4,688.0,1
2026-02-24T13:00,2026-02-24,13,Tuesday,2,0,26.0,31,25.7,0.0,4.2,708.0,1
2026-02-24T14:00,2026-02-24,14,Tuesday,2,0,26.6,28,25.9,0.0,3.0,653.0,1
2026-02-24T15:00,2026-02-24,15,Tuesday,2,0,26.5,25,24.9,0.0,2.7,515.0,1
2026-02-24T16:00,2026-02-24,16,Tuesday,2,0,26.1,26,24.4,0.0,3.3,390.0,1
2026-02-24T17:00,2026-02-24,17,Tuesday,2,0,24.5,39,24.1,0.0,1.8,211.0,1
2026-02-24T18:00,2026-02-24,18,Tuesday,2,0,21.4,34,20.0,0.0,1.1,48.0,0
2026-02-24T19:00,2026-02-24,19,Tuesday,2,0,19.1,41,17.8,0.0,1.3,0.0,0
2026-02-24T20:00,2026-02-24,20,Tuesday,2,0,15.2,59,13.9,0.0,4.4,0.0,0
2026-02-24T21:00,2026-02-24,21,Tuesday,2,0,13.4,73,12.0,0.0,7.3,0.0,0
2026-02-24T22:00,2026-02-24,22,Tuesday,2,0,12.0,80,11.1,0.0,3.5,0.0,0
2026-02-24T23:00,2026-02-24,23,Tuesday,2,0,11.6,86,11.3,0.0,1.3,0.0,0
2026-02-25T00:00,2026-02-25,0,Wednesday,2,0,11.1,89,10.3,0.0,4.6,0.0,0
2026-02-25T01:00,2026-02-25,1,Wednesday,2,0,10.9,87,9.8,0.0,4.8,0.0,0
2026-02-25T02:00,2026-02-25,2,Wednesday,2,0,10.6,83,9.4,0.0,4.7,0.0,0
2026-02-25T03:00,2026-02-25,3,Wednesday,2,0,10.1,83,8.8,0.0,3.9,0.0,0
2026-02-25T04:00,2026-02-25,4,Wednesday,2,0,9.8,83,8.4,0.0,3.9,0.0,0
2026-02-25T05:00,2026-02-25,5,Wednesday,2,0,11.1,78,10.4,0.0,0.4,0.0,0
2026-02-25T06:00,2026-02-25,6,Wednesday,2,0,10.7,77,9.5,0.0,2.4,0.0,0
2026-02-25T07:00,2026-02-25,7,Wednesday,2,0,10.1,78,8.8,0.0,3.0,3.0,1
2026-02-25T08:00,2026-02-25,8,Wednesday,2,0,13.1,69,11.8,0.0,4.5,92.0,1
2026-02-25T09:00,2026-02-25,9,Wednesday,2,0,17.6,59,17.3,0.0,1.6,273.0,1
2026-02-25T10:00,2026-02-25,10,Wednesday,2,0,21.1,44,20.4,0.0,2.3,455.0,1
2026-02-25T11:00,2026-02-25,11,Wednesday,2,0,23.1,40,22.4,0.0,4.2,600.0,1
2026-02-25T12:00,2026-02-25,12,Wednesday,2,0,25.0,35,24.9,0.0,4.4,689.0,1
2026-02-25T13:00,2026-02-25,13,Wednesday,2,0,26.0,30,25.7,0.0,4.8,710.0,1
2026-02-25T14:00,2026-02-25,14,Wednesday,2,0,26.5,26,25.2,0.0,5.3,650.0,1
2026-02-25T15:00,2026-02-25,15,Wednesday,2,0,26.5,24,24.1,0.0,6.6,531.0,1
2026-02-25T16:00,2026-02-25,16,Wednesday,2,0,25.9,26,23.6,0.0,7.8,382.0,1
2026-02-25T17:00,2026-02-25,17,Wednesday,2,0,23.5,41,22.7,0.0,5.6,206.0,1
2026-02-25T18:00,2026-02-25,18,Wednesday,2,0,21.5,37,20.2,0.0,2.0,48.0,0
2026-02-25T19:00,2026-02-25,19,Wednesday,2,0,19.6,42,18.7,0.0,0.8,0.0,0
2026-02-25T20:00,2026-02-25,20,Wednesday,2,0,16.1,57,14.9,0.0,4.7,0.0,0
2026-02-25T21:00,2026-02-25,21,Wednesday,2,0,13.8,73,12.8,0.0,5.5,0.0,0
2026-02-25T22:00,2026-02-25,22,Wednesday,2,0,12.3,80,11.4,0.0,4.7,0.0,0
2026-02-25T23:00,2026-02-25,23,Wednesday,2,0,12.5,83,12.1,0.0,2.5,0.0,0
2026-02-26T00:00,2026-02-26,0,Thursday,2,0,12.1,84,11.4,0.0,3.6,0.0,0
2026-02-26T01:00,2026-02-26,1,Thursday,2,0,11.6,85,10.7,0.0,4.5,0.0,0
2026-02-26T02:00,2026-02-26,2,Thursday,2,0,11.1,84,10.2,0.0,4.3,0.0,0
2026-02-26T03:00,2026-02-26,3,Thursday,2,0,10.7,84,9.6,0.0,4.0,0.0,0
2026-02-26T04:00,2026-02-26,4,Thursday,2,0,10.3,84,9.0,0.0,5.0,0.0,0
2026-02-26T05:00,2026-02-26,5,Thursday,2,0,11.1,83,10.4,0.0,2.1,0.0,0
2026-02-26T06:00,2026-02-26,6,Thursday,2,0,10.6,82,9.3,0.0,4.4,0.0,0
2026-02-26T07:00,2026-02-26,7,Thursday,2,0,10.3,82,9.1,0.0,3.9,3.0,1
2026-02-26T08:00,2026-02-26,8,Thursday,2,0,13.6,72,12.7,0.0,3.7,94.0,1
2026-02-26T09:00,2026-02-26,9,Thursday,2,0,18.1,60,17.9,0.0,1.5,273.0,1
2026-02-26T10:00,2026-02-26,10,Thursday,2,0,21.6,46,21.1,0.0,2.7,453.0,1
2026-02-26T11:00,2026-02-26,11,Thursday,2,0,23.7,36,22.7,0.0,5.2,592.0,1
2026-02-26T12:00,2026-02-26,12,Thursday,2,0,25.3,30,24.5,0.0,5.1,682.0,1
2026-02-26T13:00,2026-02-26,13,Thursday,2,0,26.1,29,25.6,0.0,4.0,707.0,1
2026-02-26T14:00,2026-02-26,14,Thursday,2,0,26.5,28,25.8,0.0,2.9,654.0,1
2026-02-26T15:00,2026-02-26,15,Thursday,2,0,26.2,28,24.9,0.0,2.3,545.0,1
2026-02-26T16:00,2026-02-26,16,Thursday,2,0,25.8,29,24.5,0.0,1.8,393.0,1
2026-02-26T17:00,2026-02-26,17,Thursday,2,0,24.4,44,24.4,0.0,2.2,205.0,1
2026-02-26T18:00,2026-02-26,18,Thursday,2,0,22.0,36,20.7,0.0,1.9,50.0,1
2026-02-26T19:00,2026-02-26,19,Thursday,2,0,19.2,47,17.9,0.0,4.6,0.0,0
2026-02-26T20:00,2026-02-26,20,Thursday,2,0,16.5,61,15.6,0.0,4.1,0.0,0
2026-02-26T21:00,2026-02-26,21,Thursday,2,0,14.3,71,13.6,0.0,3.6,0.0,0
2026-02-26T22:00,2026-02-26,22,Thursday,2,0,12.2,82,11.5,0.0,4.0,0.0,0
2026-02-26T23:00,2026-02-26,23,Thursday,2,0,12.1,86,11.7,0.0,2.3,0.0,0
2026-02-27T00:00,2026-02-27,0,Friday,2,1,11.6,88,10.9,0.0,4.4,0.0,0
2026-02-27T01:00,2026-02-27,1,Friday,2,1,11.1,89,10.2,0.0,4.5,0.0,0
2026-02-27T02:00,2026-02-27,2,Friday,2,1,10.6,89,9.7,0.0,4.6,0.0,0
2026-02-27T03:00,2026-02-27,3,Friday,2,1,10.4,87,9.4,0.0,4.6,0.0,0
2026-02-27T04:00,2026-02-27,4,Friday,2,1,10.2,85,9.0,0.0,4.3,0.0,0
2026-02-27T05:00,2026-02-27,5,Friday,2,1,11.7,79,11.1,0.0,0.8,0.0,0
2026-02-27T06:00,2026-02-27,6,Friday,2,1,11.4,76,10.3,0.0,2.7,0.0,0
2026-02-27T07:00,2026-02-27,7,Friday,2,1,10.9,76,9.4,0.0,4.4,3.0,1
2026-02-27T08:00,2026-02-27,8,Friday,2,1,14.4,61,12.8,0.0,5.7,98.0,1
2026-02-27T09:00,2026-02-27,9,Friday,2,1,18.5,53,17.8,0.0,2.3,281.0,1
2026-02-27T10:00,2026-02-27,10,Friday,2,1,22.4,40,21.5,0.0,2.4,462.0,1
2026-02-27T11:00,2026-02-27,11,Friday,2,1,24.4,29,23.3,0.0,2.3,602.0,1
2026-02-27T12:00,2026-02-27,12,Friday,2,1,26.0,26,25.3,0.0,2.7,687.0,1
2026-02-27T13:00,2026-02-27,13,Friday,2,1,26.9,24,25.7,0.0,5.5,709.0,1
2026-02-27T14:00,2026-02-27,14,Friday,2,1,26.2,25,23.3,0.0,11.2,546.0,1
2026-02-27T15:00,2026-02-27,15,Friday,2,1,26.1,25,24.4,0.0,3.5,506.0,1
2026-02-27T16:00,2026-02-27,16,Friday,2,1,26.0,26,24.1,0.0,4.5,358.0,1
2026-02-27T17:00,2026-02-27,17,Friday,2,1,25.3,35,24.9,0.0,0.8,178.0,1
2026-02-27T18:00,2026-02-27,18,Friday,2,1,22.6,31,21.3,0.0,0.2,49.0,1
2026-02-27T19:00,2026-02-27,19,Friday,2,1,19.7,36,17.9,0.0,2.9,0.0,0
2026-02-27T20:00,2026-02-27,20,Friday,2,1,16.1,54,14.7,0.0,4.6,0.0,0
2026-02-27T21:00,2026-02-27,21,Friday,2,1,13.9,65,12.4,0.0,5.6,0.0,0
2026-02-27T22:00,2026-02-27,22,Friday,2,1,12.9,69,11.4,0.0,5.8,0.0,0
2026-02-27T23:00,2026-02-27,23,Friday,2,1,13.9,67,12.6,0.0,4.6,0.0,0
2026-02-28T00:00,2026-02-28,0,Saturday,2,1,13.6,62,11.9,0.0,6.1,0.0,0
2026-02-28T01:00,2026-02-28,1,Saturday,2,1,13.4,61,11.6,0.0,5.1,0.0,0
2026-02-28T02:00,2026-02-28,2,Saturday,2,1,12.6,61,10.7,0.0,5.8,0.0,0
2026-02-28T03:00,2026-02-28,3,Saturday,2,1,11.8,63,9.8,0.0,5.6,0.0,0
2026-02-28T04:00,2026-02-28,4,Saturday,2,1,11.4,65,9.2,0.0,6.0,0.0,0
2026-02-28T05:00,2026-02-28,5,Saturday,2,1,12.9,61,11.4,0.0,2.8,0.0,0
2026-02-28T06:00,2026-02-28,6,Saturday,2,1,12.8,61,11.3,0.0,2.3,0.0,0
2026-02-28T07:00,2026-02-28,7,Saturday,2,1,12.3,67,11.0,0.0,2.5,4.0,1
2026-02-28T08:00,2026-02-28,8,Saturday,2,1,15.1,62,14.1,0.0,3.5,101.0,1
2026-02-28T09:00,2026-02-28,9,Saturday,2,1,19.0,51,18.5,0.0,1.3,284.0,1
2026-02-28T10:00,2026-02-28,10,Saturday,2,1,22.6,39,21.6,0.0,3.0,466.0,1
2026-02-28T11:00,2026-02-28,11,Saturday,2,1,24.6,31,23.2,0.0,5.6,602.0,1
2026-02-28T12:00,2026-02-28,12,Saturday,2,1,26.2,25,25.4,0.0,3.2,686.0,1
2026-02-28T13:00,2026-02-28,13,Saturday,2,1,27.0,24,26.3,0.0,2.4,702.0,1
2026-02-28T14:00,2026-02-28,14,Saturday,2,1,27.2,22,25.5,0.0,4.5,612.0,1
2026-02-28T15:00,2026-02-28,15,Saturday,2,1,27.1,21,24.4,0.0,7.9,551.0,1
2026-02-28T16:00,2026-02-28,16,Saturday,2,1,26.5,21,23.4,0.0,9.5,409.0,1
2026-02-28T17:00,2026-02-28,17,Saturday,2,1,25.0,26,22.6,0.0,7.6,228.0,1
2026-02-28T18:00,2026-02-28,18,Saturday,2,1,21.2,36,19.4,0.0,5.5,56.0,1
2026-02-28T19:00,2026-02-28,19,Saturday,2,1,18.2,48,16.7,0.0,4.8,0.0,0
2026-02-28T20:00,2026-02-28,20,Saturday,2,1,15.2,63,14.1,0.0,5.2,0.0,0
2026-02-28T21:00,2026-02-28,21,Saturday,2,1,13.1,75,12.0,0.0,4.8,0.0,0
2026-02-28T22:00,2026-02-28,22,Saturday,2,1,11.6,82,10.7,0.0,4.0,0.0,0
2026-02-28T23:00,2026-02-28,23,Saturday,2,1,11.3,89,10.9,0.0,1.8,0.0,0
2026-03-01T00:00,2026-03-01,0,Sunday,3,1,10.6,89,9.7,0.0,3.9,0.0,0
2026-03-01T01:00,2026-03-01,1,Sunday,3,1,10.4,84,9.3,0.0,3.8,0.0,0
2026-03-01T02:00,2026-03-01,2,Sunday,3,1,10.1,78,8.8,0.0,3.4,0.0,0
2026-03-01T03:00,2026-03-01,3,Sunday,3,1,9.7,77,8.3,0.0,2.9,0.0,0
2026-03-01T04:00,2026-03-01,4,Sunday,3,1,9.3,78,8.0,0.0,1.9,0.0,0
2026-03-01T05:00,2026-03-01,5,Sunday,3,1,9.8,84,8.8,0.0,1.3,0.0,0
2026-03-01T06:00,2026-03-01,6,Sunday,3,1,9.6,82,8.6,0.0,1.7,0.0,0
2026-03-01T07:00,2026-03-01,7,Sunday,3,1,10.0,79,9.1,0.0,0.4,5.0,1
2026-03-01T08:00,2026-03-01,8,Sunday,3,1,13.3,67,12.3,0.0,1.8,108.0,1
2026-03-01T09:00,2026-03-01,9,Sunday,3,1,18.5,52,17.7,0.0,2.5,296.0,1
2026-03-01T10:00,2026-03-01,10,Sunday,3,1,22.5,39,21.5,0.0,3.4,482.0,1
2026-03-01T11:00,2026-03-01,11,Sunday,3,1,26.0,25,24.3,0.0,6.4,630.0,1
2026-03-01T12:00,2026-03-01,12,Sunday,3,1,27.5,19,25.2,0.0,9.6,722.0,1
2026-03-01T13:00,2026-03-01,13,Sunday,3,1,27.8,16,25.0,0.0,12.2,740.0,1
2026-03-01T14:00,2026-03-01,14,Sunday,3,1,27.8,16,24.7,0.0,11.9,701.0,1
2026-03-01T15:00,2026-03-01,15,Sunday,3,1,27.6,17,24.2,0.0,10.6,592.0,1
2026-03-01T16:00,2026-03-01,16,Sunday,3,1,27.0,18,23.6,0.0,9.4,427.0,1
2026-03-01T17:00,2026-03-01,17,Sunday,3,1,25.4,24,22.9,0.0,6.7,233.0,1
2026-03-01T18:00,2026-03-01,18,Sunday,3,1,22.0,31,20.1,0.0,3.2,59.0,1
2026-03-01T19:00,2026-03-01,19,Sunday,3,1,19.1,40,17.6,0.0,2.3,0.0,0
2026-03-01T20:00,2026-03-01,20,Sunday,3,1,15.1,56,13.6,0.0,4.1,0.0,0
2026-03-01T21:00,2026-03-01,21,Sunday,3,1,12.9,63,11.3,0.0,4.8,0.0,0
2026-03-01T22:00,2026-03-01,22,Sunday,3,1,11.6,65,9.8,0.0,4.4,0.0,0
2026-03-01T23:00,2026-03-01,23,Sunday,3,1,11.6,75,10.6,0.0,1.8,0.0,0
2026-03-02T00:00,2026-03-02,0,Monday,3,0,10.5,73,9.0,0.0,3.4,0.0,0
2026-03-02T01:00,2026-03-02,1,Monday,3,0,10.1,69,8.2,0.0,3.7,0.0,0
2026-03-02T02:00,2026-03-02,2,Monday,3,0,9.5,67,7.5,0.0,3.5,0.0,0
2026-03-02T03:00,2026-03-02,3,Monday,3,0,9.3,65,7.5,0.0,1.7,0.0,0
2026-03-02T04:00,2026-03-02,4,Monday,3,0,8.8,65,6.8,0.0,2.2,0.0,0
2026-03-02T05:00,2026-03-02,5,Monday,3,0,8.9,71,7.1,0.0,1.9,0.0,0
2026-03-02T06:00,2026-03-02,6,Monday,3,0,8.4,69,6.3,0.0,3.3,0.0,0
2026-03-02T07:00,2026-03-02,7,Monday,3,0,8.9,67,7.1,0.0,1.5,6.0,1
2026-03-02T08:00,2026-03-02,8,Monday,3,0,12.8,53,11.1,0.0,0.8,113.0,1
2026-03-02T09:00,2026-03-02,9,Monday,3,0,18.3,37,16.1,0.0,4.3,304.0,1
2026-03-02T10:00,2026-03-02,10,Monday,3,0,22.4,26,19.8,0.0,4.7,491.0,1
2026-03-02T11:00,2026-03-02,11,Monday,3,0,26.0,23,24.2,0.0,5.5,639.0,1
2026-03-02T12:00,2026-03-02,12,Monday,3,0,27.9,18,25.4,0.0,10.4,728.0,1
2026-03-02T13:00,2026-03-02,13,Monday,3,0,28.3,16,25.4,0.0,13.1,752.0,1
2026-03-02T14:00,2026-03-02,14,Monday,3,0,28.4,15,25.1,0.0,13.2,707.0,1
2026-03-02T15:00,2026-03-02,15,Monday,3,0,28.2,14,24.3,0.0,12.4,598.0,1
2026-03-02T16:00,2026-03-02,16,Monday,3,0,27.5,14,23.4,0.0,11.6,435.0,1
2026-03-02T17:00,2026-03-02,17,Monday,3,0,25.8,21,22.6,0.0,8.8,239.0,1
2026-03-02T18:00,2026-03-02,18,Monday,3,0,22.0,30,19.9,0.0,4.1,61.0,1
2026-03-02T19:00,2026-03-02,19,Monday,3,0,19.0,40,17.3,0.0,4.0,0.0,0
2026-03-02T20:00,2026-03-02,20,Monday,3,0,15.5,55,14.0,0.0,4.1,0.0,0
2026-03-02T21:00,2026-03-02,21,Monday,3,0,13.5,63,12.2,0.0,3.2,0.0,0
2026-03-02T22:00,2026-03-02,22,Monday,3,0,12.2,65,10.9,0.0,2.3,0.0,0
2026-03-02T23:00,2026-03-02,23,Monday,3,0,12.1,74,11.2,0.0,1.3,0.0,0
2026-03-03T00:00,2026-03-03,0,Tuesday,3,0,11.6,70,10.2,0.0,3.2,0.0,0
2026-03-03T01:00,2026-03-03,1,Tuesday,3,0,11.2,69,9.8,0.0,2.4,0.0,0
2026-03-03T02:00,2026-03-03,2,Tuesday,3,0,11.0,68,9.4,0.0,3.2,0.0,0
2026-03-03T03:00,2026-03-03,3,Tuesday,3,0,10.6,68,8.9,0.0,3.9,0.0,0
2026-03-03T04:00,2026-03-03,4,Tuesday,3,0,10.6,67,8.7,0.0,3.9,0.0,0
2026-03-03T05:00,2026-03-03,5,Tuesday,3,0,10.6,69,9.3,0.0,1.1,0.0,0
2026-03-03T06:00,2026-03-03,6,Tuesday,3,0,10.0,68,8.3,0.0,2.3,0.0,0
2026-03-03T07:00,2026-03-03,7,Tuesday,3,0,10.6,65,9.2,0.0,0.6,6.0,1
2026-03-03T08:00,2026-03-03,8,Tuesday,3,0,14.4,51,12.8,0.0,1.3,114.0,1
2026-03-03T09:00,2026-03-03,9,Tuesday,3,0,20.0,38,18.7,0.0,1.8,304.0,1
2026-03-03T10:00,2026-03-03,10,Tuesday,3,0,24.6,29,23.1,0.0,2.3,490.0,1
2026-03-03T11:00,2026-03-03,11,Tuesday,3,0,27.4,21,25.9,0.0,3.6,637.0,1
2026-03-03T12:00,2026-03-03,12,Tuesday,3,0,29.7,16,27.9,0.0,6.9,727.0,1
2026-03-03T13:00,2026-03-03,13,Tuesday,3,0,30.5,15,28.5,0.0,8.1,749.0,1
2026-03-03T14:00,2026-03-03,14,Tuesday,3,0,30.8,15,28.4,0.0,8.8,702.0,1
2026-03-03T15:00,2026-03-03,15,Tuesday,3,0,30.5,16,27.2,0.0,10.8,591.0,1
2026-03-03T16:00,2026-03-03,16,Tuesday,3,0,29.5,18,26.2,0.0,10.8,428.0,1
2026-03-03T17:00,2026-03-03,17,Tuesday,3,0,28.7,20,25.8,0.0,10.2,234.0,1
2026-03-03T18:00,2026-03-03,18,Tuesday,3,0,25.3,26,22.8,0.0,7.5,60.0,1
2026-03-03T19:00,2026-03-03,19,Tuesday,3,0,21.4,38,19.7,0.0,5.4,0.0,0
2026-03-03T20:00,2026-03-03,20,Tuesday,3,0,18.5,51,17.5,0.0,4.0,0.0,0
2026-03-03T21:00,2026-03-03,21,Tuesday,3,0,16.5,60,15.6,0.0,3.1,0.0,0
2026-03-03T22:00,2026-03-03,22,Tuesday,3,0,15.0,61,13.8,0.0,3.9,0.0,0
2026-03-03T23:00,2026-03-03,23,Tuesday,3,0,14.4,70,13.9,0.0,2.2,0.0,0
2026-03-04T00:00,2026-03-04,0,Wednesday,3,0,13.6,67,12.6,0.0,2.9,0.0,0
2026-03-04T01:00,2026-03-04,1,Wednesday,3,0,13.2,63,11.9,0.0,3.1,0.0,0
2026-03-04T02:00,2026-03-04,2,Wednesday,3,0,12.8,63,11.3,0.0,2.9,0.0,0
2026-03-04T03:00,2026-03-04,3,Wednesday,3,0,12.6,63,11.5,0.0,0.6,0.0,0
2026-03-04T04:00,2026-03-04,4,Wednesday,3,0,11.9,62,10.2,0.0,3.7,0.0,0
2026-03-04T05:00,2026-03-04,5,Wednesday,3,0,13.9,60,12.9,0.0,0.4,0.0,0
2026-03-04T06:00,2026-03-04,6,Wednesday,3,0,13.6,59,12.4,0.0,0.8,0.0,0
2026-03-04T07:00,2026-03-04,7,Wednesday,3,0,13.7,58,12.2,0.0,2.8,7.0,1
2026-03-04T08:00,2026-03-04,8,Wednesday,3,0,17.4,45,15.9,0.0,2.3,113.0,1
2026-03-04T09:00,2026-03-04,9,Wednesday,3,0,21.3,39,20.1,0.0,2.3,291.0,1
2026-03-04T10:00,2026-03-04,10,Wednesday,3,0,24.5,31,23.0,0.0,2.8,453.0,1
2026-03-04T11:00,2026-03-04,11,Wednesday,3,0,27.1,24,25.7,0.0,4.1,612.0,1
2026-03-04T12:00,2026-03-04,12,Wednesday,3,0,28.7,21,26.5,0.0,5.3,470.0,1
2026-03-04T13:00,2026-03-04,13,Wednesday,3,0,30.8,18,29.7,0.0,4.9,724.0,1
2026-03-04T14:00,2026-03-04,14,Wednesday,3,0,31.4,17,30.4,0.0,2.6,680.0,1
2026-03-04T15:00,2026-03-04,15,Wednesday,3,0,31.5,17,29.9,0.0,3.0,576.0,1
2026-03-04T16:00,2026-03-04,16,Wednesday,3,0,31.0,20,29.2,0.0,4.5,403.0,1
2026-03-04T17:00,2026-03-04,17,Wednesday,3,0,29.9,23,28.1,0.0,6.0,221.0,1
2026-03-04T18:00,2026-03-04,18,Wednesday,3,0,26.3,28,24.4,0.0,6.5,58.0,1
2026-03-04T19:00,2026-03-04,19,Wednesday,3,0,24.1,35,23.1,0.0,3.1,0.0,0
2026-03-04T20:00,2026-03-04,20,Wednesday,3,0,22.3,41,21.7,0.0,1.3,0.0,0
2026-03-04T21:00,2026-03-04,21,Wednesday,3,0,19.7,50,19.2,0.0,2.1,0.0,0
2026-03-04T22:00,2026-03-04,22,Wednesday,3,0,17.2,60,16.6,0.0,3.2,0.0,0
2026-03-04T23:00,2026-03-04,23,Wednesday,3,0,17.0,64,16.9,0.0,0.9,0.0,0
2026-03-05T00:00,2026-03-05,0,Thursday,3,0,15.9,66,15.4,0.0,2.3,0.0,0
2026-03-05T01:00,2026-03-05,1,Thursday,3,0,15.1,66,14.5,0.0,2.5,0.0,0
2026-03-05T02:00,2026-03-05,2,Thursday,3,0,14.8,66,14.1,0.0,2.3,0.0,0
2026-03-05T03:00,2026-03-05,3,Thursday,3,0,14.3,66,13.3,0.0,3.3,0.0,0
2026-03-05T04:00,2026-03-05,4,Thursday,3,0,14.1,66,13.3,0.0,2.1,0.0,0
2026-03-05T05:00,2026-03-05,5,Thursday,3,0,14.8,69,14.3,0.0,1.7,0.0,0
2026-03-05T06:00,2026-03-05,6,Thursday,3,0,14.7,68,14.1,0.0,1.9,0.0,0
2026-03-05T07:00,2026-03-05,7,Thursday,3,0,15.3,67,15.0,0.0,0.5,7.0,1
2026-03-05T08:00,2026-03-05,8,Thursday,3,0,18.5,54,18.0,0.0,2.0,118.0,1
2026-03-05T09:00,2026-03-05,9,Thursday,3,0,22.8,44,22.2,0.0,3.2,304.0,1
2026-03-05T10:00,2026-03-05,10,Thursday,3,0,26.1,34,25.2,0.0,4.4,486.0,1
2026-03-05T11:00,2026-03-05,11,Thursday,3,0,28.9,28,28.5,0.0,3.4,625.0,1
2026-03-05T12:00,2026-03-05,12,Thursday,3,0,31.6,23,31.4,0.0,4.6,710.0,1
2026-03-05T13:00,2026-03-05,13,Thursday,3,0,33.0,20,32.5,0.0,7.0,738.0,1
2026-03-05T14:00,2026-03-05,14,Thursday,3,0,33.3,21,32.5,0.0,7.3,697.0,1
2026-03-05T15:00,2026-03-05,15,Thursday,3,0,33.2,21,31.8,0.0,7.1,589.0,1
2026-03-05T16:00,2026-03-05,16,Thursday,3,0,32.5,22,30.9,0.0,7.8,428.0,1
2026-03-05T17:00,2026-03-05,17,Thursday,3,0,30.5,28,29.5,0.0,7.2,237.0,1
2026-03-05T18:00,2026-03-05,18,Thursday,3,0,26.6,36,25.8,0.0,6.1,64.0,1
2026-03-05T19:00,2026-03-05,19,Thursday,3,0,24.6,43,24.4,0.0,3.9,0.0,0
2026-03-05T20:00,2026-03-05,20,Thursday,3,0,21.9,54,22.2,0.0,2.3,0.0,0
2026-03-05T21:00,2026-03-05,21,Thursday,3,0,19.0,65,19.1,0.0,3.9,0.0,0
2026-03-05T22:00,2026-03-05,22,Thursday,3,0,17.6,70,17.7,0.0,4.3,0.0,0
2026-03-05T23:00,2026-03-05,23,Thursday,3,0,17.6,73,18.2,0.0,2.3,0.0,0
2026-03-06T00:00,2026-03-06,0,Friday,3,1,16.7,74,16.8,0.0,3.9,0.0,0
2026-03-06T01:00,2026-03-06,1,Friday,3,1,16.5,70,16.1,0.0,4.5,0.0,0
2026-03-06T02:00,2026-03-06,2,Friday,3,1,16.1,68,15.6,0.0,4.1,0.0,0
2026-03-06T03:00,2026-03-06,3,Friday,3,1,16.0,63,15.1,0.0,4.9,0.0,0
2026-03-06T04:00,2026-03-06,4,Friday,3,1,16.7,58,16.0,0.0,1.8,0.0,0
2026-03-06T05:00,2026-03-06,5,Friday,3,1,17.5,60,17.1,0.0,1.6,0.0,0
2026-03-06T06:00,2026-03-06,6,Friday,3,1,17.5,59,17.1,0.0,2.0,0.0,0
2026-03-06T07:00,2026-03-06,7,Friday,3,1,17.5,61,17.1,0.0,2.4,8.0,1
2026-03-06T08:00,2026-03-06,8,Friday,3,1,19.8,51,18.8,0.0,5.2,116.0,1
2026-03-06T09:00,2026-03-06,9,Friday,3,1,23.5,44,23.4,0.0,1.8,295.0,1
2026-03-06T10:00,2026-03-06,10,Friday,3,1,27.1,32,26.7,0.0,1.4,476.0,1
2026-03-06T11:00,2026-03-06,11,Friday,3,1,30.0,25,29.3,0.0,3.5,617.0,1
2026-03-06T12:00,2026-03-06,12,Friday,3,1,31.2,25,31.1,0.0,4.8,693.0,1
2026-03-06T13:00,2026-03-06,13,Friday,3,1,32.0,24,31.8,0.0,6.7,702.0,1
2026-03-06T14:00,2026-03-06,14,Friday,3,1,32.5,23,31.9,0.0,5.8,629.0,1
2026-03-06T15:00,2026-03-06,15,Friday,3,1,32.8,23,31.6,0.0,6.3,557.0,1
2026-03-06T16:00,2026-03-06,16,Friday,3,1,32.5,23,31.5,0.0,4.6,366.0,1
2026-03-06T17:00,2026-03-06,17,Friday,3,1,31.5,40,33.1,0.0,3.0,182.0,1
2026-03-06T18:00,2026-03-06,18,Friday,3,1,28.6,29,28.0,0.0,2.2,65.0,1
2026-03-06T19:00,2026-03-06,19,Friday,3,1,25.6,35,24.6,0.0,4.7,0.0,0
2026-03-06T20:00,2026-03-06,20,Friday,3,1,24.8,32,22.8,0.0,8.6,0.0,0
2026-03-06T21:00,2026-03-06,21,Friday,3,1,24.5,31,22.3,0.0,9.1,0.0,0
2026-03-06T22:00,2026-03-06,22,Friday,3,1,22.8,36,21.0,0.0,7.0,0.0,0
2026-03-06T23:00,2026-03-06,23,Friday,3,1,22.5,46,21.6,0.0,6.2,0.0,0
2026-03-07T00:00,2026-03-07,0,Saturday,3,1,21.1,53,20.9,0.0,4.2,0.0,0
2026-03-07T01:00,2026-03-07,1,Saturday,3,1,20.5,56,20.0,0.0,5.7,0.0,0
2026-03-07T02:00,2026-03-07,2,Saturday,3,1,20.0,57,19.4,0.0,6.4,0.0,0
2026-03-07T03:00,2026-03-07,3,Saturday,3,1,19.8,52,18.4,0.0,9.1,0.0,0
2026-03-07T04:00,2026-03-07,4,Saturday,3,1,19.3,48,17.6,0.0,8.4,0.0,0
2026-03-07T05:00,2026-03-07,5,Saturday,3,1,19.0,54,17.9,0.0,6.0,0.0,0
2026-03-07T06:00,2026-03-07,6,Saturday,3,1,18.5,55,17.4,0.0,6.0,0.0,0
2026-03-07T07:00,2026-03-07,7,Saturday,3,1,18.0,58,17.1,0.0,5.4,9.0,1
2026-03-07T08:00,2026-03-07,8,Saturday,3,1,20.9,49,19.9,0.0,6.6,112.0,1
2026-03-07T09:00,2026-03-07,9,Saturday,3,1,24.4,42,24.1,0.0,2.9,275.0,1
2026-03-07T10:00,2026-03-07,10,Saturday,3,1,26.6,38,26.9,0.0,1.4,408.0,1
2026-03-07T11:00,2026-03-07,11,Saturday,3,1,27.5,44,28.0,0.0,5.1,445.0,1
2026-03-07T12:00,2026-03-07,12,Saturday,3,1,28.1,43,28.5,0.0,7.3,380.0,1
2026-03-07T13:00,2026-03-07,13,Saturday,3,1,28.8,36,27.9,0.0,11.2,372.0,1
2026-03-07T14:00,2026-03-07,14,Saturday,3,1,29.3,33,27.9,0.0,12.6,403.0,1
2026-03-07T15:00,2026-03-07,15,Saturday,3,1,28.5,37,27.6,0.0,11.6,205.0,1
2026-03-07T16:00,2026-03-07,16,Saturday,3,1,28.5,38,28.2,0.0,8.5,242.0,1
2026-03-07T17:00,2026-03-07,17,Saturday,3,1,28.1,55,31.0,0.0,1.8,208.0,1
2026-03-07T18:00,2026-03-07,18,Saturday,3,1,25.0,53,26.0,0.0,3.9,62.0,1
2026-03-07T19:00,2026-03-07,19,Saturday,3,1,23.1,58,23.8,0.0,4.9,0.0,0
2026-03-07T20:00,2026-03-07,20,Saturday,3,1,21.2,61,21.6,0.0,5.0,0.0,0
2026-03-07T21:00,2026-03-07,21,Saturday,3,1,19.5,65,19.7,0.0,5.0,0.0,0
2026-03-07T22:00,2026-03-07,22,Saturday,3,1,18.5,67,18.4,0.0,5.0,0.0,0
2026-03-07T23:00,2026-03-07,23,Saturday,3,1,18.6,68,19.0,0.0,3.4,0.0,0
2026-03-08T00:00,2026-03-08,0,Sunday,3,1,17.5,72,17.7,0.0,4.0,0.0,0
2026-03-08T01:00,2026-03-08,1,Sunday,3,1,16.8,75,16.9,0.0,3.9,0.0,0
2026-03-08T02:00,2026-03-08,2,Sunday,3,1,16.1,77,16.2,0.0,4.1,0.0,0
2026-03-08T03:00,2026-03-08,3,Sunday,3,1,15.6,79,15.7,0.0,3.1,0.0,0
2026-03-08T04:00,2026-03-08,4,Sunday,3,1,14.9,82,15.2,0.0,2.3,0.0,0
2026-03-08T05:00,2026-03-08,5,Sunday,3,1,16.9,76,17.6,0.0,0.6,0.0,0
2026-03-08T06:00,2026-03-08,6,Sunday,3,1,15.6,77,16.0,0.0,1.5,0.0,0
2026-03-08T07:00,2026-03-08,7,Sunday,3,1,15.6,78,16.0,0.0,0.7,10.0,1
2026-03-08T08:00,2026-03-08,8,Sunday,3,1,18.7,66,19.0,0.0,2.2,130.0,1
2026-03-08T09:00,2026-03-08,9,Sunday,3,1,22.8,49,22.6,0.0,4.9,321.0,1
2026-03-08T10:00,2026-03-08,10,Sunday,3,1,25.9,38,25.0,0.0,6.7,507.0,1
2026-03-08T11:00,2026-03-08,11,Sunday,3,1,29.1,29,28.5,0.0,6.9,650.0,1
2026-03-08T12:00,2026-03-08,12,Sunday,3,1,31.1,24,30.7,0.0,6.4,721.0,1
2026-03-08T13:00,2026-03-08,13,Sunday,3,1,32.6,19,32.1,0.0,5.0,738.0,1
2026-03-08T14:00,2026-03-08,14,Sunday,3,1,32.9,17,31.6,0.0,3.1,623.0,1
2026-03-08T15:00,2026-03-08,15,Sunday,3,1,33.0,16,30.9,0.0,3.8,554.0,1
2026-03-08T16:00,2026-03-08,16,Sunday,3,1,32.5,18,30.9,0.0,2.7,409.0,1
2026-03-08T17:00,2026-03-08,17,Sunday,3,1,30.0,32,29.4,0.0,7.6,239.0,1
2026-03-08T18:00,2026-03-08,18,Sunday,3,1,27.2,39,26.4,0.0,9.9,69.0,1
2026-03-08T19:00,2026-03-08,19,Sunday,3,1,24.8,48,24.5,0.0,8.0,0.0,0
2026-03-08T20:00,2026-03-08,20,Sunday,3,1,21.9,61,22.9,0.0,1.9,0.0,0
2026-03-08T21:00,2026-03-08,21,Sunday,3,1,19.2,71,20.0,0.0,2.8,0.0,0
2026-03-08T22:00,2026-03-08,22,Sunday,3,1,17.2,76,17.7,0.0,3.5,0.0,0
2026-03-08T23:00,2026-03-08,23,Sunday,3,1,17.3,79,18.1,0.0,2.6,0.0,0
2026-03-09T00:00,2026-03-09,0,Monday,3,0,16.4,79,16.8,0.0,2.5,0.0,0
2026-03-09T01:00,2026-03-09,1,Monday,3,0,16.3,74,16.2,0.0,4.1,0.0,0
2026-03-09T02:00,2026-03-09,2,Monday,3,0,15.8,70,15.1,0.0,4.9,0.0,0
2026-03-09T03:00,2026-03-09,3,Monday,3,0,15.6,65,14.7,0.0,4.4,0.0,0
2026-03-09T04:00,2026-03-09,4,Monday,3,0,15.4,63,14.4,0.0,4.2,0.0,0
2026-03-09T05:00,2026-03-09,5,Monday,3,0,17.0,60,16.4,0.0,2.4,0.0,0
2026-03-09T06:00,2026-03-09,6,Monday,3,0,16.9,59,16.2,0.0,2.2,0.0,0
2026-03-09T07:00,2026-03-09,7,Monday,3,0,17.0,56,16.0,0.0,3.3,11.0,1
2026-03-09T08:00,2026-03-09,8,Monday,3,0,19.8,48,18.9,0.0,3.5,93.0,1
2026-03-09T09:00,2026-03-09,9,Monday,3,0,23.2,43,23.1,0.0,1.3,210.0,1
2026-03-09T10:00,2026-03-09,10,Monday,3,0,25.2,38,24.6,0.0,3.9,262.0,1
2026-03-09T11:00,2026-03-09,11,Monday,3,0,28.1,29,26.6,0.0,6.9,404.0,1
2026-03-09T12:00,2026-03-09,12,Monday,3,0,30.3,22,29.2,0.0,6.9,679.0,1
2026-03-09T13:00,2026-03-09,13,Monday,3,0,31.9,20,30.9,0.0,7.7,742.0,1
2026-03-09T14:00,2026-03-09,14,Monday,3,0,31.6,23,30.5,0.0,7.9,654.0,1
2026-03-09T15:00,2026-03-09,15,Monday,3,0,31.0,26,30.0,0.0,5.6,473.0,1
2026-03-09T16:00,2026-03-09,16,Monday,3,0,30.6,28,30.1,0.0,2.9,372.0,1
2026-03-09T17:00,2026-03-09,17,Monday,3,0,29.1,42,30.3,0.0,3.9,180.0,1
2026-03-09T18:00,2026-03-09,18,Monday,3,0,26.1,43,26.2,0.0,4.9,56.0,1
2026-03-09T19:00,2026-03-09,19,Monday,3,0,24.9,45,25.3,0.0,1.9,0.0,0
2026-03-09T20:00,2026-03-09,20,Monday,3,0,23.6,47,23.2,0.0,6.7,0.0,0
2026-03-09T21:00,2026-03-09,21,Monday,3,0,23.0,48,21.9,0.0,11.1,0.0,0
2026-03-09T22:00,2026-03-09,22,Monday,3,0,21.5,50,18.9,0.0,19.0,0.0,0
2026-03-09T23:00,2026-03-09,23,Monday,3,0,20.1,66,19.3,0.0,13.4,0.0,0
2026-03-10T00:00,2026-03-10,0,Tuesday,3,0,19.8,69,20.0,0.0,6.5,0.0,0
2026-03-10T01:00,2026-03-10,1,Tuesday,3,0,19.1,73,19.2,0.0,8.7,0.0,0
2026-03-10T02:00,2026-03-10,2,Tuesday,3,0,19.8,62,18.5,0.0,13.6,0.0,0
2026-03-10T03:00,2026-03-10,3,Tuesday,3,0,20.0,56,18.6,0.0,12.3,0.0,0
2026-03-10T04:00,2026-03-10,4,Tuesday,3,0,19.2,58,19.2,0.0,1.5,0.0,0
2026-03-10T05:00,2026-03-10,5,Tuesday,3,0,19.0,61,18.0,0.0,9.8,0.0,0
2026-03-10T06:00,2026-03-10,6,Tuesday,3,0,18.1,65,17.8,0.0,4.8,0.0,0
2026-03-10T07:00,2026-03-10,7,Tuesday,3,0,18.3,76,18.7,0.0,5.9,7.0,1
2026-03-10T08:00,2026-03-10,8,Tuesday,3,0,19.9,68,20.2,0.0,6.4,65.0,1
2026-03-10T09:00,2026-03-10,9,Tuesday,3,0,20.0,70,20.7,0.0,5.2,91.0,1
2026-03-10T10:00,2026-03-10,10,Tuesday,3,0,22.5,57,23.3,0.0,2.1,320.0,1
2026-03-10T11:00,2026-03-10,11,Tuesday,3,0,24.8,44,24.4,0.0,6.7,485.0,1
2026-03-10T12:00,2026-03-10,12,Tuesday,3,0,27.6,36,26.8,0.0,10.6,596.0,1
2026-03-10T13:00,2026-03-10,13,Tuesday,3,0,26.1,42,25.5,0.2,9.0,399.0,1
2026-03-10T14:00,2026-03-10,14,Tuesday,3,0,27.5,38,27.0,0.0,6.6,339.0,1
2026-03-10T15:00,2026-03-10,15,Tuesday,3,0,27.2,40,26.2,0.0,11.6,419.0,1
2026-03-10T16:00,2026-03-10,16,Tuesday,3,0,24.1,45,21.8,0.0,18.8,234.0,1
2026-03-10T17:00,2026-03-10,17,Tuesday,3,0,23.5,58,22.0,0.0,21.1,117.0,1
2026-03-10T18:00,2026-03-10,18,Tuesday,3,0,21.9,60,22.7,0.0,2.8,63.0,1
2026-03-10T19:00,2026-03-10,19,Tuesday,3,0,19.9,71,18.2,1.6,20.9,0.0,0
2026-03-10T20:00,2026-03-10,20,Tuesday,3,0,19.1,71,18.5,3.6,12.7,0.0,0
2026-03-10T21:00,2026-03-10,21,Tuesday,3,0,17.9,80,16.7,3.6,18.1,0.0,0
2026-03-10T22:00,2026-03-10,22,Tuesday,3,0,17.8,73,17.2,0.0,10.4,0.0,0
2026-03-10T23:00,2026-03-10,23,Tuesday,3,0,17.4,87,18.3,0.8,6.0,0.0,0
2026-03-11T00:00,2026-03-11,0,Wednesday,3,0,17.6,81,18.8,1.9,2.4,0.0,0
2026-03-11T01:00,2026-03-11,1,Wednesday,3,0,17.2,80,17.9,4.4,3.7,0.0,0
2026-03-11T02:00,2026-03-11,2,Wednesday,3,0,17.0,80,17.8,1.9,2.2,0.0,0
2026-03-11T03:00,2026-03-11,3,Wednesday,3,0,16.5,92,17.3,6.5,6.6,0.0,0
2026-03-11T04:00,2026-03-11,4,Wednesday,3,0,16.8,85,16.4,0.2,12.1,0.0,0
2026-03-11T05:00,2026-03-11,5,Wednesday,3,0,16.9,83,16.9,0.8,8.5,0.0,0
2026-03-11T06:00,2026-03-11,6,Wednesday,3,0,18.0,72,16.6,0.0,16.3,0.0,0
2026-03-11T07:00,2026-03-11,7,Wednesday,3,0,17.9,76,18.5,0.4,3.8,4.0,1
2026-03-11T08:00,2026-03-11,8,Wednesday,3,0,19.4,65,19.0,0.0,8.4,81.0,1
2026-03-11T09:00,2026-03-11,9,Wednesday,3,0,21.0,61,20.7,0.0,9.4,205.0,1
2026-03-11T10:00,2026-03-11,10,Wednesday,3,0,23.0,51,22.3,0.5,10.2,401.0,1
2026-03-11T11:00,2026-03-11,11,Wednesday,3,0,25.3,45,24.6,3.0,9.8,452.0,1
2026-03-11T12:00,2026-03-11,12,Wednesday,3,0,23.7,58,24.4,2.0,10.9,661.0,1
2026-03-11T13:00,2026-03-11,13,Wednesday,3,0,20.5,75,21.3,8.1,8.8,563.0,1
2026-03-11T14:00,2026-03-11,14,Wednesday,3,0,21.6,65,21.4,2.4,12.5,499.0,1
2026-03-11T15:00,2026-03-11,15,Wednesday,3,0,24.1,52,24.1,0.0,8.6,543.0,1
2026-03-11T16:00,2026-03-11,16,Wednesday,3,0,24.5,50,25.0,0.0,4.4,280.0,1
2026-03-11T17:00,2026-03-11,17,Wednesday,3,0,23.4,49,22.8,0.0,8.5,200.0,1
2026-03-11T18:00,2026-03-11,18,Wednesday,3,0,22.0,49,20.8,0.0,9.4,43.0,1
2026-03-11T19:00,2026-03-11,19,Wednesday,3,0,20.9,50,19.6,0.0,8.7,1.0,0
2026-03-11T20:00,2026-03-11,20,Wednesday,3,0,19.5,53,18.5,0.0,6.3,0.0,0
2026-03-11T21:00,2026-03-11,21,Wednesday,3,0,18.2,59,17.3,0.0,6.1,0.0,0
2026-03-11T22:00,2026-03-11,22,Wednesday,3,0,17.2,63,16.5,0.0,5.6,0.0,0
2026-03-11T23:00,2026-03-11,23,Wednesday,3,0,17.6,65,17.4,0.0,4.2,0.0,0
2026-03-12T00:00,2026-03-12,0,Thursday,3,0,17.9,63,17.4,0.0,5.2,0.0,0
2026-03-12T01:00,2026-03-12,1,Thursday,3,0,17.5,69,17.6,0.0,2.9,0.0,0
2026-03-12T02:00,2026-03-12,2,Thursday,3,0,17.5,72,18.0,0.0,1.4,0.0,0
2026-03-12T03:00,2026-03-12,3,Thursday,3,0,16.9,72,16.9,0.0,3.7,0.0,0
2026-03-12T04:00,2026-03-12,4,Thursday,3,0,15.4,92,16.3,1.8,2.5,0.0,0
2026-03-12T05:00,2026-03-12,5,Thursday,3,0,16.0,88,16.8,0.1,3.6,0.0,0
2026-03-12T06:00,2026-03-12,6,Thursday,3,0,15.9,90,16.4,0.1,6.0,0.0,0
2026-03-12T07:00,2026-03-12,7,Thursday,3,0,15.6,89,16.6,0.0,1.8,12.0,1
2026-03-12T08:00,2026-03-12,8,Thursday,3,0,17.2,86,18.6,0.0,2.0,130.0,1
2026-03-12T09:00,2026-03-12,9,Thursday,3,0,19.1,75,20.5,0.0,1.5,329.0,1
2026-03-12T10:00,2026-03-12,10,Thursday,3,0,21.6,63,22.7,0.0,1.8,517.0,1
2026-03-12T11:00,2026-03-12,11,Thursday,3,0,22.4,57,22.8,0.0,8.7,645.0,1
2026-03-12T12:00,2026-03-12,12,Thursday,3,0,22.9,57,23.9,0.0,6.2,657.0,1
2026-03-12T13:00,2026-03-12,13,Thursday,3,0,23.5,56,25.0,0.0,5.0,684.0,1
2026-03-12T14:00,2026-03-12,14,Thursday,3,0,24.0,52,25.4,0.0,1.2,622.0,1
2026-03-12T15:00,2026-03-12,15,Thursday,3,0,24.1,50,24.6,0.0,3.5,537.0,1
2026-03-12T16:00,2026-03-12,16,Thursday,3,0,23.7,49,23.7,0.0,4.6,381.0,1
2026-03-12T17:00,2026-03-12,17,Thursday,3,0,23.2,65,25.0,0.0,2.9,217.0,1
2026-03-12T18:00,2026-03-12,18,Thursday,3,0,21.9,54,21.3,0.0,8.6,66.0,1
2026-03-12T19:00,2026-03-12,19,Thursday,3,0,19.1,55,17.1,0.0,14.2,1.0,0
2026-03-12T20:00,2026-03-12,20,Thursday,3,0,17.2,61,15.8,0.0,9.1,0.0,0
2026-03-12T21:00,2026-03-12,21,Thursday,3,0,15.7,67,14.6,0.0,6.8,0.0,0
2026-03-12T22:00,2026-03-12,22,Thursday,3,0,14.7,68,13.5,0.0,5.9,0.0,0
2026-03-12T23:00,2026-03-12,23,Thursday,3,0,14.4,89,14.8,0.0,3.3,0.0,0
2026-03-13T00:00,2026-03-13,0,Friday,3,1,14.6,89,15.2,0.0,2.0,0.0,0
2026-03-13T01:00,2026-03-13,1,Friday,3,1,14.4,88,14.8,0.0,2.0,0.0,0
2026-03-13T02:00,2026-03-13,2,Friday,3,1,13.6,89,13.6,0.0,3.2,0.0,0
2026-03-13T03:00,2026-03-13,3,Friday,3,1,12.9,88,12.7,0.0,3.9,0.0,0
2026-03-13T04:00,2026-03-13,4,Friday,3,1,12.8,86,12.6,0.0,1.9,0.0,0
2026-03-13T05:00,2026-03-13,5,Friday,3,1,12.2,94,12.5,0.0,1.3,0.0,0
2026-03-13T06:00,2026-03-13,6,Friday,3,1,11.9,91,11.7,0.0,2.7,0.0,0
2026-03-13T07:00,2026-03-13,7,Friday,3,1,12.5,90,12.5,0.0,2.1,17.0,1
2026-03-13T08:00,2026-03-13,8,Friday,3,1,15.8,82,16.4,0.0,1.6,152.0,1
2026-03-13T09:00,2026-03-13,9,Friday,3,1,19.9,68,20.8,0.0,2.2,352.0,1
2026-03-13T10:00,2026-03-13,10,Friday,3,1,22.7,56,23.3,0.0,3.1,540.0,1
2026-03-13T11:00,2026-03-13,11,Friday,3,1,24.4,44,25.0,0.0,4.7,686.0,1
2026-03-13T12:00,2026-03-13,12,Friday,3,1,25.5,38,26.4,0.0,4.5,774.0,1
2026-03-13T13:00,2026-03-13,13,Friday,3,1,26.0,34,26.4,0.0,5.4,771.0,1
2026-03-13T14:00,2026-03-13,14,Friday,3,1,25.9,33,25.1,0.0,5.8,634.0,1
2026-03-13T15:00,2026-03-13,15,Friday,3,1,25.7,33,24.3,0.0,7.3,579.0,1
2026-03-13T16:00,2026-03-13,16,Friday,3,1,25.1,36,23.7,0.0,7.9,467.0,1
2026-03-13T17:00,2026-03-13,17,Friday,3,1,23.4,47,22.7,0.0,8.1,269.0,1
2026-03-13T18:00,2026-03-13,18,Friday,3,1,20.2,56,19.7,0.0,6.7,82.0,1
2026-03-13T19:00,2026-03-13,19,Friday,3,1,17.2,69,16.9,0.0,5.2,1.0,0
2026-03-13T20:00,2026-03-13,20,Friday,3,1,15.4,78,15.6,0.0,1.9,0.0,0
2026-03-13T21:00,2026-03-13,21,Friday,3,1,13.5,87,13.5,0.0,2.7,0.0,0
2026-03-13T22:00,2026-03-13,22,Friday,3,1,12.4,92,12.3,0.0,3.5,0.0,0
2026-03-13T23:00,2026-03-13,23,Friday,3,1,12.4,95,12.6,0.0,2.7,0.0,0
2026-03-14T00:00,2026-03-14,0,Saturday,3,1,12.6,92,12.6,0.0,3.1,0.0,0
2026-03-14T01:00,2026-03-14,1,Saturday,3,1,12.4,88,12.3,0.0,1.5,0.0,0
2026-03-14T02:00,2026-03-14,2,Saturday,3,1,11.9,87,11.8,0.0,0.6,0.0,0
2026-03-14T03:00,2026-03-14,3,Saturday,3,1,11.4,87,11.0,0.0,1.2,0.0,0
2026-03-14T04:00,2026-03-14,4,Saturday,3,1,10.9,86,10.2,0.0,2.0,0.0,0
2026-03-14T05:00,2026-03-14,5,Saturday,3,1,11.7,89,11.6,0.0,0.6,0.0,0
2026-03-14T06:00,2026-03-14,6,Saturday,3,1,11.6,85,11.1,0.0,2.2,0.0,0
2026-03-14T07:00,2026-03-14,7,Saturday,3,1,12.5,80,12.1,0.0,1.3,16.0,1
2026-03-14T08:00,2026-03-14,8,Saturday,3,1,15.5,73,15.4,0.0,1.8,138.0,1
2026-03-14T09:00,2026-03-14,9,Saturday,3,1,19.6,64,20.0,0.0,2.9,341.0,1
2026-03-14T10:00,2026-03-14,10,Saturday,3,1,22.7,54,23.1,0.0,3.8,532.0,1
2026-03-14T11:00,2026-03-14,11,Saturday,3,1,25.0,42,25.3,0.0,4.4,646.0,1
2026-03-14T12:00,2026-03-14,12,Saturday,3,1,26.6,33,26.2,0.0,6.8,703.0,1
2026-03-14T13:00,2026-03-14,13,Saturday,3,1,27.5,27,26.9,0.0,6.9,754.0,1
2026-03-14T14:00,2026-03-14,14,Saturday,3,1,27.8,26,27.0,0.0,5.8,708.0,1
2026-03-14T15:00,2026-03-14,15,Saturday,3,1,27.8,27,26.9,0.0,4.0,631.0,1
2026-03-14T16:00,2026-03-14,16,Saturday,3,1,27.1,31,26.1,0.0,4.7,469.0,1
2026-03-14T17:00,2026-03-14,17,Saturday,3,1,24.7,53,25.5,0.0,4.8,271.0,1
2026-03-14T18:00,2026-03-14,18,Saturday,3,1,21.4,53,21.1,0.0,4.9,83.0,1
2026-03-14T19:00,2026-03-14,19,Saturday,3,1,19.3,61,19.5,0.0,2.4,1.0,0
2026-03-14T20:00,2026-03-14,20,Saturday,3,1,18.2,66,18.4,0.0,2.7,0.0,0
2026-03-14T21:00,2026-03-14,21,Saturday,3,1,17.1,67,16.6,0.0,5.4,0.0,0
2026-03-14T22:00,2026-03-14,22,Saturday,3,1,16.7,64,15.9,0.0,5.2,0.0,0
2026-03-14T23:00,2026-03-14,23,Saturday,3,1,16.2,65,15.5,0.0,4.3,0.0,0
2026-03-15T00:00,2026-03-15,0,Sunday,3,1,16.2,66,15.7,0.0,3.1,0.0,0
2026-03-15T01:00,2026-03-15,1,Sunday,3,1,17.1,53,15.4,0.0,7.5,0.0,0
2026-03-15T02:00,2026-03-15,2,Sunday,3,1,17.1,50,16.0,0.0,2.0,0.0,0
2026-03-15T03:00,2026-03-15,3,Sunday,3,1,16.5,54,15.4,0.0,2.6,0.0,0
2026-03-15T04:00,2026-03-15,4,Sunday,3,1,15.9,62,14.9,0.1,4.3,0.0,0
2026-03-15T05:00,2026-03-15,5,Sunday,3,1,16.0,63,15.1,0.0,4.4,0.0,0
2026-03-15T06:00,2026-03-15,6,Sunday,3,1,16.2,67,15.2,0.0,7.3,0.0,0
2026-03-15T07:00,2026-03-15,7,Sunday,3,1,15.6,69,14.8,0.0,5.2,6.0,1
2026-03-15T08:00,2026-03-15,8,Sunday,3,1,15.9,71,14.9,0.2,8.0,29.0,1
2026-03-15T09:00,2026-03-15,9,Sunday,3,1,15.9,81,16.2,0.8,3.5,71.0,1
2026-03-15T10:00,2026-03-15,10,Sunday,3,1,18.1,74,18.6,0.2,4.4,309.0,1
2026-03-15T11:00,2026-03-15,11,Sunday,3,1,19.6,62,19.4,0.2,5.4,359.0,1
2026-03-15T12:00,2026-03-15,12,Sunday,3,1,20.2,56,19.5,0.1,7.4,522.0,1
2026-03-15T13:00,2026-03-15,13,Sunday,3,1,17.9,70,16.9,1.2,11.4,390.0,1
2026-03-15T14:00,2026-03-15,14,Sunday,3,1,17.0,72,15.5,0.5,13.8,291.0,1
2026-03-15T15:00,2026-03-15,15,Sunday,3,1,14.9,80,14.3,3.5,7.1,253.0,1
2026-03-15T16:00,2026-03-15,16,Sunday,3,1,16.0,73,15.5,0.5,6.0,182.0,1
2026-03-15T17:00,2026-03-15,17,Sunday,3,1,16.0,81,15.9,4.2,6.5,167.0,1
2026-03-15T18:00,2026-03-15,18,Sunday,3,1,14.6,85,13.9,0.1,9.7,30.0,1
2026-03-15T19:00,2026-03-15,19,Sunday,3,1,14.1,82,12.9,0.0,11.4,1.0,0
2026-03-15T20:00,2026-03-15,20,Sunday,3,1,14.2,77,13.5,0.0,5.6,0.0,0
2026-03-15T21:00,2026-03-15,21,Sunday,3,1,14.1,76,13.1,0.0,7.1,0.0,0
2026-03-15T22:00,2026-03-15,22,Sunday,3,1,13.3,80,12.6,0.0,4.6,0.0,0
2026-03-15T23:00,2026-03-15,23,Sunday,3,1,13.6,80,13.2,0.0,2.9,0.0,0
2026-03-16T00:00,2026-03-16,0,Monday,3,0,12.5,82,11.9,0.1,2.9,0.0,0
2026-03-16T01:00,2026-03-16,1,Monday,3,0,12.8,81,11.7,0.0,6.3,0.0,0
2026-03-16T02:00,2026-03-16,2,Monday,3,0,12.0,82,11.0,0.0,4.8,0.0,0
2026-03-16T03:00,2026-03-16,3,Monday,3,0,11.8,86,10.4,0.1,8.0,0.0,0
2026-03-16T04:00,2026-03-16,4,Monday,3,0,11.5,93,10.8,1.3,5.7,0.0,0
2026-03-16T05:00,2026-03-16,5,Monday,3,0,11.5,90,10.5,0.2,6.8,0.0,0
2026-03-16T06:00,2026-03-16,6,Monday,3,0,10.1,90,9.1,0.0,5.0,0.0,0
2026-03-16T07:00,2026-03-16,7,Monday,3,0,11.2,87,11.0,0.0,0.3,20.0,1
2026-03-16T08:00,2026-03-16,8,Monday,3,0,12.7,84,12.5,0.0,1.7,152.0,1
2026-03-16T09:00,2026-03-16,9,Monday,3,0,14.6,72,13.9,0.0,4.7,327.0,1
2026-03-16T10:00,2026-03-16,10,Monday,3,0,16.8,63,16.3,0.0,2.7,527.0,1
2026-03-16T11:00,2026-03-16,11,Monday,3,0,17.3,61,17.6,0.0,2.6,653.0,1
2026-03-16T12:00,2026-03-16,12,Monday,3,0,18.4,55,18.4,0.2,6.3,749.0,1
2026-03-16T13:00,2026-03-16,13,Monday,3,0,19.1,50,18.8,0.0,7.0,729.0,1
2026-03-16T14:00,2026-03-16,14,Monday,3,0,19.6,46,19.1,0.0,5.3,675.0,1
2026-03-16T15:00,2026-03-16,15,Monday,3,0,19.9,44,19.1,0.0,2.6,599.0,1
2026-03-16T16:00,2026-03-16,16,Monday,3,0,19.8,43,18.8,0.0,1.9,461.0,1
2026-03-16T17:00,2026-03-16,17,Monday,3,0,19.5,47,18.7,0.0,1.5,272.0,1
2026-03-16T18:00,2026-03-16,18,Monday,3,0,17.2,59,16.9,0.0,1.0,84.0,1
2026-03-16T19:00,2026-03-16,19,Monday,3,0,16.3,59,15.7,0.0,0.6,2.0,0
2026-03-16T20:00,2026-03-16,20,Monday,3,0,14.4,65,13.2,0.0,4.1,0.0,0
2026-03-16T21:00,2026-03-16,21,Monday,3,0,12.5,73,11.1,0.0,5.9,0.0,0
2026-03-16T22:00,2026-03-16,22,Monday,3,0,11.0,81,9.6,0.0,5.6,0.0,0
2026-03-16T23:00,2026-03-16,23,Monday,3,0,11.4,83,10.5,0.0,3.4,0.0,0
2026-03-17T00:00,2026-03-17,0,Tuesday,3,0,11.2,85,10.4,0.0,3.1,0.0,0
2026-03-17T01:00,2026-03-17,1,Tuesday,3,0,10.6,88,9.8,0.0,3.6,0.0,0
2026-03-17T02:00,2026-03-17,2,Tuesday,3,0,10.2,88,9.2,0.0,4.1,0.0,0
2026-03-17T03:00,2026-03-17,3,Tuesday,3,0,9.7,88,8.4,0.0,4.8,0.0,0
2026-03-17T04:00,2026-03-17,4,Tuesday,3,0,9.7,86,8.4,0.0,4.3,0.0,0
2026-03-17T05:00,2026-03-17,5,Tuesday,3,0,10.5,86,9.6,0.0,3.0,0.0,0
2026-03-17T06:00,2026-03-17,6,Tuesday,3,0,10.2,86,9.3,0.0,3.2,0.0,0
2026-03-17T07:00,2026-03-17,7,Tuesday,3,0,10.9,84,10.2,0.0,2.4,18.0,1
2026-03-17T08:00,2026-03-17,8,Tuesday,3,0,13.9,78,13.5,0.0,2.4,126.0,1
2026-03-17T09:00,2026-03-17,9,Tuesday,3,0,16.5,68,16.4,0.0,2.0,218.0,1
2026-03-17T10:00,2026-03-17,10,Tuesday,3,0,19.3,51,18.5,0.0,3.6,422.0,1
2026-03-17T11:00,2026-03-17,11,Tuesday,3,0,19.2,53,19.3,0.0,4.4,691.0,1
2026-03-17T12:00,2026-03-17,12,Tuesday,3,0,21.9,39,21.7,0.0,5.3,764.0,1
2026-03-17T13:00,2026-03-17,13,Tuesday,3,0,22.8,34,22.1,0.0,6.4,755.0,1
2026-03-17T14:00,2026-03-17,14,Tuesday,3,0,22.6,36,21.0,0.0,7.4,587.0,1
2026-03-17T15:00,2026-03-17,15,Tuesday,3,0,22.9,37,21.4,0.0,5.7,506.0,1
2026-03-17T16:00,2026-03-17,16,Tuesday,3,0,22.8,39,21.5,0.0,5.8,468.0,1
2026-03-17T17:00,2026-03-17,17,Tuesday,3,0,21.0,48,19.5,0.0,9.5,264.0,1
2026-03-17T18:00,2026-03-17,18,Tuesday,3,0,19.0,56,18.2,0.0,5.3,62.0,1
2026-03-17T19:00,2026-03-17,19,Tuesday,3,0,17.6,62,17.5,0.0,1.8,1.0,0
2026-03-17T20:00,2026-03-17,20,Tuesday,3,0,16.6,69,16.4,0.0,3.9,0.0,0
2026-03-17T21:00,2026-03-17,21,Tuesday,3,0,15.9,76,15.9,0.0,3.5,0.0,0
2026-03-17T22:00,2026-03-17,22,Tuesday,3,0,15.4,78,15.6,0.0,1.6,0.0,0
2026-03-17T23:00,2026-03-17,23,Tuesday,3,0,16.0,78,16.1,0.0,4.0,0.0,0
2026-03-18T00:00,2026-03-18,0,Wednesday,3,0,16.4,78,17.0,0.0,1.0,0.0,0
2026-03-18T01:00,2026-03-18,1,Wednesday,3,0,16.0,79,16.6,0.0,0.8,0.0,0
2026-03-18T02:00,2026-03-18,2,Wednesday,3,0,15.3,83,15.5,0.0,3.7,0.0,0
2026-03-18T03:00,2026-03-18,3,Wednesday,3,0,14.6,81,14.3,0.0,5.0,0.0,0
2026-03-18T04:00,2026-03-18,4,Wednesday,3,0,14.2,78,13.8,0.1,4.2,0.0,0
2026-03-18T05:00,2026-03-18,5,Wednesday,3,0,14.6,75,13.9,0.0,5.6,0.0,0
2026-03-18T06:00,2026-03-18,6,Wednesday,3,0,15.4,66,13.9,0.0,8.0,0.0,0
2026-03-18T07:00,2026-03-18,7,Wednesday,3,0,15.6,67,14.8,0.0,4.9,6.0,1
2026-03-18T08:00,2026-03-18,8,Wednesday,3,0,15.8,71,14.9,0.2,7.5,32.0,1
2026-03-18T09:00,2026-03-18,9,Wednesday,3,0,15.6,83,15.3,0.1,8.3,112.0,1
2026-03-18T10:00,2026-03-18,10,Wednesday,3,0,15.4,89,16.3,0.7,1.8,88.0,1
2026-03-18T11:00,2026-03-18,11,Wednesday,3,0,14.6,92,15.3,1.2,2.9,104.0,1
2026-03-18T12:00,2026-03-18,12,Wednesday,3,0,14.9,88,14.5,2.9,8.9,74.0,1
2026-03-18T13:00,2026-03-18,13,Wednesday,3,0,16.2,78,16.0,0.9,7.3,219.0,1
2026-03-18T14:00,2026-03-18,14,Wednesday,3,0,17.2,62,16.6,0.1,4.6,282.0,1
2026-03-18T15:00,2026-03-18,15,Wednesday,3,0,17.6,60,17.1,0.0,2.5,353.0,1
2026-03-18T16:00,2026-03-18,16,Wednesday,3,0,17.3,63,16.9,0.0,3.6,254.0,1
2026-03-18T17:00,2026-03-18,17,Wednesday,3,0,15.7,77,15.0,0.0,8.3,98.0,1
2026-03-18T18:00,2026-03-18,18,Wednesday,3,0,14.7,87,14.5,0.5,7.1,12.0,1
2026-03-18T19:00,2026-03-18,19,Wednesday,3,0,14.6,90,14.7,0.1,5.8,0.0,0
2026-03-18T20:00,2026-03-18,20,Wednesday,3,0,14.4,90,14.9,0.0,3.3,0.0,0
2026-03-18T21:00,2026-03-18,21,Wednesday,3,0,13.6,90,13.9,0.4,2.3,0.0,0
2026-03-18T22:00,2026-03-18,22,Wednesday,3,0,13.6,88,13.7,0.0,2.8,0.0,0
2026-03-18T23:00,2026-03-18,23,Wednesday,3,0,14.7,86,15.0,0.0,2.9,0.0,0
2026-03-19T00:00,2026-03-19,0,Thursday,3,0,14.4,89,14.8,0.7,3.2,0.0,0
2026-03-19T01:00,2026-03-19,1,Thursday,3,0,14.6,86,15.0,0.7,2.2,0.0,0
2026-03-19T02:00,2026-03-19,2,Thursday,3,0,14.5,86,14.8,1.0,2.5,0.0,0
2026-03-19T03:00,2026-03-19,3,Thursday,3,0,14.3,86,14.5,1.5,2.7,0.0,0
2026-03-19T04:00,2026-03-19,4,Thursday,3,0,14.0,89,14.1,0.8,3.8,0.0,0
2026-03-19T05:00,2026-03-19,5,Thursday,3,0,13.9,84,13.3,0.2,6.9,0.0,0
2026-03-19T06:00,2026-03-19,6,Thursday,3,0,14.1,84,13.8,0.0,4.7,0.0,0
2026-03-19T07:00,2026-03-19,7,Thursday,3,0,14.1,85,14.1,0.0,3.7,7.0,1
2026-03-19T08:00,2026-03-19,8,Thursday,3,0,14.6,82,14.5,0.2,4.8,31.0,1
2026-03-19T09:00,2026-03-19,9,Thursday,3,0,16.3,77,16.2,0.0,5.7,146.0,1
2026-03-19T10:00,2026-03-19,10,Thursday,3,0,19.0,59,18.1,0.0,7.5,372.0,1
2026-03-19T11:00,2026-03-19,11,Thursday,3,0,19.5,55,18.4,0.0,8.3,534.0,1
2026-03-19T12:00,2026-03-19,12,Thursday,3,0,19.2,58,18.5,0.2,6.9,381.0,1
2026-03-19T13:00,2026-03-19,13,Thursday,3,0,19.1,59,18.5,0.0,6.6,392.0,1
2026-03-19T14:00,2026-03-19,14,Thursday,3,0,17.9,68,17.8,0.3,4.4,315.0,1
2026-03-19T15:00,2026-03-19,15,Thursday,3,0,19.0,63,19.0,0.1,3.5,506.0,1
2026-03-19T16:00,2026-03-19,16,Thursday,3,0,19.1,60,19.0,0.0,4.0,383.0,1
2026-03-19T17:00,2026-03-19,17,Thursday,3,0,16.3,84,16.2,0.0,8.5,201.0,1
2026-03-19T18:00,2026-03-19,18,Thursday,3,0,15.9,86,16.0,0.6,7.4,54.0,1
2026-03-19T19:00,2026-03-19,19,Thursday,3,0,14.5,92,14.9,0.0,4.3,2.0,0
2026-03-19T20:00,2026-03-19,20,Thursday,3,0,14.4,91,14.7,0.0,4.8,0.0,0
2026-03-19T21:00,2026-03-19,21,Thursday,3,0,14.1,87,14.6,0.0,1.4,0.0,0
2026-03-19T22:00,2026-03-19,22,Thursday,3,0,13.8,89,14.0,0.0,2.5,0.0,0
2026-03-19T23:00,2026-03-19,23,Thursday,3,0,14.4,87,14.9,0.0,1.6,0.0,0
2026-03-20T00:00,2026-03-20,0,Friday,3,1,14.4,86,14.9,0.2,0.7,0.0,0
2026-03-20T01:00,2026-03-20,1,Friday,3,1,14.2,87,14.7,0.4,0.8,0.0,0
2026-03-20T02:00,2026-03-20,2,Friday,3,1,13.1,94,12.9,2.5,6.1,0.0,0
2026-03-20T03:00,2026-03-20,3,Friday,3,1,13.0,94,13.1,8.1,3.6,0.0,0
2026-03-20T04:00,2026-03-20,4,Friday,3,1,12.4,96,12.5,1.6,2.6,0.0,0
2026-03-20T05:00,2026-03-20,5,Friday,3,1,12.4,95,12.8,0.0,0.4,0.0,0
2026-03-20T06:00,2026-03-20,6,Friday,3,1,12.8,94,13.3,0.0,0.5,0.0,0
2026-03-20T07:00,2026-03-20,7,Friday,3,1,12.8,95,13.0,0.0,2.4,22.0,1
2026-03-20T08:00,2026-03-20,8,Friday,3,1,14.6,89,15.1,0.0,2.0,161.0,1
2026-03-20T09:00,2026-03-20,9,Friday,3,1,16.5,78,17.1,0.0,1.8,370.0,1
2026-03-20T10:00,2026-03-20,10,Friday,3,1,18.6,64,18.8,0.0,1.7,548.0,1
2026-03-20T11:00,2026-03-20,11,Friday,3,1,19.4,58,19.9,0.0,3.5,667.0,1
2026-03-20T12:00,2026-03-20,12,Friday,3,1,20.4,56,21.4,0.0,3.6,710.0,1
2026-03-20T13:00,2026-03-20,13,Friday,3,1,21.2,55,21.8,0.1,6.6,727.0,1
2026-03-20T14:00,2026-03-20,14,Friday,3,1,18.0,68,17.3,2.2,9.4,462.0,1
2026-03-20T15:00,2026-03-20,15,Friday,3,1,19.3,61,19.0,0.0,5.1,416.0,1
2026-03-20T16:00,2026-03-20,16,Friday,3,1,17.1,69,17.3,1.0,1.5,263.0,1
2026-03-20T17:00,2026-03-20,17,Friday,3,1,18.5,65,18.1,0.0,6.6,244.0,1
2026-03-20T18:00,2026-03-20,18,Friday,3,1,17.2,74,18.0,0.0,0.8,69.0,1
2026-03-20T19:00,2026-03-20,19,Friday,3,1,15.4,79,15.4,0.0,4.3,2.0,0
2026-03-20T20:00,2026-03-20,20,Friday,3,1,14.8,79,14.3,0.0,6.1,0.0,0
2026-03-20T21:00,2026-03-20,21,Friday,3,1,13.1,86,12.8,0.0,3.6,0.0,0
2026-03-20T22:00,2026-03-20,22,Friday,3,1,12.4,88,12.2,0.0,1.8,0.0,0
2026-03-20T23:00,2026-03-20,23,Friday,3,1,12.7,86,12.5,0.0,2.7,0.0,0
2026-03-21T00:00,2026-03-21,0,Saturday,3,1,11.7,91,11.2,0.0,3.7,0.0,0
2026-03-21T01:00,2026-03-21,1,Saturday,3,1,11.1,93,10.4,0.0,4.2,0.0,0
2026-03-21T02:00,2026-03-21,2,Saturday,3,1,10.4,93,9.8,0.0,3.1,0.0,0
2026-03-21T03:00,2026-03-21,3,Saturday,3,1,9.9,94,9.1,0.0,4.4,0.0,0
2026-03-21T04:00,2026-03-21,4,Saturday,3,1,9.8,93,9.4,0.0,0.6,0.0,0
2026-03-21T05:00,2026-03-21,5,Saturday,3,1,10.9,88,10.5,0.0,1.7,0.0,0
2026-03-21T06:00,2026-03-21,6,Saturday,3,1,9.7,93,8.9,0.0,2.9,0.0,0
2026-03-21T07:00,2026-03-21,7,Saturday,3,1,11.1,91,10.6,0.0,2.8,28.0,1
2026-03-21T08:00,2026-03-21,8,Saturday,3,1,13.8,83,13.6,0.0,3.2,177.0,1
2026-03-21T09:00,2026-03-21,9,Saturday,3,1,16.1,72,15.9,0.0,4.0,350.0,1
2026-03-21T10:00,2026-03-21,10,Saturday,3,1,18.8,62,18.8,0.0,3.1,550.0,1
2026-03-21T11:00,2026-03-21,11,Saturday,3,1,20.0,57,20.5,0.0,4.7,654.0,1
2026-03-21T12:00,2026-03-21,12,Saturday,3,1,21.5,52,22.0,0.0,5.8,717.0,1
2026-03-21T13:00,2026-03-21,13,Saturday,3,1,22.4,49,23.2,0.0,6.7,796.0,1
2026-03-21T14:00,2026-03-21,14,Saturday,3,1,22.8,48,23.5,0.0,5.7,737.0,1
2026-03-21T15:00,2026-03-21,15,Saturday,3,1,23.0,47,23.1,0.0,4.0,619.0,1
2026-03-21T16:00,2026-03-21,16,Saturday,3,1,22.5,47,22.0,0.0,5.6,417.0,1
2026-03-21T17:00,2026-03-21,17,Saturday,3,1,22.0,54,22.2,0.0,2.9,266.0,1
2026-03-21T18:00,2026-03-21,18,Saturday,3,1,20.0,60,20.5,0.0,1.8,86.0,1
2026-03-21T19:00,2026-03-21,19,Saturday,3,1,17.6,68,17.7,0.0,3.0,3.0,0
2026-03-21T20:00,2026-03-21,20,Saturday,3,1,15.6,80,15.5,0.0,4.9,0.0,0
2026-03-21T21:00,2026-03-21,21,Saturday,3,1,13.9,89,13.8,0.0,4.5,0.0,0
2026-03-21T22:00,2026-03-21,22,Saturday,3,1,12.6,93,12.5,0.0,3.9,0.0,0
2026-03-21T23:00,2026-03-21,23,Saturday,3,1,12.4,94,12.2,0.0,3.8,0.0,0
2026-03-22T00:00,2026-03-22,0,Sunday,3,1,12.3,93,12.2,0.0,3.3,0.0,0
2026-03-22T01:00,2026-03-22,1,Sunday,3,1,12.0,91,11.8,0.0,2.7,0.0,0
2026-03-22T02:00,2026-03-22,2,Sunday,3,1,11.8,89,11.6,0.0,1.2,0.0,0
2026-03-22T03:00,2026-03-22,3,Sunday,3,1,11.2,90,11.0,0.0,1.3,0.0,0
2026-03-22T04:00,2026-03-22,4,Sunday,3,1,10.8,90,10.5,0.0,1.0,0.0,0
2026-03-22T05:00,2026-03-22,5,Sunday,3,1,10.9,94,10.9,0.0,0.4,0.0,0
2026-03-22T06:00,2026-03-22,6,Sunday,3,1,10.5,91,9.8,0.0,3.5,0.0,0
2026-03-22T07:00,2026-03-22,7,Sunday,3,1,11.9,85,11.4,0.0,2.0,32.0,1
2026-03-22T08:00,2026-03-22,8,Sunday,3,1,15.4,75,15.2,0.0,2.7,187.0,1
2026-03-22T09:00,2026-03-22,9,Sunday,3,1,18.5,62,18.2,0.0,3.5,359.0,1
2026-03-22T10:00,2026-03-22,10,Sunday,3,1,21.2,55,21.0,0.0,5.7,552.0,1
2026-03-22T11:00,2026-03-22,11,Sunday,3,1,23.0,49,22.9,0.0,10.6,718.0,1
2026-03-22T12:00,2026-03-22,12,Sunday,3,1,24.0,44,24.1,0.0,11.9,798.0,1
2026-03-22T13:00,2026-03-22,13,Sunday,3,1,24.5,41,24.2,0.0,13.0,803.0,1
2026-03-22T14:00,2026-03-22,14,Sunday,3,1,24.8,39,24.0,0.0,12.0,723.0,1
2026-03-22T15:00,2026-03-22,15,Sunday,3,1,24.6,38,23.0,0.0,10.6,559.0,1
2026-03-22T16:00,2026-03-22,16,Sunday,3,1,23.9,42,22.5,0.0,9.7,342.0,1
2026-03-22T17:00,2026-03-22,17,Sunday,3,1,22.8,50,22.5,0.0,5.5,185.0,1
2026-03-22T18:00,2026-03-22,18,Sunday,3,1,20.5,57,20.4,0.0,5.2,82.0,1
2026-03-22T19:00,2026-03-22,19,Sunday,3,1,18.4,62,18.1,0.0,4.1,3.0,0
2026-03-22T20:00,2026-03-22,20,Sunday,3,1,16.0,76,16.2,0.0,2.9,0.0,0
2026-03-22T21:00,2026-03-22,21,Sunday,3,1,13.9,89,13.9,0.0,3.8,0.0,0
2026-03-22T22:00,2026-03-22,22,Sunday,3,1,12.6,93,12.6,0.0,3.7,0.0,0
2026-03-22T23:00,2026-03-22,23,Sunday,3,1,12.8,92,12.8,0.0,3.3,0.0,0
2026-03-23T00:00,2026-03-23,0,Monday,3,0,12.9,89,12.8,0.0,3.4,0.0,0
2026-03-23T01:00,2026-03-23,1,Monday,3,0,12.6,89,12.6,0.0,1.9,0.0,0
2026-03-23T02:00,2026-03-23,2,Monday,3,0,12.1,88,11.8,0.0,2.7,0.0,0
2026-03-23T03:00,2026-03-23,3,Monday,3,0,11.7,86,11.0,0.0,4.0,0.0,0
2026-03-23T04:00,2026-03-23,4,Monday,3,0,11.0,85,10.1,0.0,3.8,0.0,0
2026-03-23T05:00,2026-03-23,5,Monday,3,0,12.1,81,11.5,0.0,1.6,0.0,0
2026-03-23T06:00,2026-03-23,6,Monday,3,0,12.4,79,11.5,0.0,3.8,0.0,0
2026-03-23T07:00,2026-03-23,7,Monday,3,0,13.4,77,12.6,0.0,4.3,32.0,1
2026-03-23T08:00,2026-03-23,8,Monday,3,0,16.9,70,16.7,0.0,3.7,180.0,1
2026-03-23T09:00,2026-03-23,9,Monday,3,0,20.7,55,21.0,0.0,0.8,388.0,1
2026-03-23T10:00,2026-03-23,10,Monday,3,0,23.2,42,22.9,0.0,2.4,557.0,1
2026-03-23T11:00,2026-03-23,11,Monday,3,0,24.6,39,24.8,0.0,5.5,707.0,1
2026-03-23T12:00,2026-03-23,12,Monday,3,0,25.8,35,26.2,0.0,5.9,802.0,1
2026-03-23T13:00,2026-03-23,13,Monday,3,0,25.6,33,25.7,0.0,7.2,809.0,1
2026-03-23T14:00,2026-03-23,14,Monday,3,0,25.0,33,24.5,0.4,1.0,576.0,1
2026-03-23T15:00,2026-03-23,15,Monday,3,0,25.4,33,24.3,0.0,3.9,560.0,1
2026-03-23T16:00,2026-03-23,16,Monday,3,0,25.0,33,23.3,0.0,7.0,435.0,1
2026-03-23T17:00,2026-03-23,17,Monday,3,0,24.6,41,23.3,0.0,9.4,243.0,1
2026-03-23T18:00,2026-03-23,18,Monday,3,0,21.8,47,20.3,0.0,9.9,94.0,1
2026-03-23T19:00,2026-03-23,19,Monday,3,0,18.6,57,17.5,0.0,8.0,3.0,0
2026-03-23T20:00,2026-03-23,20,Monday,3,0,16.6,65,15.8,0.0,6.0,0.0,0
2026-03-23T21:00,2026-03-23,21,Monday,3,0,15.4,69,14.5,0.0,5.8,0.0,0
2026-03-23T22:00,2026-03-23,22,Monday,3,0,15.1,69,14.0,0.0,5.8,0.0,0
2026-03-23T23:00,2026-03-23,23,Monday,3,0,15.9,65,14.9,0.0,6.2,0.0,0
2026-03-24T00:00,2026-03-24,0,Tuesday,3,0,15.8,69,14.4,0.0,10.0,0.0,0
2026-03-24T01:00,2026-03-24,1,Tuesday,3,0,15.2,66,14.1,0.0,5.9,0.0,0
2026-03-24T02:00,2026-03-24,2,Tuesday,3,0,15.4,65,13.9,0.0,7.4,0.0,0
2026-03-24T03:00,2026-03-24,3,Tuesday,3,0,15.2,65,13.7,0.0,8.0,0.0,0
2026-03-24T04:00,2026-03-24,4,Tuesday,3,0,13.9,70,12.7,0.0,5.6,0.0,0
2026-03-24T05:00,2026-03-24,5,Tuesday,3,0,14.4,64,13.3,0.0,3.4,0.0,0
2026-03-24T06:00,2026-03-24,6,Tuesday,3,0,13.6,68,12.5,0.0,4.2,0.0,0
2026-03-24T07:00,2026-03-24,7,Tuesday,3,0,14.6,69,13.6,0.0,4.4,37.0,1
2026-03-24T08:00,2026-03-24,8,Tuesday,3,0,17.5,66,17.3,0.0,3.8,197.0,1
2026-03-24T09:00,2026-03-24,9,Tuesday,3,0,21.0,53,21.2,0.0,0.8,399.0,1
2026-03-24T10:00,2026-03-24,10,Tuesday,3,0,23.4,45,23.4,0.0,3.8,584.0,1
2026-03-24T11:00,2026-03-24,11,Tuesday,3,0,24.4,43,24.9,0.0,6.1,722.0,1
2026-03-24T12:00,2026-03-24,12,Tuesday,3,0,25.5,39,25.8,0.0,7.5,769.0,1
2026-03-24T13:00,2026-03-24,13,Tuesday,3,0,26.0,35,25.6,0.0,8.2,708.0,1
2026-03-24T14:00,2026-03-24,14,Tuesday,3,0,26.8,31,26.0,0.0,8.3,711.0,1
2026-03-24T15:00,2026-03-24,15,Tuesday,3,0,26.8,30,25.2,0.0,9.5,632.0,1
2026-03-24T16:00,2026-03-24,16,Tuesday,3,0,26.4,31,24.6,0.0,8.7,499.0,1
2026-03-24T17:00,2026-03-24,17,Tuesday,3,0,24.6,37,23.0,0.0,9.3,298.0,1
2026-03-24T18:00,2026-03-24,18,Tuesday,3,0,22.1,45,21.0,0.0,6.7,87.0,1
2026-03-24T19:00,2026-03-24,19,Tuesday,3,0,19.3,58,18.7,0.0,5.7,3.0,0
2026-03-24T20:00,2026-03-24,20,Tuesday,3,0,17.0,71,17.0,0.0,4.3,0.0,0
2026-03-24T21:00,2026-03-24,21,Tuesday,3,0,15.6,80,15.6,0.0,4.2,0.0,0
2026-03-24T22:00,2026-03-24,22,Tuesday,3,0,14.5,85,14.5,0.0,4.2,0.0,0
2026-03-24T23:00,2026-03-24,23,Tuesday,3,0,14.5,85,14.6,0.0,3.7,0.0,0
2026-03-25T00:00,2026-03-25,0,Wednesday,3,0,14.1,87,14.0,0.0,4.3,0.0,0
2026-03-25T01:00,2026-03-25,1,Wednesday,3,0,13.4,88,13.3,0.0,3.7,0.0,0
2026-03-25T02:00,2026-03-25,2,Wednesday,3,0,12.8,88,12.5,0.0,3.7,0.0,0
2026-03-25T03:00,2026-03-25,3,Wednesday,3,0,12.1,90,11.7,0.0,4.0,0.0,0
2026-03-25T04:00,2026-03-25,4,Wednesday,3,0,11.4,91,10.9,0.0,3.9,0.0,0
2026-03-25T05:00,2026-03-25,5,Wednesday,3,0,12.1,87,12.0,0.0,1.2,0.0,0
2026-03-25T06:00,2026-03-25,6,Wednesday,3,0,11.6,86,10.9,0.0,4.2,0.0,0
2026-03-25T07:00,2026-03-25,7,Wednesday,3,0,13.7,77,13.0,0.0,4.8,40.0,1
2026-03-25T08:00,2026-03-25,8,Wednesday,3,0,17.9,66,17.8,0.0,3.7,205.0,1
2026-03-25T09:00,2026-03-25,9,Wednesday,3,0,21.6,54,21.9,0.0,2.8,410.0,1
2026-03-25T10:00,2026-03-25,10,Wednesday,3,0,24.1,42,24.0,0.0,3.9,596.0,1
2026-03-25T11:00,2026-03-25,11,Wednesday,3,0,26.0,39,26.3,0.0,7.3,736.0,1
2026-03-25T12:00,2026-03-25,12,Wednesday,3,0,27.3,35,28.2,0.0,6.4,816.0,1
2026-03-25T13:00,2026-03-25,13,Wednesday,3,0,28.0,34,29.1,0.0,5.3,824.0,1
2026-03-25T14:00,2026-03-25,14,Wednesday,3,0,28.0,33,27.8,0.0,9.0,725.0,1
2026-03-25T15:00,2026-03-25,15,Wednesday,3,0,27.5,34,26.6,0.0,7.1,461.0,1
2026-03-25T16:00,2026-03-25,16,Wednesday,3,0,27.0,39,27.1,0.0,3.6,258.0,1
2026-03-25T17:00,2026-03-25,17,Wednesday,3,0,24.0,50,23.6,0.0,9.0,148.0,1
2026-03-25T18:00,2026-03-25,18,Wednesday,3,0,21.9,56,20.3,0.1,17.0,25.0,1
2026-03-25T19:00,2026-03-25,19,Wednesday,3,0,19.9,71,20.3,0.2,6.6,1.0,0
2026-03-25T20:00,2026-03-25,20,Wednesday,3,0,19.0,76,19.7,0.2,5.3,0.0,0
2026-03-25T21:00,2026-03-25,21,Wednesday,3,0,18.9,82,20.5,0.8,2.3,0.0,0
2026-03-25T22:00,2026-03-25,22,Wednesday,3,0,18.0,88,18.8,1.7,8.4,0.0,0
2026-03-25T23:00,2026-03-25,23,Wednesday,3,0,17.8,81,17.7,0.3,10.6,0.0,0
2026-03-26T00:00,2026-03-26,0,Thursday,3,0,18.1,76,18.0,0.0,9.5,0.0,0
2026-03-26T01:00,2026-03-26,1,Thursday,3,0,17.8,75,18.2,0.0,3.9,0.0,0
2026-03-26T02:00,2026-03-26,2,Thursday,3,0,17.5,77,18.4,0.4,1.6,0.0,0
2026-03-26T03:00,2026-03-26,3,Thursday,3,0,17.0,72,17.4,0.0,1.7,0.0,0
2026-03-26T04:00,2026-03-26,4,Thursday,3,0,16.5,74,16.5,0.0,3.6,0.0,0
2026-03-26T05:00,2026-03-26,5,Thursday,3,0,17.0,81,17.7,0.0,2.6,0.0,0
2026-03-26T06:00,2026-03-26,6,Thursday,3,0,16.5,83,17.1,0.0,4.2,0.0,0
2026-03-26T07:00,2026-03-26,7,Thursday,3,0,17.3,81,18.0,0.0,3.9,19.0,1
2026-03-26T08:00,2026-03-26,8,Thursday,3,0,18.2,76,19.3,0.0,1.6,53.0,1
2026-03-26T09:00,2026-03-26,9,Thursday,3,0,19.9,70,20.9,0.0,2.7,184.0,1
2026-03-26T10:00,2026-03-26,10,Thursday,3,0,21.3,62,22.0,0.0,3.5,251.0,1
2026-03-26T11:00,2026-03-26,11,Thursday,3,0,23.4,51,24.3,0.0,4.5,673.0,1
2026-03-26T12:00,2026-03-26,12,Thursday,3,0,24.6,45,25.5,0.0,3.6,684.0,1
2026-03-26T13:00,2026-03-26,13,Thursday,3,0,25.2,44,25.4,0.0,7.6,663.0,1
2026-03-26T14:00,2026-03-26,14,Thursday,3,0,24.5,50,24.1,0.0,10.4,462.0,1
2026-03-26T15:00,2026-03-26,15,Thursday,3,0,24.6,50,24.7,0.0,7.4,534.0,1
2026-03-26T16:00,2026-03-26,16,Thursday,3,0,24.6,48,24.8,0.0,5.7,391.0,1
2026-03-26T17:00,2026-03-26,17,Thursday,3,0,23.9,51,23.9,0.0,6.7,213.0,1
2026-03-26T18:00,2026-03-26,18,Thursday,3,0,22.1,59,22.2,0.0,7.6,87.0,1
2026-03-26T19:00,2026-03-26,19,Thursday,3,0,20.0,67,20.3,0.0,6.3,4.0,0
2026-03-26T20:00,2026-03-26,20,Thursday,3,0,18.6,75,19.3,0.0,4.1,0.0,0
2026-03-26T21:00,2026-03-26,21,Thursday,3,0,17.6,80,18.5,0.0,3.1,0.0,0
2026-03-26T22:00,2026-03-26,22,Thursday,3,0,16.0,88,16.8,0.0,3.4,0.0,0
2026-03-26T23:00,2026-03-26,23,Thursday,3,0,16.1,89,17.2,0.0,2.7,0.0,0
2026-03-27T00:00,2026-03-27,0,Friday,3,1,15.7,91,16.8,0.0,1.5,0.0,0
2026-03-27T01:00,2026-03-27,1,Friday,3,1,15.1,92,16.0,0.0,2.1,0.0,0
2026-03-27T02:00,2026-03-27,2,Friday,3,1,14.6,93,15.3,0.0,2.4,0.0,0
2026-03-27T03:00,2026-03-27,3,Friday,3,1,14.1,93,14.6,0.0,2.3,0.0,0
2026-03-27T04:00,2026-03-27,4,Friday,3,1,13.4,94,14.0,0.0,1.5,0.0,0
2026-03-27T05:00,2026-03-27,5,Friday,3,1,13.8,93,14.3,0.0,1.7,0.0,0
2026-03-27T06:00,2026-03-27,6,Friday,3,1,13.5,91,13.7,0.0,3.4,0.0,0
2026-03-27T07:00,2026-03-27,7,Friday,3,1,15.1,84,15.4,0.0,3.1,42.0,1
2026-03-27T08:00,2026-03-27,8,Friday,3,1,18.1,77,19.2,0.0,1.6,206.0,1
2026-03-27T09:00,2026-03-27,9,Friday,3,1,21.0,64,21.4,0.0,5.7,407.0,1
2026-03-27T10:00,2026-03-27,10,Friday,3,1,23.6,55,24.9,0.0,2.3,588.0,1
2026-03-27T11:00,2026-03-27,11,Friday,3,1,25.2,51,27.1,0.0,4.6,724.0,1
2026-03-27T12:00,2026-03-27,12,Friday,3,1,26.6,45,28.8,0.0,4.8,810.0,1
2026-03-27T13:00,2026-03-27,13,Friday,3,1,27.5,39,29.5,0.0,2.2,802.0,1
2026-03-27T14:00,2026-03-27,14,Friday,3,1,27.9,35,29.0,0.0,3.6,759.0,1
2026-03-27T15:00,2026-03-27,15,Friday,3,1,27.9,34,27.8,0.0,5.1,639.0,1
2026-03-27T16:00,2026-03-27,16,Friday,3,1,27.6,33,26.9,0.0,4.8,487.0,1
2026-03-27T17:00,2026-03-27,17,Friday,3,1,26.5,52,27.9,0.0,3.5,290.0,1
2026-03-27T18:00,2026-03-27,18,Friday,3,1,25.2,46,25.9,0.0,0.9,103.0,1
2026-03-27T19:00,2026-03-27,19,Friday,3,1,24.0,46,24.4,0.0,0.2,5.0,0
2026-03-27T20:00,2026-03-27,20,Friday,3,1,22.1,47,22.0,0.0,1.5,0.0,0
2026-03-27T21:00,2026-03-27,21,Friday,3,1,19.0,60,18.6,0.0,5.0,0.0,0
2026-03-27T22:00,2026-03-27,22,Friday,3,1,17.1,70,16.8,0.0,5.5,0.0,0
2026-03-27T23:00,2026-03-27,23,Friday,3,1,17.6,66,17.5,0.0,3.7,0.0,0
2026-03-28T00:00,2026-03-28,0,Saturday,3,1,17.0,70,16.9,0.0,3.7,0.0,0
2026-03-28T01:00,2026-03-28,1,Saturday,3,1,16.6,75,17.0,0.0,1.8,0.0,0
2026-03-28T02:00,2026-03-28,2,Saturday,3,1,16.0,78,16.4,0.0,2.2,0.0,0
2026-03-28T03:00,2026-03-28,3,Saturday,3,1,15.2,81,15.4,0.0,3.1,0.0,0
2026-03-28T04:00,2026-03-28,4,Saturday,3,1,15.1,81,15.4,0.0,1.9,0.0,0
2026-03-28T05:00,2026-03-28,5,Saturday,3,1,15.9,78,16.4,0.0,0.7,0.0,0
2026-03-28T06:00,2026-03-28,6,Saturday,3,1,16.1,75,16.4,0.0,1.3,0.0,0
2026-03-28T07:00,2026-03-28,7,Saturday,3,1,17.2,72,17.5,0.0,2.9,43.0,1
2026-03-28T08:00,2026-03-28,8,Saturday,3,1,19.9,64,20.2,0.0,3.6,197.0,1
2026-03-28T09:00,2026-03-28,9,Saturday,3,1,22.5,54,23.1,0.0,1.7,377.0,1
2026-03-28T10:00,2026-03-28,10,Saturday,3,1,24.6,47,25.2,0.0,1.4,494.0,1
2026-03-28T11:00,2026-03-28,11,Saturday,3,1,26.4,41,27.2,0.0,2.8,631.0,1
2026-03-28T12:00,2026-03-28,12,Saturday,3,1,28.1,35,29.6,0.0,3.6,782.0,1
2026-03-28T13:00,2026-03-28,13,Saturday,3,1,29.0,32,29.9,0.0,7.0,817.0,1
2026-03-28T14:00,2026-03-28,14,Saturday,3,1,28.2,33,27.5,0.0,6.3,413.0,1
2026-03-28T15:00,2026-03-28,15,Saturday,3,1,27.9,36,28.0,0.0,1.7,264.0,1
2026-03-28T16:00,2026-03-28,16,Saturday,3,1,28.4,34,28.1,0.0,4.4,364.0,1
2026-03-28T17:00,2026-03-28,17,Saturday,3,1,27.3,53,29.4,0.0,2.0,158.0,1
2026-03-28T18:00,2026-03-28,18,Saturday,3,1,25.0,46,25.4,0.0,3.8,90.0,1
2026-03-28T19:00,2026-03-28,19,Saturday,3,1,23.9,48,23.4,0.0,8.4,3.0,0
2026-03-28T20:00,2026-03-28,20,Saturday,3,1,23.2,50,22.8,0.0,7.6,0.0,0
2026-03-28T21:00,2026-03-28,21,Saturday,3,1,21.8,56,21.8,0.0,5.2,0.0,0
2026-03-28T22:00,2026-03-28,22,Saturday,3,1,21.2,58,21.4,0.0,4.5,0.0,0
2026-03-28T23:00,2026-03-28,23,Saturday,3,1,21.4,61,22.3,0.0,2.1,0.0,0
2026-03-29T00:00,2026-03-29,0,Sunday,3,1,20.6,65,21.4,0.0,3.6,0.0,0
2026-03-29T01:00,2026-03-29,1,Sunday,3,1,18.8,84,20.2,1.1,3.9,0.0,0
2026-03-29T02:00,2026-03-29,2,Sunday,3,1,17.9,90,18.3,3.3,11.6,0.0,0
2026-03-29T03:00,2026-03-29,3,Sunday,3,1,17.4,90,17.8,2.8,10.7,0.0,0
2026-03-29T04:00,2026-03-29,4,Sunday,3,1,17.5,90,19.0,2.3,4.0,0.0,0
2026-03-29T05:00,2026-03-29,5,Sunday,3,1,17.7,92,19.4,1.2,3.4,0.0,0
2026-03-29T06:00,2026-03-29,6,Sunday,3,1,17.6,91,19.3,0.0,2.5,0.0,1
2026-03-29T07:00,2026-03-29,7,Sunday,3,1,18.4,89,19.8,0.0,5.2,33.0,1
2026-03-29T08:00,2026-03-29,8,Sunday,3,1,19.5,82,21.4,0.0,2.1,139.0,1
2026-03-29T09:00,2026-03-29,9,Sunday,3,1,21.0,71,22.3,0.0,4.2,301.0,1
2026-03-29T10:00,2026-03-29,10,Sunday,3,1,22.9,60,23.6,0.0,5.4,531.0,1
2026-03-29T11:00,2026-03-29,11,Sunday,3,1,23.2,56,24.0,0.2,7.5,640.0,1
2026-03-29T12:00,2026-03-29,12,Sunday,3,1,24.8,49,25.9,0.1,6.5,697.0,1
2026-03-29T13:00,2026-03-29,13,Sunday,3,1,25.4,47,26.5,0.0,4.6,653.0,1
2026-03-29T14:00,2026-03-29,14,Sunday,3,1,25.8,47,26.9,0.0,4.7,649.0,1
2026-03-29T15:00,2026-03-29,15,Sunday,3,1,25.5,49,26.2,0.0,4.2,488.0,1
2026-03-29T16:00,2026-03-29,16,Sunday,3,1,25.0,49,25.3,0.0,5.9,372.0,1
2026-03-29T17:00,2026-03-29,17,Sunday,3,1,24.1,55,25.0,0.0,4.4,194.0,1
2026-03-29T18:00,2026-03-29,18,Sunday,3,1,22.4,63,23.3,0.0,4.7,64.0,1
2026-03-29T19:00,2026-03-29,19,Sunday,3,1,20.5,69,21.2,0.0,4.7,4.0,0
2026-03-29T20:00,2026-03-29,20,Sunday,3,1,19.1,75,20.0,0.0,4.4,0.0,0
2026-03-29T21:00,2026-03-29,21,Sunday,3,1,18.1,82,19.3,0.0,2.8,0.0,0
2026-03-29T22:00,2026-03-29,22,Sunday,3,1,17.8,84,18.9,0.0,4.2,0.0,0
2026-03-29T23:00,2026-03-29,23,Sunday,3,1,18.6,78,19.6,0.0,3.6,0.0,0
2026-03-30T00:00,2026-03-30,0,Monday,3,0,18.5,79,19.6,0.0,4.0,0.0,0
2026-03-30T01:00,2026-03-30,1,Monday,3,0,18.5,78,19.4,0.0,4.3,0.0,0
2026-03-30T02:00,2026-03-30,2,Monday,3,0,18.8,75,19.1,0.2,7.4,0.0,0
2026-03-30T03:00,2026-03-30,3,Monday,3,0,17.3,88,17.5,9.5,10.8,0.0,0
2026-03-30T04:00,2026-03-30,4,Monday,3,0,17.0,87,17.6,0.9,6.2,0.0,0
2026-03-30T05:00,2026-03-30,5,Monday,3,0,17.2,86,17.1,0.6,11.3,0.0,0
2026-03-30T06:00,2026-03-30,6,Monday,3,0,17.4,86,17.4,0.8,10.6,0.0,1
2026-03-30T07:00,2026-03-30,7,Monday,3,0,17.1,88,17.1,4.3,11.9,12.0,1
2026-03-30T08:00,2026-03-30,8,Monday,3,0,18.2,81,18.8,0.2,7.5,58.0,1
2026-03-30T09:00,2026-03-30,9,Monday,3,0,19.0,83,19.6,1.6,10.1,209.0,1
2026-03-30T10:00,2026-03-30,10,Monday,3,0,18.6,84,19.6,2.1,7.6,108.0,1
2026-03-30T11:00,2026-03-30,11,Monday,3,0,19.0,82,20.3,5.3,4.2,296.0,1
2026-03-30T12:00,2026-03-30,12,Monday,3,0,20.2,74,20.0,0.3,13.9,292.0,1
2026-03-30T13:00,2026-03-30,13,Monday,3,0,24.1,55,24.3,0.0,11.2,599.0,1
2026-03-30T14:00,2026-03-30,14,Monday,3,0,25.6,49,25.0,0.1,16.1,627.0,1
2026-03-30T15:00,2026-03-30,15,Monday,3,0,20.9,72,21.1,1.7,11.5,410.0,1
2026-03-30T16:00,2026-03-30,16,Monday,3,0,17.8,92,19.5,6.8,3.4,92.0,1
2026-03-30T17:00,2026-03-30,17,Monday,3,0,17.8,90,17.9,1.0,13.4,21.0,1
2026-03-30T18:00,2026-03-30,18,Monday,3,0,18.3,89,20.4,0.0,0.7,82.0,1
2026-03-30T19:00,2026-03-30,19,Monday,3,0,17.5,88,19.3,1.7,0.2,2.0,0
2026-03-30T20:00,2026-03-30,20,Monday,3,0,16.2,95,17.2,2.0,5.8,0.0,0
2026-03-30T21:00,2026-03-30,21,Monday,3,0,16.1,91,16.8,0.4,5.4,0.0,0
2026-03-30T22:00,2026-03-30,22,Monday,3,0,15.6,93,16.8,0.0,2.4,0.0,0
2026-03-30T23:00,2026-03-30,23,Monday,3,0,15.8,94,16.0,0.0,9.8,0.0,0
2026-03-31T00:00,2026-03-31,0,Tuesday,3,0,15.3,95,16.2,0.0,4.2,0.0,0
2026-03-31T01:00,2026-03-31,1,Tuesday,3,0,15.3,92,15.6,0.0,7.0,0.0,0
2026-03-31T02:00,2026-03-31,2,Tuesday,3,0,14.8,86,14.8,0.0,4.9,0.0,0
2026-03-31T03:00,2026-03-31,3,Tuesday,3,0,14.0,87,14.2,0.0,2.6,0.0,0
2026-03-31T04:00,2026-03-31,4,Tuesday,3,0,13.1,92,13.5,0.0,1.2,0.0,0
2026-03-31T05:00,2026-03-31,5,Tuesday,3,0,14.1,87,14.3,0.0,3.0,0.0,0
2026-03-31T06:00,2026-03-31,6,Tuesday,3,0,13.0,91,13.1,0.0,2.3,0.0,1
2026-03-31T07:00,2026-03-31,7,Tuesday,3,0,14.4,88,15.0,0.0,1.1,48.0,1
2026-03-31T08:00,2026-03-31,8,Tuesday,3,0,16.9,85,18.0,0.0,2.0,221.0,1
2026-03-31T09:00,2026-03-31,9,Tuesday,3,0,19.5,75,20.7,0.0,2.8,423.0,1
2026-03-31T10:00,2026-03-31,10,Tuesday,3,0,22.3,61,23.7,0.0,2.8,603.0,1
2026-03-31T11:00,2026-03-31,11,Tuesday,3,0,23.9,45,25.1,0.0,2.4,727.0,1
2026-03-31T12:00,2026-03-31,12,Tuesday,3,0,25.5,41,27.3,0.0,1.3,789.0,1
2026-03-31T13:00,2026-03-31,13,Tuesday,3,0,26.2,40,27.7,0.0,3.1,765.0,1
2026-03-31T14:00,2026-03-31,14,Tuesday,3,0,26.5,40,27.8,0.0,2.4,704.0,1
2026-03-31T15:00,2026-03-31,15,Tuesday,3,0,26.6,41,27.0,0.0,3.5,591.0,1
2026-03-31T16:00,2026-03-31,16,Tuesday,3,0,26.5,41,26.9,0.0,1.3,472.0,1
2026-03-31T17:00,2026-03-31,17,Tuesday,3,0,25.5,51,26.3,0.0,4.7,271.0,1
2026-03-31T18:00,2026-03-31,18,Tuesday,3,0,22.5,58,23.0,0.0,5.8,105.0,1
2026-03-31T19:00,2026-03-31,19,Tuesday,3,0,19.6,69,20.1,0.0,5.2,6.0,0
2026-03-31T20:00,2026-03-31,20,Tuesday,3,0,17.6,82,18.6,0.0,3.4,0.0,0
2026-03-31T21:00,2026-03-31,21,Tuesday,3,0,15.9,90,16.8,0.0,3.4,0.0,0
2026-03-31T22:00,2026-03-31,22,Tuesday,3,0,14.8,92,15.5,0.0,2.9,0.0,0
2026-03-31T23:00,2026-03-31,23,Tuesday,3,0,14.9,92,15.9,0.0,1.8,0.0,0
2026-04-01T00:00,2026-04-01,0,Wednesday,4,0,15.4,89,16.3,0.0,1.2,0.0,0
2026-04-01T01:00,2026-04-01,1,Wednesday,4,0,14.6,91,14.9,0.0,4.5,0.0,0
2026-04-01T02:00,2026-04-01,2,Wednesday,4,0,14.2,88,14.2,0.0,5.5,0.0,0
2026-04-01T03:00,2026-04-01,3,Wednesday,4,0,13.6,87,13.4,0.0,4.9,0.0,0
2026-04-01T04:00,2026-04-01,4,Wednesday,4,0,13.3,86,12.9,0.0,4.7,0.0,0
2026-04-01T05:00,2026-04-01,5,Wednesday,4,0,16.2,74,16.5,0.0,1.3,0.0,0
2026-04-01T06:00,2026-04-01,6,Wednesday,4,0,15.0,77,14.6,0.0,4.9,0.0,1
2026-04-01T07:00,2026-04-01,7,Wednesday,4,0,15.9,75,15.2,0.0,7.4,55.0,1
2026-04-01T08:00,2026-04-01,8,Wednesday,4,0,19.0,68,19.2,0.0,5.2,219.0,1
2026-04-01T09:00,2026-04-01,9,Wednesday,4,0,22.4,54,22.8,0.0,2.6,423.0,1
2026-04-01T10:00,2026-04-01,10,Wednesday,4,0,24.1,48,24.7,0.0,1.3,551.0,1
2026-04-01T11:00,2026-04-01,11,Wednesday,4,0,25.0,46,25.6,0.0,1.3,561.0,1
2026-04-01T12:00,2026-04-01,12,Wednesday,4,0,26.2,42,27.5,0.0,1.5,671.0,1
2026-04-01T13:00,2026-04-01,13,Wednesday,4,0,26.5,39,26.6,0.0,3.4,582.0,1
2026-04-01T14:00,2026-04-01,14,Wednesday,4,0,26.9,37,27.1,0.0,3.8,615.0,1
2026-04-01T15:00,2026-04-01,15,Wednesday,4,0,27.1,37,27.7,0.0,3.1,649.0,1
2026-04-01T16:00,2026-04-01,16,Wednesday,4,0,26.7,38,26.4,0.0,4.7,492.0,1
2026-04-01T17:00,2026-04-01,17,Wednesday,4,0,25.4,55,26.8,0.0,3.4,284.0,1
2026-04-01T18:00,2026-04-01,18,Wednesday,4,0,24.0,56,25.4,0.0,0.6,101.0,1
2026-04-01T19:00,2026-04-01,19,Wednesday,4,0,21.9,58,22.9,0.0,0.4,7.0,0
2026-04-01T20:00,2026-04-01,20,Wednesday,4,0,20.0,65,20.6,0.0,2.2,0.0,0
2026-04-01T21:00,2026-04-01,21,Wednesday,4,0,17.9,74,18.3,0.0,4.1,0.0,0
2026-04-01T22:00,2026-04-01,22,Wednesday,4,0,16.4,82,16.9,0.0,3.6,0.0,0
2026-04-01T23:00,2026-04-01,23,Wednesday,4,0,18.6,69,19.1,0.0,2.6,0.0,0
2026-04-02T00:00,2026-04-02,0,Thursday,4,0,18.2,72,18.7,0.0,3.3,0.0,0
2026-04-02T01:00,2026-04-02,1,Thursday,4,0,17.5,76,18.1,0.0,3.5,0.0,0
2026-04-02T02:00,2026-04-02,2,Thursday,4,0,17.2,79,17.8,0.0,3.5,0.0,0
2026-04-02T03:00,2026-04-02,3,Thursday,4,0,17.5,78,17.9,0.0,4.6,0.0,0
2026-04-02T04:00,2026-04-02,4,Thursday,4,0,17.3,81,18.3,0.0,2.4,0.0,0
2026-04-02T05:00,2026-04-02,5,Thursday,4,0,18.0,73,18.0,0.0,6.0,0.0,0
2026-04-02T06:00,2026-04-02,6,Thursday,4,0,18.3,73,19.2,0.0,1.5,0.0,1
2026-04-02T07:00,2026-04-02,7,Thursday,4,0,19.0,75,20.3,0.0,0.4,19.0,1
2026-04-02T08:00,2026-04-02,8,Thursday,4,0,19.7,74,21.1,0.0,1.8,81.0,1
2026-04-02T09:00,2026-04-02,9,Thursday,4,0,21.9,66,23.4,0.0,2.2,230.0,1
2026-04-02T10:00,2026-04-02,10,Thursday,4,0,23.2,61,24.9,0.0,0.9,278.0,1
2026-04-02T11:00,2026-04-02,11,Thursday,4,0,26.4,48,27.4,0.2,3.5,341.0,1
2026-04-02T12:00,2026-04-02,12,Thursday,4,0,28.1,39,29.6,0.0,3.1,707.0,1
2026-04-02T13:00,2026-04-02,13,Thursday,4,0,25.8,48,26.5,0.1,10.4,723.0,1
2026-04-02T14:00,2026-04-02,14,Thursday,4,0,23.9,57,24.4,0.0,7.7,314.0,1
2026-04-02T15:00,2026-04-02,15,Thursday,4,0,24.7,54,25.9,0.0,2.9,256.0,1
2026-04-02T16:00,2026-04-02,16,Thursday,4,0,25.8,51,27.0,0.0,2.5,386.0,1
2026-04-02T17:00,2026-04-02,17,Thursday,4,0,25.2,53,25.2,0.0,11.4,304.0,1
2026-04-02T18:00,2026-04-02,18,Thursday,4,0,22.9,63,23.9,0.0,5.4,110.0,1
2026-04-02T19:00,2026-04-02,19,Thursday,4,0,20.6,71,21.7,0.0,4.0,7.0,0
2026-04-02T20:00,2026-04-02,20,Thursday,4,0,18.3,82,19.4,0.0,3.9,0.0,0
2026-04-02T21:00,2026-04-02,21,Thursday,4,0,17.4,85,18.5,0.0,3.7,0.0,0
2026-04-02T22:00,2026-04-02,22,Thursday,4,0,16.9,85,17.7,0.0,3.9,0.0,0
2026-04-02T23:00,2026-04-02,23,Thursday,4,0,17.6,85,19.2,0.0,1.5,0.0,0
2026-04-03T00:00,2026-04-03,0,Friday,4,1,18.2,83,19.7,0.0,2.2,0.0,0
2026-04-03T01:00,2026-04-03,1,Friday,4,1,18.2,81,19.5,0.0,2.8,0.0,0
2026-04-03T02:00,2026-04-03,2,Friday,4,1,18.1,80,19.3,0.0,2.8,0.0,0
2026-04-03T03:00,2026-04-03,3,Friday,4,1,18.1,77,18.8,0.0,4.5,0.0,0
2026-04-03T04:00,2026-04-03,4,Friday,4,1,18.1,81,17.5,0.0,15.3,0.0,0
2026-04-03T05:00,2026-04-03,5,Friday,4,1,19.1,68,17.6,0.3,17.5,0.0,0
2026-04-03T06:00,2026-04-03,6,Friday,4,1,18.3,75,19.1,1.0,3.1,0.0,1
2026-04-03T07:00,2026-04-03,7,Friday,4,1,17.8,82,18.3,0.6,6.9,17.0,1
2026-04-03T08:00,2026-04-03,8,Friday,4,1,18.3,83,18.4,2.2,11.5,82.0,1
2026-04-03T09:00,2026-04-03,9,Friday,4,1,19.6,75,18.4,0.0,20.0,112.0,1
2026-04-03T10:00,2026-04-03,10,Friday,4,1,21.6,65,21.5,0.2,11.9,283.0,1
2026-04-03T11:00,2026-04-03,11,Friday,4,1,20.9,67,20.1,0.0,15.3,222.0,1
2026-04-03T12:00,2026-04-03,12,Friday,4,1,19.5,84,20.1,3.2,12.0,255.0,1
2026-04-03T13:00,2026-04-03,13,Friday,4,1,18.9,90,20.2,3.8,7.8,127.0,1
2026-04-03T14:00,2026-04-03,14,Friday,4,1,18.6,87,18.6,0.6,16.0,170.0,1
2026-04-03T15:00,2026-04-03,15,Friday,4,1,21.4,70,21.1,0.0,14.9,363.0,1
2026-04-03T16:00,2026-04-03,16,Friday,4,1,21.5,67,21.3,0.0,13.1,178.0,1
2026-04-03T17:00,2026-04-03,17,Friday,4,1,20.9,64,21.0,0.0,7.4,214.0,1
2026-04-03T18:00,2026-04-03,18,Friday,4,1,20.0,69,21.1,0.0,2.0,86.0,1
2026-04-03T19:00,2026-04-03,19,Friday,4,1,18.6,70,19.4,0.0,1.5,6.0,0
2026-04-03T20:00,2026-04-03,20,Friday,4,1,18.7,72,19.7,0.0,0.7,0.0,0
2026-04-03T21:00,2026-04-03,21,Friday,4,1,16.9,85,16.5,4.3,12.5,0.0,0
2026-04-03T22:00,2026-04-03,22,Friday,4,1,16.1,92,16.9,3.8,6.3,0.0,0
2026-04-03T23:00,2026-04-03,23,Friday,4,1,16.2,90,15.5,1.5,15.9,0.0,0
2026-04-04T00:00,2026-04-04,0,Saturday,4,1,16.1,89,15.0,0.7,17.4,0.0,0
2026-04-04T01:00,2026-04-04,1,Saturday,4,1,15.2,90,13.6,1.9,19.0,0.0,0
2026-04-04T02:00,2026-04-04,2,Saturday,4,1,15.4,84,13.8,0.0,17.0,0.0,0
2026-04-04T03:00,2026-04-04,3,Saturday,4,1,15.1,79,13.7,0.0,12.3,0.0,0
2026-04-04T04:00,2026-04-04,4,Saturday,4,1,15.4,74,14.2,0.0,9.7,0.0,0
2026-04-04T05:00,2026-04-04,5,Saturday,4,1,14.3,87,13.9,0.0,7.1,0.0,0
2026-04-04T06:00,2026-04-04,6,Saturday,4,1,14.9,79,13.5,0.0,11.7,0.0,1
2026-04-04T07:00,2026-04-04,7,Saturday,4,1,15.9,75,15.3,0.0,7.3,41.0,1
2026-04-04T08:00,2026-04-04,8,Saturday,4,1,17.7,70,17.2,0.0,7.8,152.0,1
2026-04-04T09:00,2026-04-04,9,Saturday,4,1,19.6,59,19.3,0.0,5.0,350.0,1
2026-04-04T10:00,2026-04-04,10,Saturday,4,1,20.5,57,20.3,0.0,5.1,481.0,1
2026-04-04T11:00,2026-04-04,11,Saturday,4,1,21.5,56,22.0,0.0,7.9,701.0,1
2026-04-04T12:00,2026-04-04,12,Saturday,4,1,18.6,73,18.8,4.9,11.0,659.0,1
2026-04-04T13:00,2026-04-04,13,Saturday,4,1,18.9,67,18.6,0.1,9.9,615.0,1
2026-04-04T14:00,2026-04-04,14,Saturday,4,1,19.5,64,19.3,0.1,6.8,550.0,1
2026-04-04T15:00,2026-04-04,15,Saturday,4,1,20.6,59,21.1,0.0,1.5,499.0,1
2026-04-04T16:00,2026-04-04,16,Saturday,4,1,21.3,57,21.6,0.0,3.2,492.0,1
2026-04-04T17:00,2026-04-04,17,Saturday,4,1,20.3,59,20.2,0.0,5.1,277.0,1
2026-04-04T18:00,2026-04-04,18,Saturday,4,1,19.6,67,20.6,0.0,0.5,60.0,1
2026-04-04T19:00,2026-04-04,19,Saturday,4,1,17.6,68,17.8,0.0,2.8,7.0,0
2026-04-04T20:00,2026-04-04,20,Saturday,4,1,16.5,71,16.1,0.0,6.0,0.0,0
2026-04-04T21:00,2026-04-04,21,Saturday,4,1,15.3,76,15.1,0.0,3.7,0.0,0
2026-04-04T22:00,2026-04-04,22,Saturday,4,1,14.6,77,14.4,0.0,2.9,0.0,0
2026-04-04T23:00,2026-04-04,23,Saturday,4,1,14.7,73,14.4,0.0,2.2,0.0,0
2026-04-05T00:00,2026-04-05,0,Sunday,4,1,13.9,78,13.7,0.0,1.0,0.0,0
2026-04-05T01:00,2026-04-05,1,Sunday,4,1,12.9,83,12.8,0.0,1.5,0.0,0
2026-04-05T02:00,2026-04-05,2,Sunday,4,1,12.2,88,12.0,0.0,2.7,0.0,0
2026-04-05T03:00,2026-04-05,3,Sunday,4,1,11.9,90,11.7,0.0,1.9,0.0,0
2026-04-05T04:00,2026-04-05,4,Sunday,4,1,11.6,90,11.4,0.0,2.3,0.0,0
2026-04-05T05:00,2026-04-05,5,Sunday,4,1,11.6,91,11.5,0.0,1.3,0.0,0
2026-04-05T06:00,2026-04-05,6,Sunday,4,1,10.7,94,10.3,0.0,2.4,0.0,1
2026-04-05T07:00,2026-04-05,7,Sunday,4,1,12.8,89,12.6,0.0,3.3,66.0,1
2026-04-05T08:00,2026-04-05,8,Sunday,4,1,16.5,78,17.2,0.0,0.7,242.0,1
2026-04-05T09:00,2026-04-05,9,Sunday,4,1,19.5,64,19.7,0.0,3.8,435.0,1
2026-04-05T10:00,2026-04-05,10,Sunday,4,1,22.0,49,22.2,0.0,3.7,621.0,1
2026-04-05T11:00,2026-04-05,11,Sunday,4,1,23.4,41,24.3,0.0,1.5,752.0,1
2026-04-05T12:00,2026-04-05,12,Sunday,4,1,25.0,38,26.0,0.0,4.7,821.0,1
2026-04-05T13:00,2026-04-05,13,Sunday,4,1,24.5,36,24.8,0.0,4.8,750.0,1
2026-04-05T14:00,2026-04-05,14,Sunday,4,1,24.9,37,24.5,0.0,1.3,521.0,1
2026-04-05T15:00,2026-04-05,15,Sunday,4,1,22.4,53,21.4,1.4,11.6,493.0,1
2026-04-05T16:00,2026-04-05,16,Sunday,4,1,21.5,50,20.1,0.0,10.1,320.0,1
2026-04-05T17:00,2026-04-05,17,Sunday,4,1,22.0,55,21.8,0.0,6.7,255.0,1
2026-04-05T18:00,2026-04-05,18,Sunday,4,1,20.6,55,19.7,0.0,8.7,97.0,1
2026-04-05T19:00,2026-04-05,19,Sunday,4,1,18.6,63,18.0,0.0,7.5,8.0,0
2026-04-05T20:00,2026-04-05,20,Sunday,4,1,17.0,68,16.5,0.0,6.2,0.0,0
2026-04-05T21:00,2026-04-05,21,Sunday,4,1,15.4,73,14.8,0.0,5.6,0.0,0
2026-04-05T22:00,2026-04-05,22,Sunday,4,1,14.4,76,14.0,0.0,4.0,0.0,0
2026-04-05T23:00,2026-04-05,23,Sunday,4,1,15.2,72,15.1,0.0,1.5,0.0,0
2026-04-06T00:00,2026-04-06,0,Monday,4,0,14.4,76,13.9,0.0,4.1,0.0,0
2026-04-06T01:00,2026-04-06,1,Monday,4,0,13.9,78,13.3,0.0,5.4,0.0,0
2026-04-06T02:00,2026-04-06,2,Monday,4,0,13.4,82,12.6,0.0,6.0,0.0,0
2026-04-06T03:00,2026-04-06,3,Monday,4,0,13.1,83,12.3,0.0,5.5,0.0,0
2026-04-06T04:00,2026-04-06,4,Monday,4,0,12.6,83,11.9,0.0,4.9,0.0,0
2026-04-06T05:00,2026-04-06,5,Monday,4,0,13.4,82,13.3,0.0,1.3,0.0,0
2026-04-06T06:00,2026-04-06,6,Monday,4,0,12.9,85,12.7,0.0,2.6,1.0,1
2026-04-06T07:00,2026-04-06,7,Monday,4,0,14.8,80,14.4,0.0,5.4,69.0,1
2026-04-06T08:00,2026-04-06,8,Monday,4,0,17.9,72,18.2,0.0,3.4,246.0,1
2026-04-06T09:00,2026-04-06,9,Monday,4,0,20.8,57,21.0,0.0,2.7,448.0,1
2026-04-06T10:00,2026-04-06,10,Monday,4,0,23.0,47,23.5,0.0,2.0,630.0,1
2026-04-06T11:00,2026-04-06,11,Monday,4,0,23.9,41,25.1,0.0,1.8,765.0,1
2026-04-06T12:00,2026-04-06,12,Monday,4,0,25.4,40,27.0,0.0,3.6,834.0,1
2026-04-06T13:00,2026-04-06,13,Monday,4,0,25.4,40,26.2,0.0,5.6,770.0,1
2026-04-06T14:00,2026-04-06,14,Monday,4,0,26.0,38,26.5,0.0,6.2,765.0,1
2026-04-06T15:00,2026-04-06,15,Monday,4,0,25.5,38,24.6,0.0,10.1,643.0,1
2026-04-06T16:00,2026-04-06,16,Monday,4,0,24.9,39,23.6,0.0,8.7,458.0,1
2026-04-06T17:00,2026-04-06,17,Monday,4,0,24.5,46,24.3,0.0,5.0,296.0,1
2026-04-06T18:00,2026-04-06,18,Monday,4,0,22.6,48,21.7,0.0,8.2,115.0,1
2026-04-06T19:00,2026-04-06,19,Monday,4,0,20.1,55,18.7,0.0,12.1,8.0,0
2026-04-06T20:00,2026-04-06,20,Monday,4,0,18.4,60,17.6,0.0,6.8,0.0,0
2026-04-06T21:00,2026-04-06,21,Monday,4,0,17.3,65,16.4,0.0,7.9,0.0,0
2026-04-06T22:00,2026-04-06,22,Monday,4,0,16.4,68,15.6,0.0,6.1,0.0,0
2026-04-06T23:00,2026-04-06,23,Monday,4,0,16.5,71,16.1,0.0,6.2,0.0,0
2026-04-07T00:00,2026-04-07,0,Tuesday,4,0,17.5,67,16.9,0.0,6.9,0.0,0
2026-04-07T01:00,2026-04-07,1,Tuesday,4,0,17.1,67,16.5,0.0,6.9,0.0,0
2026-04-07T02:00,2026-04-07,2,Tuesday,4,0,17.0,64,15.8,0.0,9.2,0.0,0
2026-04-07T03:00,2026-04-07,3,Tuesday,4,0,17.0,62,15.7,0.0,8.3,0.0,0
2026-04-07T04:00,2026-04-07,4,Tuesday,4,0,17.4,60,16.2,0.0,7.5,0.0,0
2026-04-07T05:00,2026-04-07,5,Tuesday,4,0,15.9,76,15.4,0.0,6.5,0.0,0
2026-04-07T06:00,2026-04-07,6,Tuesday,4,0,15.2,90,14.9,1.6,9.8,0.0,1
2026-04-07T07:00,2026-04-07,7,Tuesday,4,0,15.1,90,15.1,2.0,8.6,11.0,1
2026-04-07T08:00,2026-04-07,8,Tuesday,4,0,15.6,89,15.8,0.9,7.3,32.0,1
2026-04-07T09:00,2026-04-07,9,Tuesday,4,0,16.5,84,16.3,0.4,10.3,62.0,1
2026-04-07T10:00,2026-04-07,10,Tuesday,4,0,18.2,73,18.4,0.3,6.7,238.0,1
2026-04-07T11:00,2026-04-07,11,Tuesday,4,0,16.5,87,16.7,1.3,8.7,151.0,1
2026-04-07T12:00,2026-04-07,12,Tuesday,4,0,16.1,87,15.5,1.7,12.9,86.0,1
2026-04-07T13:00,2026-04-07,13,Tuesday,4,0,15.6,89,14.5,2.4,16.2,66.0,1
2026-04-07T14:00,2026-04-07,14,Tuesday,4,0,15.9,89,15.1,2.2,14.8,90.0,1
2026-04-07T15:00,2026-04-07,15,Tuesday,4,0,16.0,87,14.7,2.0,17.9,74.0,1
2026-04-07T16:00,2026-04-07,16,Tuesday,4,0,15.6,87,14.1,3.3,17.4,25.0,1
2026-04-07T17:00,2026-04-07,17,Tuesday,4,0,15.1,87,14.1,1.7,13.2,53.0,1
2026-04-07T18:00,2026-04-07,18,Tuesday,4,0,14.9,88,14.9,1.9,6.5,17.0,1
2026-04-07T19:00,2026-04-07,19,Tuesday,4,0,14.8,86,14.2,3.5,9.8,2.0,0
2026-04-07T20:00,2026-04-07,20,Tuesday,4,0,14.4,90,11.9,2.7,23.5,0.0,0
2026-04-07T21:00,2026-04-07,21,Tuesday,4,0,14.4,93,11.7,1.5,26.3,0.0,0
2026-04-07T22:00,2026-04-07,22,Tuesday,4,0,14.3,93,12.6,0.5,18.3,0.0,0
2026-04-07T23:00,2026-04-07,23,Tuesday,4,0,13.4,91,11.9,0.2,14.1,0.0,0
2026-04-08T00:00,2026-04-08,0,Wednesday,4,0,13.1,93,12.6,0.0,8.0,0.0,0
2026-04-08T01:00,2026-04-08,1,Wednesday,4,0,12.6,95,13.0,0.0,2.0,0.0,0
2026-04-08T02:00,2026-04-08,2,Wednesday,4,0,12.2,95,12.4,0.0,2.0,0.0,0
2026-04-08T03:00,2026-04-08,3,Wednesday,4,0,12.1,95,11.7,0.1,6.3,0.0,0
2026-04-08T04:00,2026-04-08,4,Wednesday,4,0,12.0,95,11.6,0.0,5.4,0.0,0
2026-04-08T05:00,2026-04-08,5,Wednesday,4,0,12.7,95,12.6,0.0,4.6,0.0,0
2026-04-08T06:00,2026-04-08,6,Wednesday,4,0,12.5,93,11.8,2.3,7.5,0.0,1
2026-04-08T07:00,2026-04-08,7,Wednesday,4,0,12.9,91,12.1,1.2,7.7,24.0,1
2026-04-08T08:00,2026-04-08,8,Wednesday,4,0,13.5,91,13.9,0.2,1.7,83.0,1
2026-04-08T09:00,2026-04-08,9,Wednesday,4,0,13.9,86,14.0,0.3,2.8,170.0,1
2026-04-08T10:00,2026-04-08,10,Wednesday,4,0,14.7,83,14.5,0.3,5.1,241.0,1
2026-04-08T11:00,2026-04-08,11,Wednesday,4,0,16.4,75,16.6,0.4,2.0,355.0,1
2026-04-08T12:00,2026-04-08,12,Wednesday,4,0,17.2,70,17.4,0.2,2.4,377.0,1
2026-04-08T13:00,2026-04-08,13,Wednesday,4,0,18.1,68,18.4,0.8,4.4,585.0,1
2026-04-08T14:00,2026-04-08,14,Wednesday,4,0,13.8,90,13.1,10.7,9.4,181.0,1
2026-04-08T15:00,2026-04-08,15,Wednesday,4,0,15.6,74,14.8,0.3,7.8,411.0,1
2026-04-08T16:00,2026-04-08,16,Wednesday,4,0,16.0,66,14.8,0.1,7.9,293.0,1
2026-04-08T17:00,2026-04-08,17,Wednesday,4,0,16.8,71,15.5,0.0,11.4,186.0,1
2026-04-08T18:00,2026-04-08,18,Wednesday,4,0,15.4,74,14.7,0.0,7.1,110.0,1
2026-04-08T19:00,2026-04-08,19,Wednesday,4,0,13.9,84,13.6,0.0,4.6,9.0,0
2026-04-08T20:00,2026-04-08,20,Wednesday,4,0,12.9,92,12.9,0.0,3.4,0.0,0
2026-04-08T21:00,2026-04-08,21,Wednesday,4,0,12.2,93,12.0,0.0,4.4,0.0,0
2026-04-08T22:00,2026-04-08,22,Wednesday,4,0,12.9,85,11.9,0.0,7.8,0.0,0
2026-04-08T23:00,2026-04-08,23,Wednesday,4,0,13.4,88,13.2,0.0,4.7,0.0,0
2026-04-09T00:00,2026-04-09,0,Thursday,4,0,12.6,91,12.1,0.1,5.4,0.0,0
2026-04-09T01:00,2026-04-09,1,Thursday,4,0,12.2,90,11.6,0.0,5.8,0.0,0
2026-04-09T02:00,2026-04-09,2,Thursday,4,0,12.4,88,11.3,0.0,8.2,0.0,0
2026-04-09T03:00,2026-04-09,3,Thursday,4,0,11.4,90,10.6,0.0,5.2,0.0,0
2026-04-09T04:00,2026-04-09,4,Thursday,4,0,11.0,90,10.2,0.0,4.4,0.0,0
2026-04-09T05:00,2026-04-09,5,Thursday,4,0,11.9,90,11.5,0.0,3.0,0.0,0
2026-04-09T06:00,2026-04-09,6,Thursday,4,0,12.4,91,11.7,0.4,6.3,0.0,1
2026-04-09T07:00,2026-04-09,7,Thursday,4,0,12.8,89,12.4,0.3,4.9,62.0,1
2026-04-09T08:00,2026-04-09,8,Thursday,4,0,15.1,82,15.6,0.0,1.3,249.0,1
2026-04-09T09:00,2026-04-09,9,Thursday,4,0,17.5,64,17.5,0.0,2.1,457.0,1
2026-04-09T10:00,2026-04-09,10,Thursday,4,0,19.4,56,19.6,0.0,2.3,628.0,1
2026-04-09T11:00,2026-04-09,11,Thursday,4,0,19.8,52,19.8,0.1,6.1,719.0,1
2026-04-09T12:00,2026-04-09,12,Thursday,4,0,19.9,50,19.0,0.0,4.4,480.0,1
2026-04-09T13:00,2026-04-09,13,Thursday,4,0,21.0,49,21.2,0.0,3.4,666.0,1
2026-04-09T14:00,2026-04-09,14,Thursday,4,0,20.0,54,19.7,0.0,4.4,584.0,1
2026-04-09T15:00,2026-04-09,15,Thursday,4,0,20.3,53,20.1,0.0,2.2,521.0,1
2026-04-09T16:00,2026-04-09,16,Thursday,4,0,20.6,50,20.2,0.0,2.1,466.0,1
2026-04-09T17:00,2026-04-09,17,Thursday,4,0,20.1,49,19.3,0.0,4.3,287.0,1
2026-04-09T18:00,2026-04-09,18,Thursday,4,0,19.0,64,19.6,0.0,0.6,111.0,1
2026-04-09T19:00,2026-04-09,19,Thursday,4,0,17.2,64,17.3,0.0,0.8,10.0,0
2026-04-09T20:00,2026-04-09,20,Thursday,4,0,15.4,72,15.1,0.0,3.3,0.0,0
2026-04-09T21:00,2026-04-09,21,Thursday,4,0,13.6,82,13.2,0.0,4.0,0.0,0
2026-04-09T22:00,2026-04-09,22,Thursday,4,0,12.4,88,12.1,0.0,3.6,0.0,0
2026-04-09T23:00,2026-04-09,23,Thursday,4,0,13.1,85,13.1,0.0,1.3,0.0,0
2026-04-10T00:00,2026-04-10,0,Friday,4,1,12.2,91,12.2,0.0,2.1,0.0,0
2026-04-10T01:00,2026-04-10,1,Friday,4,1,11.4,94,11.1,0.0,3.1,0.0,0
2026-04-10T02:00,2026-04-10,2,Friday,4,1,10.6,96,10.2,0.0,3.1,0.0,0
2026-04-10T03:00,2026-04-10,3,Friday,4,1,10.4,95,10.0,0.0,1.9,0.0,0
2026-04-10T04:00,2026-04-10,4,Friday,4,1,9.8,96,9.3,0.0,2.2,0.0,0
2026-04-10T05:00,2026-04-10,5,Friday,4,1,10.4,97,10.2,0.0,0.6,0.0,0
2026-04-10T06:00,2026-04-10,6,Friday,4,1,10.5,94,9.9,0.0,3.1,2.0,1
2026-04-10T07:00,2026-04-10,7,Friday,4,1,12.9,85,12.7,0.0,2.5,83.0,1
2026-04-10T08:00,2026-04-10,8,Friday,4,1,16.8,73,16.9,0.0,3.1,267.0,1
2026-04-10T09:00,2026-04-10,9,Friday,4,1,20.0,60,20.0,0.0,4.0,471.0,1
2026-04-10T10:00,2026-04-10,10,Friday,4,1,22.4,48,22.5,0.0,5.2,647.0,1
2026-04-10T11:00,2026-04-10,11,Friday,4,1,23.8,41,24.0,0.0,8.1,787.0,1
2026-04-10T12:00,2026-04-10,12,Friday,4,1,24.8,40,25.2,0.0,10.3,862.0,1
2026-04-10T13:00,2026-04-10,13,Friday,4,1,25.1,40,25.3,0.0,12.1,872.0,1
2026-04-10T14:00,2026-04-10,14,Friday,4,1,25.2,40,25.3,0.0,11.4,814.0,1
2026-04-10T15:00,2026-04-10,15,Friday,4,1,25.0,40,24.1,0.0,11.1,637.0,1
2026-04-10T16:00,2026-04-10,16,Friday,4,1,24.5,40,22.8,0.0,12.0,461.0,1
2026-04-10T17:00,2026-04-10,17,Friday,4,1,23.2,46,22.2,0.0,8.6,253.0,1
2026-04-10T18:00,2026-04-10,18,Friday,4,1,21.0,60,21.2,0.0,4.9,93.0,1
2026-04-10T19:00,2026-04-10,19,Friday,4,1,19.1,61,19.3,0.0,2.3,10.0,0
2026-04-10T20:00,2026-04-10,20,Friday,4,1,16.3,74,16.4,0.0,2.9,0.0,0
2026-04-10T21:00,2026-04-10,21,Friday,4,1,15.7,82,15.7,0.0,5.3,0.0,0
2026-04-10T22:00,2026-04-10,22,Friday,4,1,14.5,89,14.9,0.0,3.1,0.0,0
2026-04-10T23:00,2026-04-10,23,Friday,4,1,15.1,87,15.8,0.0,1.5,0.0,0
2026-04-11T00:00,2026-04-11,0,Saturday,4,1,14.2,91,14.4,0.0,4.5,0.0,0
2026-04-11T01:00,2026-04-11,1,Saturday,4,1,14.1,90,14.3,0.0,3.1,0.0,0
2026-04-11T02:00,2026-04-11,2,Saturday,4,1,14.2,87,14.8,0.0,0.6,0.0,0
2026-04-11T03:00,2026-04-11,3,Saturday,4,1,14.6,84,15.1,0.0,0.4,0.0,0
2026-04-11T04:00,2026-04-11,4,Saturday,4,1,14.7,83,15.0,0.0,1.7,0.0,0
2026-04-11T05:00,2026-04-11,5,Saturday,4,1,14.4,85,14.6,0.0,1.9,0.0,0
2026-04-11T06:00,2026-04-11,6,Saturday,4,1,14.8,77,14.3,0.0,4.9,1.0,1
2026-04-11T07:00,2026-04-11,7,Saturday,4,1,16.3,70,15.7,0.0,6.0,77.0,1
2026-04-11T08:00,2026-04-11,8,Saturday,4,1,19.1,65,19.4,0.0,3.3,245.0,1
2026-04-11T09:00,2026-04-11,9,Saturday,4,1,20.5,57,20.2,0.0,6.1,337.0,1
2026-04-11T10:00,2026-04-11,10,Saturday,4,1,22.3,47,22.0,0.0,3.1,528.0,1
2026-04-11T11:00,2026-04-11,11,Saturday,4,1,23.1,45,24.2,0.0,2.3,723.0,1
2026-04-11T12:00,2026-04-11,12,Saturday,4,1,23.3,48,23.6,0.1,9.9,760.0,1
2026-04-11T13:00,2026-04-11,13,Saturday,4,1,23.6,42,24.4,0.0,3.5,730.0,1
2026-04-11T14:00,2026-04-11,14,Saturday,4,1,24.0,42,24.4,0.0,1.5,633.0,1
2026-04-11T15:00,2026-04-11,15,Saturday,4,1,23.1,44,22.8,0.2,6.1,636.0,1
2026-04-11T16:00,2026-04-11,16,Saturday,4,1,22.9,45,22.7,0.0,1.9,425.0,1
2026-04-11T17:00,2026-04-11,17,Saturday,4,1,21.9,50,21.4,0.0,5.6,279.0,1
2026-04-11T18:00,2026-04-11,18,Saturday,4,1,20.5,57,19.8,0.0,8.2,129.0,1
2026-04-11T19:00,2026-04-11,19,Saturday,4,1,18.1,65,17.6,0.0,6.6,12.0,0
2026-04-11T20:00,2026-04-11,20,Saturday,4,1,16.4,72,15.9,0.0,6.2,0.0,0
2026-04-11T21:00,2026-04-11,21,Saturday,4,1,15.6,73,15.0,0.0,6.0,0.0,0
2026-04-11T22:00,2026-04-11,22,Saturday,4,1,14.8,74,14.0,0.0,5.5,0.0,0
2026-04-11T23:00,2026-04-11,23,Saturday,4,1,15.0,80,14.7,0.0,5.5,0.0,0
2026-04-12T00:00,2026-04-12,0,Sunday,4,1,14.8,80,14.2,0.0,7.0,0.0,0
2026-04-12T01:00,2026-04-12,1,Sunday,4,1,14.4,81,13.8,0.0,6.7,0.0,0
2026-04-12T02:00,2026-04-12,2,Sunday,4,1,13.9,82,13.4,0.0,5.5,0.0,0
2026-04-12T03:00,2026-04-12,3,Sunday,4,1,13.1,85,12.8,0.0,3.3,0.0,0
2026-04-12T04:00,2026-04-12,4,Sunday,4,1,12.6,88,12.2,0.0,3.7,0.0,0
2026-04-12T05:00,2026-04-12,5,Sunday,4,1,13.0,87,13.1,0.0,1.3,0.0,0
2026-04-12T06:00,2026-04-12,6,Sunday,4,1,12.6,89,12.4,0.0,3.5,2.0,1
2026-04-12T07:00,2026-04-12,7,Sunday,4,1,15.1,82,14.9,0.0,4.9,88.0,1
2026-04-12T08:00,2026-04-12,8,Sunday,4,1,19.1,72,20.1,0.0,1.9,273.0,1
2026-04-12T09:00,2026-04-12,9,Sunday,4,1,22.6,55,23.5,0.0,0.9,478.0,1
2026-04-12T10:00,2026-04-12,10,Sunday,4,1,25.0,41,25.1,0.0,5.6,659.0,1
2026-04-12T11:00,2026-04-12,11,Sunday,4,1,25.6,38,25.9,0.0,8.7,794.0,1
2026-04-12T12:00,2026-04-12,12,Sunday,4,1,26.2,37,26.9,0.0,7.6,830.0,1
2026-04-12T13:00,2026-04-12,13,Sunday,4,1,26.8,36,27.9,0.0,6.9,868.0,1
2026-04-12T14:00,2026-04-12,14,Sunday,4,1,26.8,37,27.2,0.0,8.2,776.0,1
2026-04-12T15:00,2026-04-12,15,Sunday,4,1,26.7,37,26.5,0.0,8.0,678.0,1
2026-04-12T16:00,2026-04-12,16,Sunday,4,1,26.4,38,25.5,0.0,7.9,519.0,1
2026-04-12T17:00,2026-04-12,17,Sunday,4,1,25.5,46,25.6,0.0,5.1,330.0,1
2026-04-12T18:00,2026-04-12,18,Sunday,4,1,23.0,57,23.7,0.0,4.6,134.0,1
2026-04-12T19:00,2026-04-12,19,Sunday,4,1,21.0,58,21.3,0.0,2.5,13.0,0
2026-04-12T20:00,2026-04-12,20,Sunday,4,1,18.8,68,19.3,0.0,1.8,0.0,0
2026-04-12T21:00,2026-04-12,21,Sunday,4,1,16.0,82,16.4,0.0,3.6,0.0,0
2026-04-12T22:00,2026-04-12,22,Sunday,4,1,14.7,88,14.9,0.0,4.5,0.0,0
2026-04-12T23:00,2026-04-12,23,Sunday,4,1,14.4,91,14.7,0.0,4.0,0.0,0
2026-04-13T00:00,2026-04-13,0,Monday,4,0,14.8,88,14.9,0.0,5.1,0.0,0
2026-04-13T01:00,2026-04-13,1,Monday,4,0,14.0,91,14.3,0.0,3.8,0.0,0
2026-04-13T02:00,2026-04-13,2,Monday,4,0,13.4,92,13.6,0.0,3.3,0.0,0
2026-04-13T03:00,2026-04-13,3,Monday,4,0,13.1,92,13.1,0.0,3.9,0.0,0
2026-04-13T04:00,2026-04-13,4,Monday,4,0,12.5,92,12.4,0.0,3.6,0.0,0
2026-04-13T05:00,2026-04-13,5,Monday,4,0,13.6,87,14.1,0.0,0.3,0.0,0
2026-04-13T06:00,2026-04-13,6,Monday,4,0,13.2,88,13.2,0.0,2.9,3.0,1
2026-04-13T07:00,2026-04-13,7,Monday,4,0,15.8,82,15.8,0.0,5.3,92.0,1
2026-04-13T08:00,2026-04-13,8,Monday,4,0,20.1,71,21.1,0.0,3.2,271.0,1
2026-04-13T09:00,2026-04-13,9,Monday,4,0,23.8,57,25.1,0.0,1.7,487.0,1
2026-04-13T10:00,2026-04-13,10,Monday,4,0,26.4,45,27.5,0.0,5.5,672.0,1
2026-04-13T11:00,2026-04-13,11,Monday,4,0,28.2,33,28.6,0.0,9.1,808.0,1
2026-04-13T12:00,2026-04-13,12,Monday,4,0,29.0,31,29.1,0.0,11.5,853.0,1
2026-04-13T13:00,2026-04-13,13,Monday,4,0,29.0,31,29.0,0.0,13.3,882.0,1
2026-04-13T14:00,2026-04-13,14,Monday,4,0,29.0,31,28.9,0.0,11.4,831.0,1
2026-04-13T15:00,2026-04-13,15,Monday,4,0,28.8,30,28.2,0.0,9.9,706.0,1
2026-04-13T16:00,2026-04-13,16,Monday,4,0,28.2,32,26.9,0.0,9.6,537.0,1
2026-04-13T17:00,2026-04-13,17,Monday,4,0,27.1,53,29.0,0.0,3.8,334.0,1
2026-04-13T18:00,2026-04-13,18,Monday,4,0,25.2,49,25.9,0.0,4.3,137.0,1
2026-04-13T19:00,2026-04-13,19,Monday,4,0,22.3,51,22.3,0.0,3.9,14.0,0
2026-04-13T20:00,2026-04-13,20,Monday,4,0,18.8,66,18.7,0.0,5.4,0.0,0
2026-04-13T21:00,2026-04-13,21,Monday,4,0,17.3,73,17.2,0.0,6.2,0.0,0
2026-04-13T22:00,2026-04-13,22,Monday,4,0,15.5,83,15.5,0.0,5.2,0.0,0
2026-04-13T23:00,2026-04-13,23,Monday,4,0,14.6,92,15.1,0.0,3.6,0.0,0
2026-04-14T00:00,2026-04-14,0,Tuesday,4,0,14.9,88,15.3,0.0,3.6,0.0,0
2026-04-14T01:00,2026-04-14,1,Tuesday,4,0,14.3,89,14.5,0.0,3.7,0.0,0
2026-04-14T02:00,2026-04-14,2,Tuesday,4,0,13.9,88,13.9,0.0,3.8,0.0,0
2026-04-14T03:00,2026-04-14,3,Tuesday,4,0,13.3,87,13.1,0.0,4.0,0.0,0
2026-04-14T04:00,2026-04-14,4,Tuesday,4,0,12.6,87,12.3,0.0,3.6,0.0,0
2026-04-14T05:00,2026-04-14,5,Tuesday,4,0,12.9,89,13.0,0.0,1.1,0.0,0
2026-04-14T06:00,2026-04-14,6,Tuesday,4,0,13.0,87,12.8,0.0,2.9,3.0,1
2026-04-14T07:00,2026-04-14,7,Tuesday,4,0,15.9,78,16.2,0.0,2.5,97.0,1
2026-04-14T08:00,2026-04-14,8,Tuesday,4,0,20.4,71,21.7,0.0,2.7,289.0,1
2026-04-14T09:00,2026-04-14,9,Tuesday,4,0,23.5,56,24.1,0.0,5.8,496.0,1
2026-04-14T10:00,2026-04-14,10,Tuesday,4,0,26.0,49,27.3,0.0,6.9,677.0,1
2026-04-14T11:00,2026-04-14,11,Tuesday,4,0,28.6,42,30.8,0.0,6.8,810.0,1
2026-04-14T12:00,2026-04-14,12,Tuesday,4,0,30.1,34,31.3,0.0,10.0,884.0,1
2026-04-14T13:00,2026-04-14,13,Tuesday,4,0,30.5,30,31.1,0.0,10.6,891.0,1
2026-04-14T14:00,2026-04-14,14,Tuesday,4,0,30.6,27,30.6,0.0,10.3,830.0,1
2026-04-14T15:00,2026-04-14,15,Tuesday,4,0,30.5,26,30.0,0.0,8.8,716.0,1
2026-04-14T16:00,2026-04-14,16,Tuesday,4,0,30.0,29,28.7,0.0,8.3,544.0,1
2026-04-14T17:00,2026-04-14,17,Tuesday,4,0,28.3,40,28.4,0.0,7.2,339.0,1
2026-04-14T18:00,2026-04-14,18,Tuesday,4,0,25.2,52,26.0,0.0,6.0,137.0,1
2026-04-14T19:00,2026-04-14,19,Tuesday,4,0,22.0,59,22.5,0.0,4.8,14.0,0
2026-04-14T20:00,2026-04-14,20,Tuesday,4,0,18.8,75,19.5,0.0,4.6,0.0,0
2026-04-14T21:00,2026-04-14,21,Tuesday,4,0,16.8,85,17.4,0.0,5.4,0.0,0
2026-04-14T22:00,2026-04-14,22,Tuesday,4,0,15.9,85,16.2,0.0,6.0,0.0,0
2026-04-14T23:00,2026-04-14,23,Tuesday,4,0,14.9,93,15.6,0.0,3.8,0.0,0
2026-04-15T00:00,2026-04-15,0,Wednesday,4,0,15.0,88,15.2,0.0,4.8,0.0,0
2026-04-15T01:00,2026-04-15,1,Wednesday,4,0,14.8,83,14.6,0.0,4.6,0.0,0
2026-04-15T02:00,2026-04-15,2,Wednesday,4,0,14.4,78,14.0,0.0,4.2,0.0,0
2026-04-15T03:00,2026-04-15,3,Wednesday,4,0,13.9,77,13.3,0.0,3.8,0.0,0
2026-04-15T04:00,2026-04-15,4,Wednesday,4,0,13.4,79,12.9,0.0,2.9,0.0,0
2026-04-15T05:00,2026-04-15,5,Wednesday,4,0,13.5,86,13.4,0.0,3.1,0.0,0
2026-04-15T06:00,2026-04-15,6,Wednesday,4,0,14.1,81,13.8,0.0,4.1,4.0,1
2026-04-15T07:00,2026-04-15,7,Wednesday,4,0,17.5,72,17.5,0.0,4.5,99.0,1
2026-04-15T08:00,2026-04-15,8,Wednesday,4,0,22.1,66,23.9,0.0,0.8,288.0,1
2026-04-15T09:00,2026-04-15,9,Wednesday,4,0,25.9,57,27.6,0.0,4.3,497.0,1
2026-04-15T10:00,2026-04-15,10,Wednesday,4,0,28.8,48,31.0,0.0,6.0,676.0,1
2026-04-15T11:00,2026-04-15,11,Wednesday,4,0,30.8,30,31.1,0.0,10.0,803.0,1
2026-04-15T12:00,2026-04-15,12,Wednesday,4,0,31.4,30,31.9,0.0,11.9,860.0,1
2026-04-15T13:00,2026-04-15,13,Wednesday,4,0,31.6,31,32.2,0.0,13.5,881.0,1
2026-04-15T14:00,2026-04-15,14,Wednesday,4,0,31.6,30,31.9,0.0,13.6,847.0,1
2026-04-15T15:00,2026-04-15,15,Wednesday,4,0,31.5,30,31.0,0.0,13.3,725.0,1
2026-04-15T16:00,2026-04-15,16,Wednesday,4,0,30.6,32,29.5,0.0,12.1,533.0,1
2026-04-15T17:00,2026-04-15,17,Wednesday,4,0,28.9,43,29.7,0.0,5.6,343.0,1
2026-04-15T18:00,2026-04-15,18,Wednesday,4,0,27.0,49,28.2,0.0,3.6,143.0,1
2026-04-15T19:00,2026-04-15,19,Wednesday,4,0,23.6,56,24.6,0.0,2.5,15.0,0
2026-04-15T20:00,2026-04-15,20,Wednesday,4,0,20.4,71,21.6,0.0,3.1,0.0,0
2026-04-15T21:00,2026-04-15,21,Wednesday,4,0,18.0,82,18.7,0.0,6.2,0.0,0
2026-04-15T22:00,2026-04-15,22,Wednesday,4,0,16.8,82,17.1,0.0,6.4,0.0,0
2026-04-15T23:00,2026-04-15,23,Wednesday,4,0,16.6,84,17.3,0.0,4.4,0.0,0
2026-04-16T00:00,2026-04-16,0,Thursday,4,0,17.1,76,17.3,0.0,5.1,0.0,0
2026-04-16T01:00,2026-04-16,1,Thursday,4,0,16.7,76,16.8,0.0,4.5,0.0,0
2026-04-16T02:00,2026-04-16,2,Thursday,4,0,16.5,72,16.1,0.0,6.1,0.0,0
2026-04-16T03:00,2026-04-16,3,Thursday,4,0,15.9,71,15.2,0.0,6.1,0.0,0
2026-04-16T04:00,2026-04-16,4,Thursday,4,0,15.4,71,14.6,0.0,6.0,0.0,0
2026-04-16T05:00,2026-04-16,5,Thursday,4,0,17.0,67,16.9,0.0,2.7,0.0,0
2026-04-16T06:00,2026-04-16,6,Thursday,4,0,17.0,67,16.4,0.0,5.5,4.0,1
2026-04-16T07:00,2026-04-16,7,Thursday,4,0,19.2,61,18.6,0.0,8.0,99.0,1
2026-04-16T08:00,2026-04-16,8,Thursday,4,0,22.5,59,23.1,0.0,5.4,276.0,1
2026-04-16T09:00,2026-04-16,9,Thursday,4,0,26.8,46,27.6,0.0,4.6,476.0,1
2026-04-16T10:00,2026-04-16,10,Thursday,4,0,29.6,34,30.4,0.0,1.0,593.0,1
2026-04-16T11:00,2026-04-16,11,Thursday,4,0,31.4,31,32.8,0.0,2.7,725.0,1
2026-04-16T12:00,2026-04-16,12,Thursday,4,0,29.9,37,30.4,0.7,14.5,822.0,1
2026-04-16T13:00,2026-04-16,13,Thursday,4,0,28.5,39,28.3,0.0,8.1,405.0,1
2026-04-16T14:00,2026-04-16,14,Thursday,4,0,29.5,35,29.7,0.0,7.9,640.0,1
2026-04-16T15:00,2026-04-16,15,Thursday,4,0,30.3,31,30.7,0.0,4.6,661.0,1
2026-04-16T16:00,2026-04-16,16,Thursday,4,0,27.9,39,27.5,0.0,7.9,275.0,1
2026-04-16T17:00,2026-04-16,17,Thursday,4,0,25.6,50,24.2,0.0,19.6,266.0,1
2026-04-16T18:00,2026-04-16,18,Thursday,4,0,24.8,52,24.8,0.0,9.1,121.0,1
2026-04-16T19:00,2026-04-16,19,Thursday,4,0,24.0,49,23.1,0.0,11.6,13.0,0
2026-04-16T20:00,2026-04-16,20,Thursday,4,0,23.1,49,22.4,0.0,8.5,0.0,0
2026-04-16T21:00,2026-04-16,21,Thursday,4,0,21.6,53,21.2,0.0,6.4,0.0,0
2026-04-16T22:00,2026-04-16,22,Thursday,4,0,21.0,51,20.1,0.0,6.7,0.0,0
2026-04-16T23:00,2026-04-16,23,Thursday,4,0,21.9,51,21.3,0.0,6.4,0.0,0
2026-04-17T00:00,2026-04-17,0,Friday,4,1,21.2,55,21.2,0.0,3.8,0.0,0
2026-04-17T01:00,2026-04-17,1,Friday,4,1,18.8,77,17.0,1.2,23.0,0.0,0
2026-04-17T02:00,2026-04-17,2,Friday,4,1,19.1,73,19.0,0.0,10.5,0.0,0
2026-04-17T03:00,2026-04-17,3,Friday,4,1,19.8,65,19.0,0.0,11.8,0.0,0
2026-04-17T04:00,2026-04-17,4,Friday,4,1,19.6,62,19.1,0.0,8.0,0.0,0
2026-04-17T05:00,2026-04-17,5,Friday,4,1,20.0,62,20.0,0.0,4.9,0.0,0
2026-04-17T06:00,2026-04-17,6,Friday,4,1,19.0,72,19.5,0.0,4.6,4.0,1
2026-04-17T07:00,2026-04-17,7,Friday,4,1,21.5,59,21.3,0.0,7.6,73.0,1
2026-04-17T08:00,2026-04-17,8,Friday,4,1,24.1,52,25.0,0.0,2.3,247.0,1
2026-04-17T09:00,2026-04-17,9,Friday,4,1,26.5,48,27.8,0.0,1.2,441.0,1
2026-04-17T10:00,2026-04-17,10,Friday,4,1,27.9,43,28.9,0.0,3.1,569.0,1
2026-04-17T11:00,2026-04-17,11,Friday,4,1,24.2,63,25.3,0.0,15.3,724.0,1
2026-04-17T12:00,2026-04-17,12,Friday,4,1,22.0,75,22.3,0.9,16.9,199.0,1
2026-04-17T13:00,2026-04-17,13,Friday,4,1,23.5,59,23.3,0.2,12.9,450.0,1
2026-04-17T14:00,2026-04-17,14,Friday,4,1,23.6,58,22.6,0.1,17.9,340.0,1
2026-04-17T15:00,2026-04-17,15,Friday,4,1,25.5,50,24.3,0.0,19.2,592.0,1
2026-04-17T16:00,2026-04-17,16,Friday,4,1,25.8,45,24.3,0.0,16.4,487.0,1
2026-04-17T17:00,2026-04-17,17,Friday,4,1,26.8,44,27.0,0.0,5.8,313.0,1
2026-04-17T18:00,2026-04-17,18,Friday,4,1,25.4,57,27.4,0.0,1.0,60.0,1
2026-04-17T19:00,2026-04-17,19,Friday,4,1,22.1,65,23.3,0.0,4.1,14.0,0
2026-04-17T20:00,2026-04-17,20,Friday,4,1,20.4,74,21.6,0.0,4.3,0.0,0
2026-04-17T21:00,2026-04-17,21,Friday,4,1,19.6,78,20.9,0.0,4.6,0.0,0
2026-04-17T22:00,2026-04-17,22,Friday,4,1,19.4,76,20.5,0.0,3.9,0.0,0
2026-04-17T23:00,2026-04-17,23,Friday,4,1,19.6,76,20.9,0.0,4.2,0.0,0
2026-04-18T00:00,2026-04-18,0,Saturday,4,1,20.0,71,20.9,0.0,4.5,0.0,0
2026-04-18T01:00,2026-04-18,1,Saturday,4,1,19.4,76,20.5,0.0,4.1,0.0,0
2026-04-18T02:00,2026-04-18,2,Saturday,4,1,19.1,75,19.7,0.0,7.0,0.0,0
2026-04-18T03:00,2026-04-18,3,Saturday,4,1,19.6,65,19.1,0.0,9.3,0.0,0
2026-04-18T04:00,2026-04-18,4,Saturday,4,1,17.5,76,17.9,0.0,4.3,0.0,0
2026-04-18T05:00,2026-04-18,5,Saturday,4,1,18.0,83,19.0,0.0,4.9,0.0,0
2026-04-18T06:00,2026-04-18,6,Saturday,4,1,17.8,79,18.4,0.0,4.6,4.0,1
2026-04-18T07:00,2026-04-18,7,Saturday,4,1,19.8,72,20.4,0.0,6.7,68.0,1
2026-04-18T08:00,2026-04-18,8,Saturday,4,1,22.9,59,23.6,0.0,5.3,192.0,1
2026-04-18T09:00,2026-04-18,9,Saturday,4,1,26.2,48,26.7,0.0,6.7,450.0,1
2026-04-18T10:00,2026-04-18,10,Saturday,4,1,26.6,49,26.9,0.2,10.0,568.0,1
2026-04-18T11:00,2026-04-18,11,Saturday,4,1,28.9,37,29.6,0.0,4.7,644.0,1
2026-04-18T12:00,2026-04-18,12,Saturday,4,1,29.6,38,31.1,0.0,5.6,728.0,1
2026-04-18T13:00,2026-04-18,13,Saturday,4,1,29.9,36,31.3,0.0,3.8,717.0,1
2026-04-18T14:00,2026-04-18,14,Saturday,4,1,30.5,31,32.0,0.0,2.2,761.0,1
2026-04-18T15:00,2026-04-18,15,Saturday,4,1,30.5,30,31.0,0.0,2.3,629.0,1
2026-04-18T16:00,2026-04-18,16,Saturday,4,1,30.4,33,30.2,0.0,5.8,393.0,1
2026-04-18T17:00,2026-04-18,17,Saturday,4,1,28.2,41,27.8,0.0,10.9,190.0,1
2026-04-18T18:00,2026-04-18,18,Saturday,4,1,26.0,52,25.6,0.0,14.9,105.0,1
2026-04-18T19:00,2026-04-18,19,Saturday,4,1,23.8,60,24.2,0.0,9.4,12.0,0
2026-04-18T20:00,2026-04-18,20,Saturday,4,1,22.4,67,23.3,0.0,7.1,0.0,0
2026-04-18T21:00,2026-04-18,21,Saturday,4,1,21.0,73,22.5,0.0,4.6,0.0,0
2026-04-18T22:00,2026-04-18,22,Saturday,4,1,20.7,77,22.6,0.0,2.8,0.0,0
2026-04-18T23:00,2026-04-18,23,Saturday,4,1,20.4,83,22.2,0.0,6.1,0.0,0
2026-04-19T00:00,2026-04-19,0,Sunday,4,1,19.9,81,20.3,0.1,12.7,0.0,0
2026-04-19T01:00,2026-04-19,1,Sunday,4,1,19.7,75,19.7,0.0,11.6,0.0,0
2026-04-19T02:00,2026-04-19,2,Sunday,4,1,19.8,67,19.1,0.0,12.7,0.0,0
2026-04-19T03:00,2026-04-19,3,Sunday,4,1,19.8,63,19.3,0.0,8.6,0.0,0
2026-04-19T04:00,2026-04-19,4,Sunday,4,1,18.5,72,19.3,0.0,1.9,0.0,0
2026-04-19T05:00,2026-04-19,5,Sunday,4,1,17.7,89,19.2,0.0,3.2,0.0,0
2026-04-19T06:00,2026-04-19,6,Sunday,4,1,17.5,90,19.4,0.0,1.1,5.0,1
2026-04-19T07:00,2026-04-19,7,Sunday,4,1,19.1,86,20.9,0.0,4.3,81.0,1
2026-04-19T08:00,2026-04-19,8,Sunday,4,1,22.0,73,23.9,0.0,4.1,242.0,1
2026-04-19T09:00,2026-04-19,9,Sunday,4,1,24.3,59,25.3,0.0,6.8,458.0,1
2026-04-19T10:00,2026-04-19,10,Sunday,4,1,26.5,46,27.4,0.0,7.1,665.0,1
2026-04-19T11:00,2026-04-19,11,Sunday,4,1,28.4,39,30.0,0.0,6.7,801.0,1
2026-04-19T12:00,2026-04-19,12,Sunday,4,1,29.6,36,31.1,0.0,9.4,877.0,1
2026-04-19T13:00,2026-04-19,13,Sunday,4,1,30.2,36,32.0,0.0,8.4,876.0,1
2026-04-19T14:00,2026-04-19,14,Sunday,4,1,30.1,36,31.5,0.0,8.7,797.0,1
2026-04-19T15:00,2026-04-19,15,Sunday,4,1,30.1,35,31.0,0.0,6.8,691.0,1
2026-04-19T16:00,2026-04-19,16,Sunday,4,1,29.9,34,29.8,0.0,5.0,525.0,1
2026-04-19T17:00,2026-04-19,17,Sunday,4,1,28.8,40,29.1,0.0,6.7,326.0,1
2026-04-19T18:00,2026-04-19,18,Sunday,4,1,26.8,55,28.6,0.0,3.9,139.0,1
2026-04-19T19:00,2026-04-19,19,Sunday,4,1,23.4,60,24.3,0.0,5.5,17.0,0
2026-04-19T20:00,2026-04-19,20,Sunday,4,1,21.2,72,22.6,0.0,4.6,0.0,0
2026-04-19T21:00,2026-04-19,21,Sunday,4,1,19.2,84,20.8,0.0,4.6,0.0,0
2026-04-19T22:00,2026-04-19,22,Sunday,4,1,18.0,88,19.4,0.0,4.7,0.0,0
2026-04-19T23:00,2026-04-19,23,Sunday,4,1,17.3,94,19.2,0.0,2.5,0.0,0
2026-04-20T00:00,2026-04-20,0,Monday,4,0,17.6,92,19.4,0.0,3.2,0.0,0
2026-04-20T01:00,2026-04-20,1,Monday,4,0,17.4,91,19.1,0.0,2.4,0.0,0
2026-04-20T02:00,2026-04-20,2,Monday,4,0,17.0,90,18.3,0.0,3.1,0.0,0
2026-04-20T03:00,2026-04-20,3,Monday,4,0,16.3,89,17.2,0.0,4.0,0.0,0
2026-04-20T04:00,2026-04-20,4,Monday,4,0,15.7,87,16.2,0.0,4.3,0.0,0
2026-04-20T05:00,2026-04-20,5,Monday,4,0,17.1,75,17.9,0.0,1.0,0.0,0
2026-04-20T06:00,2026-04-20,6,Monday,4,0,17.2,74,17.9,0.0,1.0,7.0,1
2026-04-20T07:00,2026-04-20,7,Monday,4,0,19.6,68,20.7,0.0,0.4,111.0,1
2026-04-20T08:00,2026-04-20,8,Monday,4,0,22.5,60,23.7,0.0,2.4,302.0,1
2026-04-20T09:00,2026-04-20,9,Monday,4,0,25.4,51,26.4,0.0,3.5,505.0,1
2026-04-20T10:00,2026-04-20,10,Monday,4,0,28.1,39,29.1,0.0,4.8,683.0,1
2026-04-20T11:00,2026-04-20,11,Monday,4,0,30.0,33,31.1,0.0,6.3,783.0,1
2026-04-20T12:00,2026-04-20,12,Monday,4,0,31.5,30,32.6,0.0,7.2,828.0,1
2026-04-20T13:00,2026-04-20,13,Monday,4,0,32.7,25,34.2,0.0,5.7,897.0,1
2026-04-20T14:00,2026-04-20,14,Monday,4,0,33.0,24,33.4,0.0,7.9,830.0,1
2026-04-20T15:00,2026-04-20,15,Monday,4,0,32.4,24,31.5,0.0,9.8,689.0,1
2026-04-20T16:00,2026-04-20,16,Monday,4,0,32.2,24,30.5,0.0,8.8,534.0,1
2026-04-20T17:00,2026-04-20,17,Monday,4,0,30.9,32,30.5,0.0,6.8,338.0,1
2026-04-20T18:00,2026-04-20,18,Monday,4,0,28.0,40,28.1,0.0,6.5,147.0,1
2026-04-20T19:00,2026-04-20,19,Monday,4,0,24.5,49,24.5,0.0,6.1,18.0,0
2026-04-20T20:00,2026-04-20,20,Monday,4,0,21.5,66,22.5,0.0,4.5,0.0,0
2026-04-20T21:00,2026-04-20,21,Monday,4,0,19.3,79,20.6,0.0,4.2,0.0,0
2026-04-20T22:00,2026-04-20,22,Monday,4,0,18.1,86,19.4,0.0,4.2,0.0,0
2026-04-20T23:00,2026-04-20,23,Monday,4,0,17.9,88,19.5,0.0,2.5,0.0,0
2026-04-21T00:00,2026-04-21,0,Tuesday,4,0,17.8,87,19.2,0.0,3.4,0.0,0
2026-04-21T01:00,2026-04-21,1,Tuesday,4,0,17.0,87,18.1,0.0,3.6,0.0,0
2026-04-21T02:00,2026-04-21,2,Tuesday,4,0,16.4,85,17.0,0.0,3.6,0.0,0
2026-04-21T03:00,2026-04-21,3,Tuesday,4,0,16.2,82,16.8,0.0,2.7,0.0,0
2026-04-21T04:00,2026-04-21,4,Tuesday,4,0,15.9,81,16.3,0.0,2.4,0.0,0
2026-04-21T05:00,2026-04-21,5,Tuesday,4,0,16.2,83,17.1,0.0,1.4,0.0,0
2026-04-21T06:00,2026-04-21,6,Tuesday,4,0,16.3,81,16.9,0.0,2.5,8.0,1
2026-04-21T07:00,2026-04-21,7,Tuesday,4,0,19.7,67,20.2,0.0,4.0,116.0,1
2026-04-21T08:00,2026-04-21,8,Tuesday,4,0,24.1,57,25.5,0.0,2.3,308.0,1
2026-04-21T09:00,2026-04-21,9,Tuesday,4,0,27.3,45,28.0,0.0,5.2,512.0,1
2026-04-21T10:00,2026-04-21,10,Tuesday,4,0,30.0,36,31.2,0.0,5.8,692.0,1
2026-04-21T11:00,2026-04-21,11,Tuesday,4,0,32.2,27,33.4,0.0,5.6,825.0,1
2026-04-21T12:00,2026-04-21,12,Tuesday,4,0,33.5,22,34.1,0.0,8.7,896.0,1
2026-04-21T13:00,2026-04-21,13,Tuesday,4,0,33.6,23,33.5,0.0,12.7,876.0,1
2026-04-21T14:00,2026-04-21,14,Tuesday,4,0,33.6,23,33.1,0.0,12.5,809.0,1
2026-04-21T15:00,2026-04-21,15,Tuesday,4,0,33.6,22,32.6,0.0,11.8,722.0,1
2026-04-21T16:00,2026-04-21,16,Tuesday,4,0,33.0,23,31.0,0.0,11.9,539.0,1
2026-04-21T17:00,2026-04-21,17,Tuesday,4,0,31.5,29,31.1,0.0,6.1,338.0,1
2026-04-21T18:00,2026-04-21,18,Tuesday,4,0,28.5,43,29.3,0.0,5.2,140.0,1
2026-04-21T19:00,2026-04-21,19,Tuesday,4,0,26.1,46,26.9,0.0,2.2,17.0,0
2026-04-21T20:00,2026-04-21,20,Tuesday,4,0,23.4,59,24.7,0.0,2.2,0.0,0
2026-04-21T21:00,2026-04-21,21,Tuesday,4,0,21.0,71,22.2,0.0,3.8,0.0,0
2026-04-21T22:00,2026-04-21,22,Tuesday,4,0,19.6,76,20.7,0.0,4.6,0.0,0
2026-04-21T23:00,2026-04-21,23,Tuesday,4,0,18.6,81,19.9,0.0,3.6,0.0,0
2026-04-22T00:00,2026-04-22,0,Wednesday,4,0,18.5,76,19.3,0.0,3.9,0.0,0
2026-04-22T01:00,2026-04-22,1,Wednesday,4,0,17.9,75,18.4,0.0,3.8,0.0,0
2026-04-22T02:00,2026-04-22,2,Wednesday,4,0,17.5,74,17.8,0.0,3.7,0.0,0
2026-04-22T03:00,2026-04-22,3,Wednesday,4,0,17.5,71,17.9,0.0,2.1,0.0,0
2026-04-22T04:00,2026-04-22,4,Wednesday,4,0,17.1,71,17.6,0.0,1.4,0.0,0
2026-04-22T05:00,2026-04-22,5,Wednesday,4,0,16.4,77,16.8,0.0,2.3,0.0,0
2026-04-22T06:00,2026-04-22,6,Wednesday,4,0,16.9,76,17.4,0.0,1.3,8.0,1
2026-04-22T07:00,2026-04-22,7,Wednesday,4,0,20.0,65,21.0,0.0,0.8,117.0,1
2026-04-22T08:00,2026-04-22,8,Wednesday,4,0,24.8,53,25.7,0.0,3.3,308.0,1
2026-04-22T09:00,2026-04-22,9,Wednesday,4,0,28.6,40,29.3,0.0,3.6,510.0,1
2026-04-22T10:00,2026-04-22,10,Wednesday,4,0,32.2,33,34.1,0.0,2.3,687.0,1
2026-04-22T11:00,2026-04-22,11,Wednesday,4,0,34.3,24,35.4,0.0,6.5,819.0,1
2026-04-22T12:00,2026-04-22,12,Wednesday,4,0,35.3,20,35.5,0.0,10.5,891.0,1
2026-04-22T13:00,2026-04-22,13,Wednesday,4,0,35.4,21,35.5,0.0,12.0,896.0,1
2026-04-22T14:00,2026-04-22,14,Wednesday,4,0,35.3,22,35.5,0.0,11.0,835.0,1
2026-04-22T15:00,2026-04-22,15,Wednesday,4,0,35.2,23,35.2,0.0,8.5,714.0,1
2026-04-22T16:00,2026-04-22,16,Wednesday,4,0,34.8,24,33.9,0.0,7.9,545.0,1
2026-04-22T17:00,2026-04-22,17,Wednesday,4,0,33.6,34,35.0,0.0,3.0,345.0,1
2026-04-22T18:00,2026-04-22,18,Wednesday,4,0,32.0,39,34.0,0.0,1.7,144.0,1
2026-04-22T19:00,2026-04-22,19,Wednesday,4,0,29.1,42,30.3,0.0,2.4,19.0,0
2026-04-22T20:00,2026-04-22,20,Wednesday,4,0,26.0,53,27.4,0.0,4.0,0.0,0
2026-04-22T21:00,2026-04-22,21,Wednesday,4,0,23.5,61,24.7,0.0,5.3,0.0,0
2026-04-22T22:00,2026-04-22,22,Wednesday,4,0,22.7,63,24.0,0.0,3.2,0.0,0
2026-04-22T23:00,2026-04-22,23,Wednesday,4,0,22.1,69,24.1,0.0,1.1,0.0,0
2026-04-23T00:00,2026-04-23,0,Thursday,4,0,22.6,61,23.5,0.0,4.5,0.0,0
2026-04-23T01:00,2026-04-23,1,Thursday,4,0,23.0,55,23.5,0.0,5.3,0.0,0
2026-04-23T02:00,2026-04-23,2,Thursday,4,0,24.2,54,23.7,0.0,13.7,0.0,0
2026-04-23T03:00,2026-04-23,3,Thursday,4,0,24.1,53,23.2,0.0,14.9,0.0,0
2026-04-23T04:00,2026-04-23,4,Thursday,4,0,23.4,53,23.4,0.0,6.9,0.0,0
2026-04-23T05:00,2026-04-23,5,Thursday,4,0,21.1,61,21.7,0.0,2.6,0.0,0
2026-04-23T06:00,2026-04-23,6,Thursday,4,0,21.7,62,22.8,0.0,1.6,8.0,1
2026-04-23T07:00,2026-04-23,7,Thursday,4,0,24.2,51,24.6,0.0,5.0,65.0,1
2026-04-23T08:00,2026-04-23,8,Thursday,4,0,25.0,51,24.9,0.0,10.4,145.0,1
2026-04-23T09:00,2026-04-23,9,Thursday,4,0,28.0,46,29.1,0.0,4.6,286.0,1
2026-04-23T10:00,2026-04-23,10,Thursday,4,0,29.7,41,30.4,0.0,6.2,327.0,1
2026-04-23T11:00,2026-04-23,11,Thursday,4,0,33.1,32,34.2,0.0,2.2,550.0,1
2026-04-23T12:00,2026-04-23,12,Thursday,4,0,34.6,25,36.0,0.0,1.8,722.0,1
2026-04-23T13:00,2026-04-23,13,Thursday,4,0,35.8,22,36.7,0.0,4.9,761.0,1
2026-04-23T14:00,2026-04-23,14,Thursday,4,0,34.7,23,34.3,0.1,3.6,505.0,1
2026-04-23T15:00,2026-04-23,15,Thursday,4,0,34.8,22,34.1,0.0,6.8,606.0,1
2026-04-23T16:00,2026-04-23,16,Thursday,4,0,33.7,27,33.5,0.0,5.5,345.0,1
2026-04-23T17:00,2026-04-23,17,Thursday,4,0,33.8,45,37.3,0.0,2.9,177.0,1
2026-04-23T18:00,2026-04-23,18,Thursday,4,0,31.5,37,31.9,0.0,8.7,111.0,1
2026-04-23T19:00,2026-04-23,19,Thursday,4,0,29.0,48,29.8,0.0,11.7,20.0,0
2026-04-23T20:00,2026-04-23,20,Thursday,4,0,26.6,56,28.2,0.0,5.7,0.0,0
2026-04-23T21:00,2026-04-23,21,Thursday,4,0,24.9,65,27.3,0.0,2.5,0.0,0
2026-04-23T22:00,2026-04-23,22,Thursday,4,0,23.6,70,25.9,0.0,3.2,0.0,0
2026-04-23T23:00,2026-04-23,23,Thursday,4,0,22.8,76,25.7,0.0,1.2,0.0,0
2026-04-24T00:00,2026-04-24,0,Friday,4,1,23.6,73,26.5,0.0,2.4,0.0,0
2026-04-24T01:00,2026-04-24,1,Friday,4,1,23.5,71,25.7,0.0,4.4,0.0,0
2026-04-24T02:00,2026-04-24,2,Friday,4,1,23.2,68,25.5,0.0,1.6,0.0,0
2026-04-24T03:00,2026-04-24,3,Friday,4,1,22.1,69,24.0,0.0,2.3,0.0,0
2026-04-24T04:00,2026-04-24,4,Friday,4,1,21.6,71,23.4,0.0,2.3,0.0,0
2026-04-24T05:00,2026-04-24,5,Friday,4,1,20.3,80,22.6,0.0,0.7,0.0,0
2026-04-24T06:00,2026-04-24,6,Friday,4,1,21.0,77,23.1,0.0,1.9,9.0,1
2026-04-24T07:00,2026-04-24,7,Friday,4,1,24.0,60,25.7,0.0,2.4,102.0,1
2026-04-24T08:00,2026-04-24,8,Friday,4,1,27.7,49,29.4,0.0,2.2,302.0,1
2026-04-24T09:00,2026-04-24,9,Friday,4,1,30.6,40,32.1,0.0,2.7,502.0,1
2026-04-24T10:00,2026-04-24,10,Friday,4,1,33.3,32,35.1,0.0,3.5,676.0,1
2026-04-24T11:00,2026-04-24,11,Friday,4,1,35.3,24,37.2,0.0,1.9,801.0,1
2026-04-24T12:00,2026-04-24,12,Friday,4,1,35.8,20,36.1,0.0,7.9,836.0,1
2026-04-24T13:00,2026-04-24,13,Friday,4,1,35.8,20,36.1,0.0,8.1,854.0,1
2026-04-24T14:00,2026-04-24,14,Friday,4,1,35.8,20,35.8,0.0,6.9,755.0,1
2026-04-24T15:00,2026-04-24,15,Friday,4,1,33.2,24,30.5,0.0,18.8,331.0,1
2026-04-24T16:00,2026-04-24,16,Friday,4,1,30.7,35,29.8,0.0,13.9,117.0,1
2026-04-24T17:00,2026-04-24,17,Friday,4,1,29.9,41,29.7,0.0,13.3,149.0,1
2026-04-24T18:00,2026-04-24,18,Friday,4,1,26.0,59,27.0,0.4,11.5,78.0,1
2026-04-24T19:00,2026-04-24,19,Friday,4,1,25.0,62,26.6,0.0,6.8,17.0,0
2026-04-24T20:00,2026-04-24,20,Friday,4,1,24.9,62,26.1,0.0,8.4,0.0,0
2026-04-24T21:00,2026-04-24,21,Friday,4,1,24.4,58,24.5,0.0,11.8,0.0,0
2026-04-24T22:00,2026-04-24,22,Friday,4,1,23.9,56,24.0,0.0,9.2,0.0,0
2026-04-24T23:00,2026-04-24,23,Friday,4,1,23.6,61,25.4,0.0,1.3,0.0,0
2026-04-25T00:00,2026-04-25,0,Saturday,4,1,23.5,61,24.5,0.0,5.8,0.0,0
2026-04-25T01:00,2026-04-25,1,Saturday,4,1,22.2,66,23.4,0.0,4.7,0.0,0
2026-04-25T02:00,2026-04-25,2,Saturday,4,1,21.3,70,22.8,0.0,2.5,0.0,0
2026-04-25T03:00,2026-04-25,3,Saturday,4,1,20.8,70,22.2,0.0,2.3,0.0,0
2026-04-25T04:00,2026-04-25,4,Saturday,4,1,20.5,69,21.9,0.0,0.9,0.0,0
2026-04-25T05:00,2026-04-25,5,Saturday,4,1,20.9,69,21.5,0.0,7.4,0.0,0
2026-04-25T06:00,2026-04-25,6,Saturday,4,1,22.6,55,22.2,0.0,9.4,10.0,1
2026-04-25T07:00,2026-04-25,7,Saturday,4,1,24.0,56,24.6,0.0,6.3,119.0,1
2026-04-25T08:00,2026-04-25,8,Saturday,4,1,26.1,51,26.7,0.0,7.7,298.0,1
2026-04-25T09:00,2026-04-25,9,Saturday,4,1,28.3,44,29.0,0.0,6.0,494.0,1
2026-04-25T10:00,2026-04-25,10,Saturday,4,1,30.4,38,31.8,0.0,4.9,674.0,1
2026-04-25T11:00,2026-04-25,11,Saturday,4,1,32.7,28,34.7,0.0,2.1,800.0,1
2026-04-25T12:00,2026-04-25,12,Saturday,4,1,34.1,26,36.0,0.0,4.2,867.0,1
2026-04-25T13:00,2026-04-25,13,Saturday,4,1,34.5,25,35.9,0.0,7.2,873.0,1
2026-04-25T14:00,2026-04-25,14,Saturday,4,1,34.8,24,36.1,0.0,6.1,814.0,1
2026-04-25T15:00,2026-04-25,15,Saturday,4,1,34.8,24,34.8,0.0,8.6,675.0,1
2026-04-25T16:00,2026-04-25,16,Saturday,4,1,34.0,25,32.9,0.0,10.4,520.0,1
2026-04-25T17:00,2026-04-25,17,Saturday,4,1,34.0,24,33.1,0.0,7.9,340.0,1
2026-04-25T18:00,2026-04-25,18,Saturday,4,1,31.8,29,31.3,0.0,6.8,149.0,1
2026-04-25T19:00,2026-04-25,19,Saturday,4,1,28.4,40,28.8,0.0,5.0,22.0,0
2026-04-25T20:00,2026-04-25,20,Saturday,4,1,26.4,47,27.1,0.0,4.5,0.0,0
2026-04-25T21:00,2026-04-25,21,Saturday,4,1,24.7,57,26.3,0.0,1.6,0.0,0
2026-04-25T22:00,2026-04-25,22,Saturday,4,1,22.9,65,24.7,0.0,1.8,0.0,0
2026-04-25T23:00,2026-04-25,23,Saturday,4,1,21.9,72,23.8,0.0,2.3,0.0,0
2026-04-26T00:00,2026-04-26,0,Sunday,4,1,21.5,72,23.0,0.0,3.6,0.0,0
2026-04-26T01:00,2026-04-26,1,Sunday,4,1,20.6,74,22.1,0.0,3.3,0.0,0
2026-04-26T02:00,2026-04-26,2,Sunday,4,1,19.9,75,21.2,0.0,2.9,0.0,0
2026-04-26T03:00,2026-04-26,3,Sunday,4,1,19.1,76,20.3,0.0,3.0,0.0,0
2026-04-26T04:00,2026-04-26,4,Sunday,4,1,18.5,78,19.7,0.0,2.4,0.0,0
2026-04-26T05:00,2026-04-26,5,Sunday,4,1,19.8,74,21.2,0.0,1.3,0.0,0
2026-04-26T06:00,2026-04-26,6,Sunday,4,1,19.8,72,20.8,0.0,3.2,12.0,1
2026-04-26T07:00,2026-04-26,7,Sunday,4,1,22.6,62,24.3,0.0,0.5,127.0,1
2026-04-26T08:00,2026-04-26,8,Sunday,4,1,27.0,49,28.2,0.0,3.1,319.0,1
2026-04-26T09:00,2026-04-26,9,Sunday,4,1,30.8,36,31.8,0.0,1.9,522.0,1
2026-04-26T10:00,2026-04-26,10,Sunday,4,1,34.0,21,33.5,0.0,7.5,698.0,1
2026-04-26T11:00,2026-04-26,11,Sunday,4,1,35.1,19,34.7,0.0,10.1,834.0,1
2026-04-26T12:00,2026-04-26,12,Sunday,4,1,35.5,19,35.2,0.0,12.2,902.0,1
2026-04-26T13:00,2026-04-26,13,Sunday,4,1,35.9,19,35.5,0.0,13.5,906.0,1
2026-04-26T14:00,2026-04-26,14,Sunday,4,1,36.0,18,35.1,0.0,13.5,841.0,1
2026-04-26T15:00,2026-04-26,15,Sunday,4,1,35.8,18,34.2,0.0,13.2,730.0,1
2026-04-26T16:00,2026-04-26,16,Sunday,4,1,35.2,19,32.8,0.0,12.4,542.0,1
2026-04-26T17:00,2026-04-26,17,Sunday,4,1,34.2,20,31.8,0.0,13.0,357.0,1
2026-04-26T18:00,2026-04-26,18,Sunday,4,1,32.4,23,31.1,0.0,6.6,158.0,1
2026-04-26T19:00,2026-04-26,19,Sunday,4,1,29.1,32,28.6,0.0,4.6,23.0,0
2026-04-26T20:00,2026-04-26,20,Sunday,4,1,26.3,41,26.4,0.0,3.5,0.0,0
2026-04-26T21:00,2026-04-26,21,Sunday,4,1,23.8,52,24.2,0.0,4.0,0.0,0
2026-04-26T22:00,2026-04-26,22,Sunday,4,1,22.6,60,23.4,0.0,4.4,0.0,0
2026-04-26T23:00,2026-04-26,23,Sunday,4,1,22.0,65,23.5,0.0,2.0,0.0,0
2026-04-27T00:00,2026-04-27,0,Monday,4,0,21.4,67,22.6,0.0,2.8,0.0,0
2026-04-27T01:00,2026-04-27,1,Monday,4,0,21.0,68,22.5,0.0,1.3,0.0,0
2026-04-27T02:00,2026-04-27,2,Monday,4,0,20.9,67,22.2,0.0,1.3,0.0,0
2026-04-27T03:00,2026-04-27,3,Monday,4,0,20.5,67,21.4,0.0,2.4,0.0,0
2026-04-27T04:00,2026-04-27,4,Monday,4,0,19.7,67,20.3,0.0,3.4,0.0,0
2026-04-27T05:00,2026-04-27,5,Monday,4,0,20.0,67,21.1,0.0,1.3,0.0,0
2026-04-27T06:00,2026-04-27,6,Monday,4,0,20.4,68,21.4,0.0,2.7,12.0,1
2026-04-27T07:00,2026-04-27,7,Monday,4,0,23.8,57,24.8,0.0,3.6,119.0,1
2026-04-27T08:00,2026-04-27,8,Monday,4,0,27.3,45,28.4,0.0,2.8,304.0,1
2026-04-27T09:00,2026-04-27,9,Monday,4,0,30.5,35,31.1,0.0,2.8,501.0,1
2026-04-27T10:00,2026-04-27,10,Monday,4,0,33.0,30,34.4,0.0,2.0,664.0,1
2026-04-27T11:00,2026-04-27,11,Monday,4,0,34.5,25,35.2,0.0,6.3,750.0,1
2026-04-27T12:00,2026-04-27,12,Monday,4,0,35.1,22,35.3,0.0,6.5,721.0,1
2026-04-27T13:00,2026-04-27,13,Monday,4,0,35.8,18,35.3,0.0,8.9,778.0,1
2026-04-27T14:00,2026-04-27,14,Monday,4,0,36.1,17,35.7,0.0,8.0,808.0,1
2026-04-27T15:00,2026-04-27,15,Monday,4,0,36.2,18,35.5,0.0,7.4,694.0,1
2026-04-27T16:00,2026-04-27,16,Monday,4,0,35.7,19,34.3,0.0,7.1,503.0,1
2026-04-27T17:00,2026-04-27,17,Monday,4,0,35.3,20,34.6,0.0,2.3,318.0,1
2026-04-27T18:00,2026-04-27,18,Monday,4,0,33.0,34,34.1,0.0,3.6,156.0,1
2026-04-27T19:00,2026-04-27,19,Monday,4,0,30.4,31,30.2,0.0,4.5,23.0,0
2026-04-27T20:00,2026-04-27,20,Monday,4,0,27.9,37,28.1,0.0,2.6,0.0,0
2026-04-27T21:00,2026-04-27,21,Monday,4,0,25.5,45,25.7,0.0,4.4,0.0,0
2026-04-27T22:00,2026-04-27,22,Monday,4,0,24.4,49,24.6,0.0,4.9,0.0,0
2026-04-27T23:00,2026-04-27,23,Monday,4,0,24.5,51,25.2,0.0,3.3,0.0,0
2026-04-28T00:00,2026-04-28,0,Tuesday,4,0,24.8,48,25.6,0.0,1.7,0.0,0
2026-04-28T01:00,2026-04-28,1,Tuesday,4,0,24.6,49,25.3,0.0,2.1,0.0,0
2026-04-28T02:00,2026-04-28,2,Tuesday,4,0,25.0,44,24.5,0.0,6.8,0.0,0
2026-04-28T03:00,2026-04-28,3,Tuesday,4,0,27.2,35,25.0,0.0,15.9,0.0,0
2026-04-28T04:00,2026-04-28,4,Tuesday,4,0,26.5,37,24.9,0.0,12.3,0.0,0
2026-04-28T05:00,2026-04-28,5,Tuesday,4,0,25.3,43,24.5,0.0,9.3,0.0,0
2026-04-28T06:00,2026-04-28,6,Tuesday,4,0,24.7,49,24.9,0.0,5.9,8.0,1
2026-04-28T07:00,2026-04-28,7,Tuesday,4,0,25.5,48,25.4,0.0,9.5,41.0,1
2026-04-28T08:00,2026-04-28,8,Tuesday,4,0,27.7,41,27.6,0.0,7.4,195.0,1
2026-04-28T09:00,2026-04-28,9,Tuesday,4,0,28.1,40,27.2,0.0,12.9,288.0,1
2026-04-28T10:00,2026-04-28,10,Tuesday,4,0,28.1,40,27.8,0.0,9.5,226.0,1
2026-04-28T11:00,2026-04-28,11,Tuesday,4,0,30.3,35,30.5,0.0,5.9,312.0,1
2026-04-28T12:00,2026-04-28,12,Tuesday,4,0,31.5,33,32.2,0.0,6.0,631.0,1
2026-04-28T13:00,2026-04-28,13,Tuesday,4,0,31.9,32,32.1,0.0,12.5,737.0,1
2026-04-28T14:00,2026-04-28,14,Tuesday,4,0,29.0,43,29.4,1.1,8.8,465.0,1
2026-04-28T15:00,2026-04-28,15,Tuesday,4,0,24.1,68,26.6,4.4,2.8,229.0,1
2026-04-28T16:00,2026-04-28,16,Tuesday,4,0,25.6,55,25.8,0.0,12.4,258.0,1
2026-04-28T17:00,2026-04-28,17,Tuesday,4,0,28.5,40,29.1,0.5,3.6,263.0,1
2026-04-28T18:00,2026-04-28,18,Tuesday,4,0,27.9,54,30.4,0.0,1.9,112.0,1
2026-04-28T19:00,2026-04-28,19,Tuesday,4,0,26.0,54,27.6,0.4,2.9,20.0,0
2026-04-28T20:00,2026-04-28,20,Tuesday,4,0,24.8,61,27.0,0.4,1.5,0.0,0
2026-04-28T21:00,2026-04-28,21,Tuesday,4,0,22.2,77,23.7,2.5,10.2,0.0,0
2026-04-28T22:00,2026-04-28,22,Tuesday,4,0,22.3,75,24.3,0.0,5.2,0.0,0
2026-04-28T23:00,2026-04-28,23,Tuesday,4,0,21.7,82,24.7,0.0,0.4,0.0,0
2026-04-29T00:00,2026-04-29,0,Wednesday,4,0,21.2,86,24.4,0.5,0.8,0.0,0
2026-04-29T01:00,2026-04-29,1,Wednesday,4,0,20.9,88,24.1,0.1,0.5,0.0,0
2026-04-29T02:00,2026-04-29,2,Wednesday,4,0,20.6,89,23.8,0.0,0.6,0.0,0
2026-04-29T03:00,2026-04-29,3,Wednesday,4,0,20.4,92,23.6,0.0,1.2,0.0,0
2026-04-29T04:00,2026-04-29,4,Wednesday,4,0,20.1,93,23.2,0.0,2.1,0.0,0
2026-04-29T05:00,2026-04-29,5,Wednesday,4,0,20.9,83,23.5,0.0,1.9,0.0,0
2026-04-29T06:00,2026-04-29,6,Wednesday,4,0,20.8,83,23.3,0.0,2.6,8.0,1
2026-04-29T07:00,2026-04-29,7,Wednesday,4,0,22.2,78,24.7,0.0,3.8,86.0,1
2026-04-29T08:00,2026-04-29,8,Wednesday,4,0,24.1,65,25.9,0.0,5.0,256.0,1
2026-04-29T09:00,2026-04-29,9,Wednesday,4,0,26.6,51,27.7,0.0,6.4,473.0,1
2026-04-29T10:00,2026-04-29,10,Wednesday,4,0,28.0,44,28.3,0.0,10.6,600.0,1
2026-04-29T11:00,2026-04-29,11,Wednesday,4,0,29.2,34,28.4,0.0,13.9,670.0,1
2026-04-29T12:00,2026-04-29,12,Wednesday,4,0,28.5,38,28.4,0.0,16.1,804.0,1
2026-04-29T13:00,2026-04-29,13,Wednesday,4,0,30.0,35,30.7,0.0,12.8,869.0,1
2026-04-29T14:00,2026-04-29,14,Wednesday,4,0,30.0,32,29.9,0.0,12.5,751.0,1
2026-04-29T15:00,2026-04-29,15,Wednesday,4,0,30.1,31,29.1,0.0,11.8,606.0,1
2026-04-29T16:00,2026-04-29,16,Wednesday,4,0,29.8,31,28.8,0.0,8.0,464.0,1
2026-04-29T17:00,2026-04-29,17,Wednesday,4,0,26.5,47,25.8,0.0,14.5,306.0,1
2026-04-29T18:00,2026-04-29,18,Wednesday,4,0,26.0,45,25.7,0.0,9.0,133.0,1
2026-04-29T19:00,2026-04-29,19,Wednesday,4,0,25.0,50,25.1,0.0,8.9,21.0,0
2026-04-29T20:00,2026-04-29,20,Wednesday,4,0,23.6,57,24.0,0.0,8.1,0.0,0
2026-04-29T21:00,2026-04-29,21,Wednesday,4,0,22.2,61,22.8,0.0,5.9,0.0,0
2026-04-29T22:00,2026-04-29,22,Wednesday,4,0,21.0,64,21.6,0.0,5.2,0.0,0
2026-04-29T23:00,2026-04-29,23,Wednesday,4,0,21.0,67,22.1,0.0,3.5,0.0,0
2026-04-30T00:00,2026-04-30,0,Thursday,4,0,20.5,71,21.8,0.0,3.2,0.0,0
2026-04-30T01:00,2026-04-30,1,Thursday,4,0,19.7,77,21.3,0.0,2.2,0.0,0
2026-04-30T02:00,2026-04-30,2,Thursday,4,0,19.2,80,21.0,0.0,1.5,0.0,0
2026-04-30T03:00,2026-04-30,3,Thursday,4,0,18.5,84,20.1,0.0,2.5,0.0,0
2026-04-30T04:00,2026-04-30,4,Thursday,4,0,17.9,85,19.3,0.0,3.0,0.0,0
2026-04-30T05:00,2026-04-30,5,Thursday,4,0,18.1,83,19.7,0.0,1.5,0.0,0
2026-04-30T06:00,2026-04-30,6,Thursday,4,0,19.0,80,20.4,0.0,3.4,14.0,1
2026-04-30T07:00,2026-04-30,7,Thursday,4,0,22.0,69,23.8,0.0,2.8,130.0,1
2026-04-30T08:00,2026-04-30,8,Thursday,4,0,25.6,52,27.1,0.0,1.6,316.0,1
2026-04-30T09:00,2026-04-30,9,Thursday,4,0,28.4,41,29.4,0.0,1.8,511.0,1
2026-04-30T10:00,2026-04-30,10,Thursday,4,0,30.3,35,31.9,0.0,1.7,679.0,1
2026-04-30T11:00,2026-04-30,11,Thursday,4,0,30.6,32,31.9,0.0,4.1,754.0,1
2026-04-30T12:00,2026-04-30,12,Thursday,4,0,31.8,29,32.6,0.0,7.6,784.0,1
2026-04-30T13:00,2026-04-30,13,Thursday,4,0,31.6,30,32.7,0.0,5.4,749.0,1
2026-04-30T14:00,2026-04-30,14,Thursday,4,0,31.2,31,30.8,0.0,10.1,621.0,1
2026-04-30T15:00,2026-04-30,15,Thursday,4,0,26.2,51,26.6,1.1,9.7,365.0,1
2026-04-30T16:00,2026-04-30,16,Thursday,4,0,27.9,40,27.5,0.0,9.1,346.0,1
2026-04-30T17:00,2026-04-30,17,Thursday,4,0,25.0,57,25.7,0.0,10.1,272.0,1
2026-04-30T18:00,2026-04-30,18,Thursday,4,0,25.5,56,26.7,0.0,6.6,103.0,1
2026-04-30T19:00,2026-04-30,19,Thursday,4,0,23.9,65,25.7,0.0,3.9,21.0,0
2026-04-30T20:00,2026-04-30,20,Thursday,4,0,23.1,70,25.6,0.0,1.3,0.0,0
2026-04-30T21:00,2026-04-30,21,Thursday,4,0,21.6,78,24.0,0.0,3.1,0.0,0
2026-04-30T22:00,2026-04-30,22,Thursday,4,0,20.3,83,22.4,0.0,3.5,0.0,0
2026-04-30T23:00,2026-04-30,23,Thursday,4,0,20.1,85,22.5,0.0,2.5,0.0,0
2026-05-01T00:00,2026-05-01,0,Friday,5,1,20.0,85,22.2,0.0,2.9,0.0,0
2026-05-01T01:00,2026-05-01,1,Friday,5,1,19.5,84,21.6,0.0,2.4,0.0,0
2026-05-01T02:00,2026-05-01,2,Friday,5,1,18.8,85,20.5,0.0,3.1,0.0,0
2026-05-01T03:00,2026-05-01,3,Friday,5,1,18.2,85,19.6,0.0,3.7,0.0,0
2026-05-01T04:00,2026-05-01,4,Friday,5,1,17.9,85,19.2,0.0,3.1,0.0,0
2026-05-01T05:00,2026-05-01,5,Friday,5,1,18.1,89,20.1,0.0,1.1,0.0,0
2026-05-01T06:00,2026-05-01,6,Friday,5,1,18.5,85,20.2,0.0,2.8,16.0,1
2026-05-01T07:00,2026-05-01,7,Friday,5,1,21.5,73,23.3,0.0,2.7,136.0,1
2026-05-01T08:00,2026-05-01,8,Friday,5,1,25.3,53,26.9,0.0,0.5,326.0,1
2026-05-01T09:00,2026-05-01,9,Friday,5,1,28.1,38,28.7,0.0,2.0,523.0,1
2026-05-01T10:00,2026-05-01,10,Friday,5,1,30.5,31,31.6,0.0,2.1,696.0,1
2026-05-01T11:00,2026-05-01,11,Friday,5,1,31.2,28,32.4,0.0,5.5,821.0,1
2026-05-01T12:00,2026-05-01,12,Friday,5,1,32.3,27,33.7,0.0,7.1,895.0,1
2026-05-01T13:00,2026-05-01,13,Friday,5,1,33.2,25,34.6,0.0,5.9,887.0,1
2026-05-01T14:00,2026-05-01,14,Friday,5,1,33.7,23,34.4,0.0,5.9,815.0,1
2026-05-01T15:00,2026-05-01,15,Friday,5,1,33.5,22,32.5,0.0,8.8,647.0,1
2026-05-01T16:00,2026-05-01,16,Friday,5,1,33.2,22,31.6,0.0,8.9,539.0,1
2026-05-01T17:00,2026-05-01,17,Friday,5,1,32.8,21,31.4,0.0,5.4,345.0,1
2026-05-01T18:00,2026-05-01,18,Friday,5,1,30.7,39,32.0,0.0,2.7,156.0,1
2026-05-01T19:00,2026-05-01,19,Friday,5,1,27.8,34,27.3,0.0,4.0,27.0,0
2026-05-01T20:00,2026-05-01,20,Friday,5,1,25.5,42,25.4,0.0,4.8,0.0,0
2026-05-01T21:00,2026-05-01,21,Friday,5,1,23.1,56,23.7,0.0,4.6,0.0,0
2026-05-01T22:00,2026-05-01,22,Friday,5,1,21.5,66,22.4,0.0,4.8,0.0,0
2026-05-01T23:00,2026-05-01,23,Friday,5,1,23.2,60,24.7,0.0,1.3,0.0,0
2026-05-02T00:00,2026-05-02,0,Saturday,5,1,22.2,61,23.1,0.0,3.9,0.0,0
2026-05-02T01:00,2026-05-02,1,Saturday,5,1,20.9,66,21.8,0.0,3.6,0.0,0
2026-05-02T02:00,2026-05-02,2,Saturday,5,1,19.8,72,20.8,0.0,3.3,0.0,0
2026-05-02T03:00,2026-05-02,3,Saturday,5,1,19.2,75,20.2,0.0,4.3,0.0,0
2026-05-02T04:00,2026-05-02,4,Saturday,5,1,18.9,77,19.9,0.0,3.8,0.0,0
2026-05-02T05:00,2026-05-02,5,Saturday,5,1,19.5,74,21.0,0.0,1.3,0.0,0
2026-05-02T06:00,2026-05-02,6,Saturday,5,1,19.9,72,20.7,0.0,4.3,17.0,1
2026-05-02T07:00,2026-05-02,7,Saturday,5,1,23.1,59,24.2,0.0,2.6,139.0,1
2026-05-02T08:00,2026-05-02,8,Saturday,5,1,26.6,47,27.6,0.0,2.6,330.0,1
2026-05-02T09:00,2026-05-02,9,Saturday,5,1,29.6,34,29.6,0.0,4.5,527.0,1
2026-05-02T10:00,2026-05-02,10,Saturday,5,1,32.1,28,32.9,0.0,3.9,697.0,1
2026-05-02T11:00,2026-05-02,11,Saturday,5,1,32.8,24,34.2,0.0,2.2,815.0,1
2026-05-02T12:00,2026-05-02,12,Saturday,5,1,34.2,22,35.7,0.0,3.4,888.0,1
2026-05-02T13:00,2026-05-02,13,Saturday,5,1,34.7,20,35.7,0.0,3.7,845.0,1
2026-05-02T14:00,2026-05-02,14,Saturday,5,1,35.2,21,35.6,0.0,6.8,815.0,1
2026-05-02T15:00,2026-05-02,15,Saturday,5,1,34.2,22,32.7,0.0,9.7,507.0,1
2026-05-02T16:00,2026-05-02,16,Saturday,5,1,34.2,22,33.4,0.0,3.8,470.0,1
2026-05-02T17:00,2026-05-02,17,Saturday,5,1,34.0,19,31.2,0.0,14.8,338.0,1
2026-05-02T18:00,2026-05-02,18,Saturday,5,1,30.1,29,28.8,0.0,9.0,112.0,1
2026-05-02T19:00,2026-05-02,19,Saturday,5,1,28.4,35,27.6,0.0,8.1,21.0,0
2026-05-02T20:00,2026-05-02,20,Saturday,5,1,26.6,40,26.5,0.0,4.9,0.0,0
2026-05-02T21:00,2026-05-02,21,Saturday,5,1,24.7,47,24.7,0.0,5.6,0.0,0
2026-05-02T22:00,2026-05-02,22,Saturday,5,1,23.8,50,23.8,0.0,5.6,0.0,0
2026-05-02T23:00,2026-05-02,23,Saturday,5,1,24.5,47,22.8,0.0,16.3,0.0,0
2026-05-03T00:00,2026-05-03,0,Sunday,5,1,23.4,52,23.0,0.0,8.5,0.0,0
2026-05-03T01:00,2026-05-03,1,Sunday,5,1,22.2,60,23.3,0.0,0.9,0.0,0
2026-05-03T02:00,2026-05-03,2,Sunday,5,1,21.6,61,21.7,0.0,7.7,0.0,0
2026-05-03T03:00,2026-05-03,3,Sunday,5,1,20.2,66,20.9,0.0,3.1,0.0,0
2026-05-03T04:00,2026-05-03,4,Sunday,5,1,20.2,67,21.4,0.0,0.5,0.0,0
2026-05-03T05:00,2026-05-03,5,Sunday,5,1,19.5,82,21.7,0.0,0.2,0.0,0
2026-05-03T06:00,2026-05-03,6,Sunday,5,1,18.9,87,20.8,0.0,2.1,18.0,1
2026-05-03T07:00,2026-05-03,7,Sunday,5,1,21.6,72,23.4,0.0,2.7,140.0,1
2026-05-03T08:00,2026-05-03,8,Sunday,5,1,24.1,59,25.5,0.0,3.3,330.0,1
2026-05-03T09:00,2026-05-03,9,Sunday,5,1,26.9,43,27.3,0.0,4.4,528.0,1
2026-05-03T10:00,2026-05-03,10,Sunday,5,1,28.7,36,29.6,0.0,4.2,698.0,1
2026-05-03T11:00,2026-05-03,11,Sunday,5,1,29.7,32,30.8,0.0,6.7,823.0,1
2026-05-03T12:00,2026-05-03,12,Sunday,5,1,31.0,30,32.5,0.0,7.4,893.0,1
2026-05-03T13:00,2026-05-03,13,Sunday,5,1,31.5,29,32.8,0.0,7.9,881.0,1
2026-05-03T14:00,2026-05-03,14,Sunday,5,1,31.1,29,31.2,0.0,11.3,793.0,1
2026-05-03T15:00,2026-05-03,15,Sunday,5,1,30.9,27,30.3,0.0,8.5,662.0,1
2026-05-03T16:00,2026-05-03,16,Sunday,5,1,31.0,25,29.4,0.0,8.7,426.0,1
2026-05-03T17:00,2026-05-03,17,Sunday,5,1,30.9,22,29.8,0.0,1.8,212.0,1
2026-05-03T18:00,2026-05-03,18,Sunday,5,1,29.1,40,30.0,0.0,2.8,161.0,1
2026-05-03T19:00,2026-05-03,19,Sunday,5,1,27.1,31,26.2,0.0,3.6,26.0,0
2026-05-03T20:00,2026-05-03,20,Sunday,5,1,26.0,36,24.0,0.0,13.8,0.0,0
2026-05-03T21:00,2026-05-03,21,Sunday,5,1,24.0,44,23.1,0.0,8.2,0.0,0
2026-05-03T22:00,2026-05-03,22,Sunday,5,1,22.8,49,22.1,0.0,7.9,0.0,0
2026-05-03T23:00,2026-05-03,23,Sunday,5,1,23.1,55,22.9,0.0,9.2,0.0,0
2026-05-04T00:00,2026-05-04,0,Monday,5,0,22.5,57,22.5,0.0,6.9,0.0,0
2026-05-04T01:00,2026-05-04,1,Monday,5,0,21.2,62,21.9,0.0,4.0,0.0,0
2026-05-04T02:00,2026-05-04,2,Monday,5,0,20.8,63,21.6,0.0,1.5,0.0,0
2026-05-04T03:00,2026-05-04,3,Monday,5,0,20.2,66,20.6,0.0,5.3,0.0,0
2026-05-04T04:00,2026-05-04,4,Monday,5,0,19.8,66,20.1,0.0,4.7,0.0,0
2026-05-04T05:00,2026-05-04,5,Monday,5,0,19.8,62,19.9,0.0,3.8,0.0,0
2026-05-04T06:00,2026-05-04,6,Monday,5,0,19.8,69,20.5,0.0,3.3,18.0,1
2026-05-04T07:00,2026-05-04,7,Monday,5,0,22.1,61,22.3,0.0,8.8,136.0,1
2026-05-04T08:00,2026-05-04,8,Monday,5,0,23.7,55,24.6,0.0,3.2,279.0,1
2026-05-04T09:00,2026-05-04,9,Monday,5,0,26.4,46,27.3,0.0,2.3,458.0,1
2026-05-04T10:00,2026-05-04,10,Monday,5,0,29.1,36,30.1,0.0,3.6,667.0,1
2026-05-04T11:00,2026-05-04,11,Monday,5,0,28.1,33,28.0,0.0,11.5,808.0,1
2026-05-04T12:00,2026-05-04,12,Monday,5,0,30.5,26,30.3,0.0,8.2,777.0,1
2026-05-04T13:00,2026-05-04,13,Monday,5,0,25.8,47,25.6,1.2,11.3,622.0,1
2026-05-04T14:00,2026-05-04,14,Monday,5,0,27.0,41,27.4,0.0,2.3,405.0,1
2026-05-04T15:00,2026-05-04,15,Monday,5,0,25.8,46,25.5,0.1,8.9,367.0,1
2026-05-04T16:00,2026-05-04,16,Monday,5,0,26.9,41,26.9,0.0,5.9,418.0,1
2026-05-04T17:00,2026-05-04,17,Monday,5,0,28.2,30,26.1,0.0,12.5,266.0,1
2026-05-04T18:00,2026-05-04,18,Monday,5,0,26.0,43,24.6,0.0,14.9,140.0,1
2026-05-04T19:00,2026-05-04,19,Monday,5,0,23.4,58,24.7,0.0,0.7,28.0,0
2026-05-04T20:00,2026-05-04,20,Monday,5,0,21.8,60,22.2,0.0,5.3,0.0,0
2026-05-04T21:00,2026-05-04,21,Monday,5,0,21.4,60,21.3,0.0,7.4,0.0,0
2026-05-04T22:00,2026-05-04,22,Monday,5,0,20.2,61,20.1,0.0,6.3,0.0,0
2026-05-04T23:00,2026-05-04,23,Monday,5,0,19.1,64,19.6,0.0,1.2,0.0,0
2026-05-05T00:00,2026-05-05,0,Tuesday,5,0,18.1,69,18.7,0.0,1.1,0.0,0
2026-05-05T01:00,2026-05-05,1,Tuesday,5,0,17.8,71,18.2,0.0,1.8,0.0,0
2026-05-05T02:00,2026-05-05,2,Tuesday,5,0,17.1,75,17.2,0.0,5.0,0.0,0
2026-05-05T03:00,2026-05-05,3,Tuesday,5,0,16.3,76,16.5,0.0,3.5,0.0,0
2026-05-05T04:00,2026-05-05,4,Tuesday,5,0,15.9,75,15.9,0.0,3.3,0.0,0
2026-05-05T05:00,2026-05-05,5,Tuesday,5,0,17.4,72,17.9,0.0,2.0,0.0,0
2026-05-05T06:00,2026-05-05,6,Tuesday,5,0,17.9,73,18.3,0.0,3.1,19.0,1
2026-05-05T07:00,2026-05-05,7,Tuesday,5,0,20.8,59,21.0,0.0,3.4,144.0,1
2026-05-05T08:00,2026-05-05,8,Tuesday,5,0,23.9,48,24.3,0.0,1.4,333.0,1
2026-05-05T09:00,2026-05-05,9,Tuesday,5,0,26.8,36,26.5,0.0,2.6,530.0,1
2026-05-05T10:00,2026-05-05,10,Tuesday,5,0,28.9,29,29.5,0.0,1.7,698.0,1
2026-05-05T11:00,2026-05-05,11,Tuesday,5,0,29.4,26,29.5,0.0,5.9,792.0,1
2026-05-05T12:00,2026-05-05,12,Tuesday,5,0,30.1,25,30.4,0.0,7.1,853.0,1
2026-05-05T13:00,2026-05-05,13,Tuesday,5,0,30.6,24,31.3,0.0,5.5,866.0,1
2026-05-05T14:00,2026-05-05,14,Tuesday,5,0,31.0,22,31.4,0.0,3.2,790.0,1
2026-05-05T15:00,2026-05-05,15,Tuesday,5,0,31.4,22,31.3,0.0,0.5,657.0,1
2026-05-05T16:00,2026-05-05,16,Tuesday,5,0,31.4,22,30.2,0.0,3.6,457.0,1
2026-05-05T17:00,2026-05-05,17,Tuesday,5,0,30.7,22,28.5,0.0,8.7,323.0,1
2026-05-05T18:00,2026-05-05,18,Tuesday,5,0,28.9,28,27.6,0.0,5.6,165.0,1
2026-05-05T19:00,2026-05-05,19,Tuesday,5,0,25.5,34,24.3,0.0,5.8,31.0,0
2026-05-05T20:00,2026-05-05,20,Tuesday,5,0,23.5,45,22.9,0.0,5.9,0.0,0
2026-05-05T21:00,2026-05-05,21,Tuesday,5,0,21.2,58,21.4,0.0,5.1,0.0,0
2026-05-05T22:00,2026-05-05,22,Tuesday,5,0,19.5,67,20.0,0.0,3.6,0.0,0
2026-05-05T23:00,2026-05-05,23,Tuesday,5,0,19.2,73,20.4,0.0,1.6,0.0,0
2026-05-06T00:00,2026-05-06,0,Wednesday,5,0,19.0,73,19.6,0.0,4.0,0.0,0
2026-05-06T01:00,2026-05-06,1,Wednesday,5,0,18.5,73,19.1,0.0,3.3,0.0,0
2026-05-06T02:00,2026-05-06,2,Wednesday,5,0,17.9,74,18.4,0.0,3.9,0.0,0
2026-05-06T03:00,2026-05-06,3,Wednesday,5,0,17.5,76,18.2,0.0,2.5,0.0,0
2026-05-06T04:00,2026-05-06,4,Wednesday,5,0,17.1,78,18.1,0.0,0.8,0.0,0
2026-05-06T05:00,2026-05-06,5,Wednesday,5,0,18.1,78,19.5,0.0,0.4,0.0,0
2026-05-06T06:00,2026-05-06,6,Wednesday,5,0,18.7,74,19.6,0.0,2.7,20.0,1
2026-05-06T07:00,2026-05-06,7,Wednesday,5,0,21.4,60,21.9,0.0,3.6,147.0,1
2026-05-06T08:00,2026-05-06,8,Wednesday,5,0,24.6,45,24.9,0.0,2.7,338.0,1
2026-05-06T09:00,2026-05-06,9,Wednesday,5,0,27.5,36,27.2,0.0,4.8,536.0,1
2026-05-06T10:00,2026-05-06,10,Wednesday,5,0,29.9,29,29.8,0.0,6.4,708.0,1
2026-05-06T11:00,2026-05-06,11,Wednesday,5,0,31.0,28,31.6,0.0,7.6,834.0,1
2026-05-06T12:00,2026-05-06,12,Wednesday,5,0,31.8,26,33.4,0.0,4.4,897.0,1
2026-05-06T13:00,2026-05-06,13,Wednesday,5,0,32.2,22,32.9,0.0,3.8,840.0,1
2026-05-06T14:00,2026-05-06,14,Wednesday,5,0,32.5,20,32.7,0.0,1.9,725.0,1
2026-05-06T15:00,2026-05-06,15,Wednesday,5,0,32.5,20,31.7,0.0,2.4,621.0,1
2026-05-06T16:00,2026-05-06,16,Wednesday,5,0,32.3,19,30.9,0.0,2.4,492.0,1
2026-05-06T17:00,2026-05-06,17,Wednesday,5,0,32.5,20,31.3,0.0,2.7,359.0,1
2026-05-06T18:00,2026-05-06,18,Wednesday,5,0,30.6,33,30.9,0.0,3.4,170.0,1
2026-05-06T19:00,2026-05-06,19,Wednesday,5,0,28.0,34,28.0,0.0,2.1,32.0,0
2026-05-06T20:00,2026-05-06,20,Wednesday,5,0,25.4,44,25.7,0.0,2.0,0.0,0
2026-05-06T21:00,2026-05-06,21,Wednesday,5,0,22.8,52,22.7,0.0,5.7,0.0,0
2026-05-06T22:00,2026-05-06,22,Wednesday,5,0,22.0,55,21.9,0.0,6.2,0.0,0
2026-05-06T23:00,2026-05-06,23,Wednesday,5,0,22.4,55,22.4,0.0,5.7,0.0,0
